{
"Versions": [{
    "VersionID" : "demo_version",
    "versionName" : "Demo Version",
    "TierID" : 1,
    "Tool" : "ALM"
},
{
    "VersionID" : "demo_version",
    "versionName" : "Demo Version",
    "TierID" : 1,
    "Tool" : "JIRA"
},
{
    "VersionID" : "lite_version",
    "versionName" : "Lite Version",
    "TierID" : 2,
    "Tool" : "ALM"
},
{
    "VersionID" : "lite_version",
    "versionName" : "Lite Version",
    "TierID" : 2,
    "Tool" : "JIRA"
},
{
    "VersionID" : "full_version",
    "versionName" : "Full Version",
    "TierID" : 3,
    "Tool" : "ALM"
},
{
    "VersionID" : "full_version",
    "versionName" : "Full Version",
    "TierID" : 3,
    "Tool" : "JIRA"
}
],
"NoOfTiers": 3
}