{"_id":{"$oid":"59cda1da91542070167b9a37"},"nodeplusrunidkey":"NQALSampleRbd7454d2-9a61-4aed-bea0-c8a7b40fc0b3","runSeqId":"2","runid":"bd7454d2-9a61-4aed-bea0-c8a7b40fc0b3","nodename":"QA","cookbookname":"Sample","starttime":"2019-01-25 03:27:30 ","endtime":"2019-01-25 03:27:31 ","status":"success","creationTime":{"$date":"2019-05-25T03:27:30.000Z"}}
{"_id":{"$oid":"59cda1da91542070167b9a39"},"nodeplusrunidkey":"NDevLSampleR83d769f7-9db7-47e0-8f6d-7abe761cc4de","runSeqId":"4","runid":"83d769f7-9db7-47e0-8f6d-7abe761cc4de","nodename":"Dev","cookbookname":"Sample","starttime":"2019-01-24 15:34:29 ","endtime":"2019-01-24 15:34:34 ","status":"success","creationTime":{"$date":"2019-04-24T15:34:29.000Z"}}
{"_id":{"$oid":"59cda1da91542070167b9a3b"},"nodeplusrunidkey":"NDevLSampleRa27c4e26-69f8-4624-9e91-a34c32c98dd9","runSeqId":"6","runid":"a27c4e26-69f8-4624-9e91-a34c32c98dd9","nodename":"Dev","cookbookname":"Sample","starttime":"2019-02-24 15:30:05 ","endtime":"2019-02-24 15:30:05 ","status":"failure","creationTime":{"$date":"2019-02-24T15:30:05.000Z"}}
{"_id":{"$oid":"59cda1da91542070167b9a3d"},"nodeplusrunidkey":"NDevLSampleR04aa8353-e926-4eb3-ad44-5fc4982d7bfc","runSeqId":"8","runid":"04aa8353-e926-4eb3-ad44-5fc4982d7bfc","nodename":"Dev","cookbookname":"Sample","starttime":"2019-01-24 14:10:29 ","endtime":"2019-01-24 14:10:35 ","status":"success","creationTime":{"$date":"2019-03-24T14:10:29.000Z"}}
{"_id":{"$oid":"59cda1da91542070167b9a3f"},"nodeplusrunidkey":"NQALTaxi4UR156891e3-8c0a-4774-95c6-c0640fb95e60","runSeqId":"10","runid":"156891e3-8c0a-4774-95c6-c0640fb95e60","nodename":"QA","cookbookname":"Taxi4U","starttime":"2020-03-19 01:20:40 ","endtime":"2020-03-19 07:20:46 ","status":"success","creationTime":{"$date":"2020-03-19T01:20:40.000Z"}}
{"_id":{"$oid":"59cda1da91542070167b9a41"},"nodeplusrunidkey":"NQALTaxi4URdc416430-746b-4357-a041-bfaeb3c67fd0","runSeqId":"12","runid":"dc416430-746b-4357-a041-bfaeb3c67fd0","nodename":"QA","cookbookname":"Taxi4U","starttime":"2019-02-13 14:00:06 ","endtime":"2019-02-13 14:00:12 ","status":"success","creationTime":{"$date":"2019-04-13T14:00:06.000Z"}}
{"_id":{"$oid":"59cda1da91542070167b9a43"},"nodeplusrunidkey":"NQALTaxi4UR6106b110-de9f-445d-99b6-27829b233684","runSeqId":"14","runid":"6106b110-de9f-445d-99b6-27829b233684","nodename":"QA","cookbookname":"Taxi4U","starttime":"2019-02-13 13:04:52 ","endtime":"2019-02-13 13:04:58 ","status":"success","creationTime":{"$date":"2019-05-13T13:04:52.000Z"}}
{"_id":{"$oid":"59cda1da91542070167b9a45"},"nodeplusrunidkey":"NQALTaxi4UR5436ec9a-9c72-4444-a87e-ae86bbe8b219","runSeqId":"16","runid":"5436ec9a-9c72-4444-a87e-ae86bbe8b219","nodename":"QA","cookbookname":"Taxi4U","starttime":"2019-02-13 03:45:28 ","endtime":"2019-02-13 03:45:34 ","status":"success","creationTime":{"$date":"2019-05-06T03:45:28.000Z"}}
{"_id":{"$oid":"59cda1da91542070167b9a47"},"nodeplusrunidkey":"NQALTaxi4UR0fef4836-0f93-4fd5-bfb0-81bc0947feb9","runSeqId":"18","runid":"0fef4836-0f93-4fd5-bfb0-81bc0947feb9","nodename":"QA","cookbookname":"Taxi4U","starttime":"2019-02-12 20:47:34 ","endtime":"2019-02-12 20:47:39 ","status":"success","creationTime":{"$date":"2019-02-12T20:47:34.000Z"}}
{"_id":{"$oid":"59cda1da91542070167b9a49"},"nodeplusrunidkey":"NQALTaxi4UR0a509c19-6268-4442-9b5d-cbdc727d8baa","runSeqId":"20","runid":"0a509c19-6268-4442-9b5d-cbdc727d8baa","nodename":"QA","cookbookname":"Taxi4U","starttime":"2019-02-12 18:45:43 ","endtime":"2019-02-12 18:45:49 ","status":"success","creationTime":{"$date":"2019-02-12T18:45:43.000Z"}}
{"_id":{"$oid":"59cda1da91542070167b9a4b"},"nodeplusrunidkey":"NQALTaxi4UR30d2f2aa-a034-41aa-bec4-bfdd0d8bf3f6","runSeqId":"22","runid":"30d2f2aa-a034-41aa-bec4-bfdd0d8bf3f6","nodename":"QA","cookbookname":"Taxi4U","starttime":"2019-02-12 18:44:13 ","endtime":"2019-02-12 18:44:18 ","status":"success","creationTime":{"$date":"2019-02-12T18:44:13.000Z"}}
{"_id":{"$oid":"59cda1da91542070167b9a4d"},"nodeplusrunidkey":"NQALTaxi4URec912839-93ba-4965-ba3f-259e60e0fcba","runSeqId":"24","runid":"ec912839-93ba-4965-ba3f-259e60e0fcba","nodename":"QA","cookbookname":"Taxi4U","starttime":"2019-02-12 12:58:43 ","endtime":"2019-02-12 12:58:49 ","status":"success","creationTime":{"$date":"2019-02-12T12:58:43.000Z"}}
{"_id":{"$oid":"59cda1da91542070167b9a4f"},"nodeplusrunidkey":"NQALTaxi4UR725a17e3-08b0-4977-816e-9d2d1ded6e19","runSeqId":"26","runid":"725a17e3-08b0-4977-816e-9d2d1ded6e19","nodename":"QA","cookbookname":"Taxi4U","starttime":"2019-02-12 12:11:12 ","endtime":"2019-02-12 12:11:18 ","status":"success","creationTime":{"$date":"2019-02-12T12:11:12.000Z"}}
{"_id":{"$oid":"59cda1da91542070167b9a51"},"nodeplusrunidkey":"NQALTaxi4URede924a6-5a6f-483c-8e54-976549187cfd","runSeqId":"28","runid":"ede924a6-5a6f-483c-8e54-976549187cfd","nodename":"QA","cookbookname":"Taxi4U","starttime":"2019-02-12 12:04:46 ","endtime":"2019-02-12 12:04:51 ","status":"success","creationTime":{"$date":"2019-02-12T12:04:46.000Z"}}
{"_id":{"$oid":"59cda1da91542070167b9a53"},"nodeplusrunidkey":"NQALTaxi4URa855a4f0-ca98-4cef-9a89-1d4dea91d914","runSeqId":"30","runid":"a855a4f0-ca98-4cef-9a89-1d4dea91d914","nodename":"QA","cookbookname":"Taxi4U","starttime":"2019-02-12 01:40:04 ","endtime":"2019-02-12 01:40:10 ","status":"success","creationTime":{"$date":"2019-02-12T01:40:04.000Z"}}
{"_id":{"$oid":"59cda1da91542070167b9a55"},"nodeplusrunidkey":"NQALTaxi4UR6cf4970d-4398-4c73-8e74-0d3b441fa38a","runSeqId":"32","runid":"6cf4970d-4398-4c73-8e74-0d3b441fa38a","nodename":"QA","cookbookname":"Taxi4U","starttime":"2019-02-12 01:37:38 ","endtime":"2019-02-12 01:37:44 ","status":"success","creationTime":{"$date":"2019-02-12T01:37:38.000Z"}}
{"_id":{"$oid":"59cda1da91542070167b9a57"},"nodeplusrunidkey":"NQALTaxi4UR5d20e418-b879-4e5b-8b37-6dd9631df1c9","runSeqId":"34","runid":"5d20e418-b879-4e5b-8b37-6dd9631df1c9","nodename":"QA","cookbookname":"Taxi4U","starttime":"2019-02-08 20:33:38 ","endtime":"2019-02-08 20:33:44 ","status":"success","creationTime":{"$date":"2019-02-08T20:33:38.000Z"}}
{"_id":{"$oid":"59cda1da91542070167b9a59"},"nodeplusrunidkey":"NQALTaxi4UR9dcfd090-718f-4750-a61f-f394ceb1c958","runSeqId":"36","runid":"9dcfd090-718f-4750-a61f-f394ceb1c958","nodename":"QA","cookbookname":"Taxi4U","starttime":"2019-02-08 20:30:44 ","endtime":"2019-02-08 20:30:49 ","status":"success","creationTime":{"$date":"2019-02-08T20:30:44.000Z"}}
{"_id":{"$oid":"59cda1da91542070167b9a5b"},"nodeplusrunidkey":"NQALTaxi4UR7a5ba514-745d-4f94-924a-fab0ccb6a3e6","runSeqId":"38","runid":"7a5ba514-745d-4f94-924a-fab0ccb6a3e6","nodename":"QA","cookbookname":"Taxi4U","starttime":"2019-02-08 16:47:22 ","endtime":"2019-02-08 16:47:27 ","status":"success","creationTime":{"$date":"2019-02-08T16:47:22.000Z"}}
{"_id":{"$oid":"59cda1da91542070167b9a5d"},"nodeplusrunidkey":"NQALTaxi4UR455f91f9-94b4-41e5-9c21-28126929d767","runSeqId":"40","runid":"455f91f9-94b4-41e5-9c21-28126929d767","nodename":"QA","cookbookname":"Taxi4U","starttime":"2019-02-08 16:42:04 ","endtime":"2019-02-08 16:42:10 ","status":"success","creationTime":{"$date":"2019-02-08T16:42:04.000Z"}}
{"_id":{"$oid":"59cda1da91542070167b9a5f"},"nodeplusrunidkey":"NQALTaxi4UR9c720ce5-c4f4-4540-866d-fb9a7f41ff01","runSeqId":"42","runid":"9c720ce5-c4f4-4540-866d-fb9a7f41ff01","nodename":"QA","cookbookname":"Taxi4U","starttime":"2019-02-08 16:22:57 ","endtime":"2019-02-08 16:23:03 ","status":"success","creationTime":{"$date":"2019-02-08T16:22:57.000Z"}}
{"_id":{"$oid":"59cda1da91542070167b9a61"},"nodeplusrunidkey":"NQALTaxi4UR7f9ad05b-4133-4024-9c4b-fac38d132962","runSeqId":"44","runid":"7f9ad05b-4133-4024-9c4b-fac38d132962","nodename":"QA","cookbookname":"Taxi4U","starttime":"2019-02-08 12:56:09 ","endtime":"2019-02-08 12:56:15 ","status":"success","creationTime":{"$date":"2019-02-08T12:56:09.000Z"}}
{"_id":{"$oid":"59cda1da91542070167b9a63"},"nodeplusrunidkey":"NQALTaxi4URfbede26d-99b7-4d35-af3d-a5cb8761c105","runSeqId":"46","runid":"fbede26d-99b7-4d35-af3d-a5cb8761c105","nodename":"QA","cookbookname":"Taxi4U","starttime":"2019-02-05 12:57:17 ","endtime":"2019-02-05 12:57:22 ","status":"success","creationTime":{"$date":"2019-02-05T12:57:17.000Z"}}
{"_id":{"$oid":"59cda1da91542070167b9a65"},"nodeplusrunidkey":"NQALTaxi4URc96b4894-3b2a-4d2f-bac6-9c1c82504e7e","runSeqId":"48","runid":"c96b4894-3b2a-4d2f-bac6-9c1c82504e7e","nodename":"QA","cookbookname":"Taxi4U","starttime":"2019-02-05 12:18:50 ","endtime":"2019-02-05 12:18:56 ","status":"success","creationTime":{"$date":"2019-02-05T12:18:50.000Z"}}
{"_id":{"$oid":"59cda1da91542070167b9a67"},"nodeplusrunidkey":"NQALTaxi4URe7af24d0-4e86-4f33-8908-3619fba6036d","runSeqId":"50","runid":"e7af24d0-4e86-4f33-8908-3619fba6036d","nodename":"QA","cookbookname":"Taxi4U","starttime":"2019-02-01 12:22:29 ","endtime":"2019-02-01 12:22:35 ","status":"success","creationTime":{"$date":"2019-02-01T12:22:29.000Z"}}
{"_id":{"$oid":"59cda1da91542070167b9a69"},"nodeplusrunidkey":"NQALTaxi4UR2badc1b7-a44b-4d00-aa92-1d20672b3481","runSeqId":"52","runid":"2badc1b7-a44b-4d00-aa92-1d20672b3481","nodename":"QA","cookbookname":"Taxi4U","starttime":"2019-02-01 03:06:31 ","endtime":"2019-02-01 03:06:37 ","status":"success","creationTime":{"$date":"2019-02-01T03:06:31.000Z"}}
{"_id":{"$oid":"59cda1da91542070167b9a6b"},"nodeplusrunidkey":"NQALTaxi4UR04be5699-1a0b-4395-87b7-6b30a450a22f","runSeqId":"54","runid":"04be5699-1a0b-4395-87b7-6b30a450a22f","nodename":"QA","cookbookname":"Taxi4U","starttime":"2019-01-25 04:40:54 ","endtime":"2019-01-25 04:41:00 ","status":"success","creationTime":{"$date":"2019-01-25T04:40:54.000Z"}}
{"_id":{"$oid":"59cda1da91542070167b9a6d"},"nodeplusrunidkey":"NQALTaxi4UR3405709b-abb8-4ef1-b7e9-792d5a200565","runSeqId":"56","runid":"3405709b-abb8-4ef1-b7e9-792d5a200565","nodename":"QA","cookbookname":"Taxi4U","starttime":"2019-01-25 03:50:19 ","endtime":"2019-01-25 04:03:28 ","status":"failure","creationTime":{"$date":"2019-01-25T03:50:19.000Z"}}
{"_id":{"$oid":"59cda1da91542070167b9a6f"},"nodeplusrunidkey":"NQALTaxi4UR4ccebe8c-6d48-44c4-8675-5dc292f5b0e5","runSeqId":"58","runid":"4ccebe8c-6d48-44c4-8675-5dc292f5b0e5","nodename":"QA","cookbookname":"Taxi4U","starttime":"2019-02-25 03:47:51 ","endtime":"2019-02-25 03:47:51 ","status":"failure","creationTime":{"$date":"2019-02-25T03:47:51.000Z"}}
{"_id":{"$oid":"59cda1da91542070167b9a71"},"nodeplusrunidkey":"NQALTaxi4UR13d9f900-06ac-44b4-b33c-1a595fcbcc9a","runSeqId":"60","runid":"13d9f900-06ac-44b4-b33c-1a595fcbcc9a","nodename":"QA","cookbookname":"Taxi4U","starttime":"2019-01-25 03:33:53 ","endtime":"2019-01-25 03:33:54 ","status":"failure","creationTime":{"$date":"2019-01-25T03:33:53.000Z"}}
{"_id":{"$oid":"59cda1da91542070167b9a73"},"nodeplusrunidkey":"NQALTaxi4URbd7454d2-9a61-4aed-bea0-c8a7b40fc0b3","runSeqId":"62","runid":"bd7454d2-9a61-4aed-bea0-c8a7b40fc0b3","nodename":"QA","cookbookname":"Taxi4U","starttime":"2019-01-25 03:27:30 ","endtime":"2019-01-25 03:27:31 ","status":"failure","creationTime":{"$date":"2019-01-25T03:27:30.000Z"}}
{"_id":{"$oid":"59cda1da91542070167b9a75"},"nodeplusrunidkey":"NDevLTaxi4URa27c4e26-69f8-4624-9e91-a34c32c98dd9","runSeqId":"64","runid":"a27c4e26-69f8-4624-9e91-a34c32c98dd9","nodename":"Dev","cookbookname":"iDashboard UI","starttime":"2020-01-24 15:30:05 ","endtime":"2020-01-24 15:30:05 ","status":"success","creationTime":{"$date":"2020-01-24T15:30:05.000Z"}}
{"_id":{"$oid":"59cda1da91542070167b9a77"},"nodeplusrunidkey":"NDevLTaxi4UR04aa8353-e926-4eb3-ad44-5fc4982d7bfc","runSeqId":"66","runid":"04aa8353-e926-4eb3-ad44-5fc4982d7bfc","nodename":"Dev","cookbookname":"Taxi4U","starttime":"2019-01-24 14:10:29 ","endtime":"2019-01-24 14:10:35 ","status":"success","creationTime":{"$date":"2019-01-24T14:10:29.000Z"}}
{"_id":{"$oid":"59cda1da91542070167b9a79"},"nodeplusrunidkey":"NDevLTaxi4UR496746d4-acbb-4d2a-9e82-3e61b6278cca","runSeqId":"68","runid":"496746d4-acbb-4d2a-9e82-3e61b6278cca","nodename":"Dev","cookbookname":"Taxi4U","starttime":"2019-01-22 13:18:14 ","endtime":"2019-01-22 13:18:15 ","status":"success","creationTime":{"$date":"2019-01-22T13:18:14.000Z"}}
{"_id":{"$oid":"59cda1da91542070167b9a7b"},"nodeplusrunidkey":"NDevLTaxi4UR005c8133-13de-4c85-a14b-ec60679d5a2d","runSeqId":"70","runid":"005c8133-13de-4c85-a14b-ec60679d5a2d","nodename":"Dev","cookbookname":"Taxi4U","starttime":"2019-01-17 20:11:17 ","endtime":"2019-01-17 20:11:18 ","status":"success","creationTime":{"$date":"2019-01-17T20:11:17.000Z"}}
{"_id":{"$oid":"59cda1da91542070167b9a7d"},"nodeplusrunidkey":"NDevLTaxi4UR62c96b15-17cd-45db-afdf-f406992fb88d","runSeqId":"72","runid":"62c96b15-17cd-45db-afdf-f406992fb88d","nodename":"Dev","cookbookname":"Taxi4U","starttime":"2019-01-16 13:17:16 ","endtime":"2019-01-16 13:17:17 ","status":"success","creationTime":{"$date":"2019-01-16T13:17:16.000Z"}}
{"_id":{"$oid":"59cda1da91542070167b9a7f"},"nodeplusrunidkey":"NDevLTaxi4URe6dcced2-69e6-41fa-b15c-eafc3d7d5263","runSeqId":"74","runid":"e6dcced2-69e6-41fa-b15c-eafc3d7d5263","nodename":"Dev","cookbookname":"Taxi4U","starttime":"2019-01-16 08:12:15 ","endtime":"2019-01-16 08:12:16 ","status":"success","creationTime":{"$date":"2019-01-16T08:12:15.000Z"}}
{"_id":{"$oid":"59cda1da91542070167b9a81"},"nodeplusrunidkey":"NDevLTaxi4URd1923a49-b00a-486a-a38d-9dad8c60dcf8","runSeqId":"76","runid":"d1923a49-b00a-486a-a38d-9dad8c60dcf8","nodename":"Dev","cookbookname":"Taxi4U","starttime":"2019-01-16 07:51:23 ","endtime":"2019-01-16 07:51:27 ","status":"success","creationTime":{"$date":"2019-01-16T07:51:23.000Z"}}
{"_id":{"$oid":"59cda1da91542070167b9a83"},"nodeplusrunidkey":"NDevLTaxi4URc11ed7ce-7484-4159-b49d-aada780c9f37","runSeqId":"78","runid":"c11ed7ce-7484-4159-b49d-aada780c9f37","nodename":"Dev","cookbookname":"Taxi4U","starttime":"2019-01-09 20:00:54 ","endtime":"2019-01-09 20:00:57 ","status":"success","creationTime":{"$date":"2019-01-09T20:00:54.000Z"}}
{"_id":{"$oid":"59cda1da91542070167b9a85"},"nodeplusrunidkey":"NDevLTaxi4UR087a6ce3-7195-49dd-be65-b0bfe80e7b25","runSeqId":"80","runid":"087a6ce3-7195-49dd-be65-b0bfe80e7b25","nodename":"Dev","cookbookname":"Taxi4U","starttime":"2019-01-08 21:04:54 ","endtime":"2019-01-08 21:04:55 ","status":"success","creationTime":{"$date":"2019-01-08T21:04:54.000Z"}}
{"_id":{"$oid":"59cda1da91542070167b9a87"},"nodeplusrunidkey":"NDevLTaxi4URf9eb6011-2141-4442-9d46-ac13f8cb8e95","runSeqId":"82","runid":"f9eb6011-2141-4442-9d46-ac13f8cb8e95","nodename":"Dev","cookbookname":"Taxi4U","starttime":"2019-01-08 21:00:54 ","endtime":"2019-01-08 21:00:57 ","status":"success","creationTime":{"$date":"2019-01-08T21:00:54.000Z"}}
{"_id":{"$oid":"59cda1da91542070167b9a89"},"nodeplusrunidkey":"NDevLTaxi4UR402d77fa-d1a2-49d4-9f73-0317e5896fb7","runSeqId":"84","runid":"402d77fa-d1a2-49d4-9f73-0317e5896fb7","nodename":"Dev","cookbookname":"Taxi4U","starttime":"2019-01-08 20:08:54 ","endtime":"2019-01-08 20:08:57 ","status":"success","creationTime":{"$date":"2019-01-08T20:08:54.000Z"}}
{"_id":{"$oid":"59cda1da91542070167b9a8b"},"nodeplusrunidkey":"NDevLTaxi4UR1fbe5154-af8b-40ce-878a-3b7e4ef377b4","runSeqId":"86","runid":"1fbe5154-af8b-40ce-878a-3b7e4ef377b4","nodename":"Dev","cookbookname":"Taxi4U","starttime":"2018-08-08 19:26:54 ","endtime":"2018-08-08 19:26:55 ","status":"success","creationTime":{"$date":"2018-08-08T19:26:54.000Z"}}
{"_id":{"$oid":"59cda1da91542070167b9a8d"},"nodeplusrunidkey":"NDevLTaxi4UR22e1b5ab-21c1-4d41-b864-f0ee22e8009f","runSeqId":"88","runid":"22e1b5ab-21c1-4d41-b864-f0ee22e8009f","nodename":"Dev","cookbookname":"Taxi4U","starttime":"2018-08-08 16:56:53 ","endtime":"2018-08-08 16:56:56 ","status":"success","creationTime":{"$date":"2018-08-08T16:56:53.000Z"}}
{"_id":{"$oid":"59cda1da91542070167b9a8f"},"nodeplusrunidkey":"NDevLTaxi4UR4ad7c09b-ec40-4df1-b114-9101f45d7656","runSeqId":"90","runid":"4ad7c09b-ec40-4df1-b114-9101f45d7656","nodename":"Dev","cookbookname":"Taxi4U","starttime":"2018-08-08 16:54:33 ","endtime":"2018-08-08 16:54:36 ","status":"success","creationTime":{"$date":"2018-08-08T16:54:33.000Z"}}
{"_id":{"$oid":"59cda1da91542070167b9a91"},"nodeplusrunidkey":"NDevLTaxi4UR6fd2b800-149e-4596-b55a-bf608cb2073f","runSeqId":"92","runid":"6fd2b800-149e-4596-b55a-bf608cb2073f","nodename":"Dev","cookbookname":"Taxi4U","starttime":"2018-08-08 16:28:53 ","endtime":"2018-08-08 16:28:56 ","status":"success","creationTime":{"$date":"2018-08-08T16:28:53.000Z"}}
{"_id":{"$oid":"59cda1da91542070167b9a93"},"nodeplusrunidkey":"NDevLTaxi4UR1201b3d0-fd70-4058-9975-f0689e14096b","runSeqId":"94","runid":"1201b3d0-fd70-4058-9975-f0689e14096b","nodename":"Dev","cookbookname":"Taxi4U","starttime":"2018-08-08 00:37:10 ","endtime":"2018-08-08 00:37:15 ","status":"success","creationTime":{"$date":"2018-08-08T00:37:10.000Z"}}
{"_id":{"$oid":"59cda1da91542070167b9a95"},"nodeplusrunidkey":"NDevLTaxi4UR5408a544-7ee4-4d7a-9143-34f3b3d6bf53","runSeqId":"96","runid":"5408a544-7ee4-4d7a-9143-34f3b3d6bf53","nodename":"Dev","cookbookname":"Taxi4U","starttime":"2018-08-08 00:36:30 ","endtime":"2018-08-08 00:36:34 ","status":"success","creationTime":{"$date":"2018-08-08T00:36:30.000Z"}}
{"_id":{"$oid":"59cda1da91542070167b9a97"},"nodeplusrunidkey":"NDevLTaxi4UR9ad763e5-3b32-4492-acfa-63a6d8b3d7c5","runSeqId":"98","runid":"9ad763e5-3b32-4492-acfa-63a6d8b3d7c5","nodename":"Dev","cookbookname":"Taxi4U","starttime":"2018-08-08 00:35:55 ","endtime":"2018-08-08 00:35:59 ","status":"success","creationTime":{"$date":"2018-08-08T00:35:55.000Z"}}
{"_id":{"$oid":"59cda1da91542070167b9a99"},"nodeplusrunidkey":"NDevLTaxi4URa2eff1e6-6427-48a6-a4ef-a914a59b3ade","runSeqId":"100","runid":"a2eff1e6-6427-48a6-a4ef-a914a59b3ade","nodename":"Dev","cookbookname":"Taxi4U","starttime":"2018-08-08 00:34:45 ","endtime":"2018-08-08 00:34:48 ","status":"success","creationTime":{"$date":"2018-08-08T00:34:45.000Z"}}
{"_id":{"$oid":"59cda1da91542070167b9a9b"},"nodeplusrunidkey":"NDevLTaxi4UR1aa11560-3e76-4258-86ce-b66cef05ebf6","runSeqId":"102","runid":"1aa11560-3e76-4258-86ce-b66cef05ebf6","nodename":"Dev","cookbookname":"Taxi4U","starttime":"2018-08-04 20:44:45 ","endtime":"2018-08-04 20:44:50 ","status":"success","creationTime":{"$date":"2018-08-04T20:44:45.000Z"}}
{"_id":{"$oid":"59cda1da91542070167b9a9d"},"nodeplusrunidkey":"NDevLTaxi4UR9a3942e9-587e-4a0e-a0ee-1ceb8f6a1ddf","runSeqId":"104","runid":"9a3942e9-587e-4a0e-a0ee-1ceb8f6a1ddf","nodename":"Dev","cookbookname":"Taxi4U","starttime":"2018-08-04 20:34:03 ","endtime":"2018-08-04 20:34:08 ","status":"success","creationTime":{"$date":"2018-08-04T20:34:03.000Z"}}
{"_id":{"$oid":"59cda1da91542070167b9a9f"},"nodeplusrunidkey":"NDevLTaxi4URa87f6a8d-0a50-4144-9f1b-33bd18f9a1c1","runSeqId":"106","runid":"a87f6a8d-0a50-4144-9f1b-33bd18f9a1c1","nodename":"Dev","cookbookname":"Taxi4U","starttime":"2018-08-04 20:08:41 ","endtime":"2018-08-04 20:08:46 ","status":"success","creationTime":{"$date":"2018-08-04T20:08:41.000Z"}}
{"_id":{"$oid":"59cda1da91542070167b9aa1"},"nodeplusrunidkey":"NDevLTaxi4URc2c9c74c-3e63-496f-8813-de29755349e1","runSeqId":"108","runid":"c2c9c74c-3e63-496f-8813-de29755349e1","nodename":"Dev","cookbookname":"Taxi4U","starttime":"2018-08-04 19:32:29 ","endtime":"2018-08-04 19:32:34 ","status":"success","creationTime":{"$date":"2018-08-04T19:32:29.000Z"}}
{"_id":{"$oid":"59cda1da91542070167b9aa3"},"nodeplusrunidkey":"NDevLTaxi4URc4638193-deab-4c62-b00c-42ade85ae37c","runSeqId":"110","runid":"c4638193-deab-4c62-b00c-42ade85ae37c","nodename":"Dev","cookbookname":"Taxi4U","starttime":"2018-08-04 19:01:24 ","endtime":"2018-08-04 19:01:29 ","status":"success","creationTime":{"$date":"2018-08-04T19:01:24.000Z"}}
{"_id":{"$oid":"59cda1da91542070167b9aa5"},"nodeplusrunidkey":"NDevLTaxi4UR681cd5ea-9dd1-4079-bb81-6473f76c12ca","runSeqId":"112","runid":"681cd5ea-9dd1-4079-bb81-6473f76c12ca","nodename":"Dev","cookbookname":"Taxi4U","starttime":"2018-08-04 18:58:59 ","endtime":"2018-08-04 18:59:03 ","status":"success","creationTime":{"$date":"2018-08-04T18:58:59.000Z"}}
{"_id":{"$oid":"59cda1da91542070167b9aa7"},"nodeplusrunidkey":"NDevLTaxi4UR31f59af2-34a0-44ee-a5a5-64b5dd24481f","runSeqId":"114","runid":"31f59af2-34a0-44ee-a5a5-64b5dd24481f","nodename":"Dev","cookbookname":"Taxi4U","starttime":"2018-08-04 18:53:44 ","endtime":"2018-08-04 18:53:47 ","status":"failure","creationTime":{"$date":"2018-08-04T18:53:44.000Z"}}
{"_id":{"$oid":"59cda1da91542070167b9aa9"},"nodeplusrunidkey":"NDevLTaxi4URbb2abbcc-01ab-4010-9ddd-a135d537e65a","runSeqId":"116","runid":"bb2abbcc-01ab-4010-9ddd-a135d537e65a","nodename":"Dev","cookbookname":"Taxi4U","starttime":"2017-08-04 18:51:20 ","endtime":"2017-08-04 18:51:23 ","status":"failure","creationTime":{"$date":"2017-08-04T18:51:20.000Z"}}
{"_id":{"$oid":"59cda1da91542070167b9aab"},"nodeplusrunidkey":"NDevLTaxi4UR8034d8d9-9887-40f7-bdc1-27fc0fba5a1d","runSeqId":"118","runid":"8034d8d9-9887-40f7-bdc1-27fc0fba5a1d","nodename":"Dev","cookbookname":"Taxi4U","starttime":"2017-08-04 18:18:45 ","endtime":"2017-08-04 18:18:47 ","status":"success","creationTime":{"$date":"2017-08-04T18:18:45.000Z"}}
{"_id":{"$oid":"59cda1da91542070167b9aad"},"nodeplusrunidkey":"NDevLTaxi4UR7d83b211-ff2e-4475-9521-9d63f68ea8d2","runSeqId":"120","runid":"7d83b211-ff2e-4475-9521-9d63f68ea8d2","nodename":"Dev","cookbookname":"Taxi4U","starttime":"2017-08-04 17:54:41 ","endtime":"2017-08-04 17:54:41 ","status":"failure","creationTime":{"$date":"2017-08-04T17:54:41.000Z"}}
{"_id":{"$oid":"59cda1da91542070167b9aaf"},"nodeplusrunidkey":"NDevLTaxi4UR63c6a59b-10bd-41a2-9f84-b9a07b8d405d","runSeqId":"122","runid":"63c6a59b-10bd-41a2-9f84-b9a07b8d405d","nodename":"Dev","cookbookname":"Taxi4U","starttime":"2017-08-04 17:53:44 ","endtime":"2017-08-04 17:53:45 ","status":"failure","creationTime":{"$date":"2017-08-04T17:53:44.000Z"}}
{"_id":{"$oid":"59cda1da91542070167b9ab1"},"nodeplusrunidkey":"NDevLTaxi4UR2ecf0729-961b-461d-a356-716e2b6d1d57","runSeqId":"124","runid":"2ecf0729-961b-461d-a356-716e2b6d1d57","nodename":"Dev","cookbookname":"Taxi4U","starttime":"2017-08-04 15:11:40 ","endtime":"2017-08-04 15:11:40 ","status":"failure","creationTime":{"$date":"2017-08-04T15:11:40.000Z"}}
{"_id":{"$oid":"59cda1da91542070167b9ab3"},"nodeplusrunidkey":"NDevLTaxi4UR261ab66f-e7b8-4ead-9106-bd3007405dcb","runSeqId":"126","runid":"261ab66f-e7b8-4ead-9106-bd3007405dcb","nodename":"Dev","cookbookname":"Taxi4U","starttime":"2017-08-04 14:22:56 ","endtime":"2017-08-04 14:22:57 ","status":"failure","creationTime":{"$date":"2017-08-04T14:22:56.000Z"}}
{"_id":{"$oid":"59cda1da91542070167b9ab5"},"nodeplusrunidkey":"NDevLTaxi4UR40732e1b-b73b-450a-9424-0a9f32c05366","runSeqId":"128","runid":"40732e1b-b73b-450a-9424-0a9f32c05366","nodename":"Dev","cookbookname":"Taxi4U","starttime":"2017-08-04 05:51:36 ","endtime":"2017-08-04 05:51:36 ","status":"failure","creationTime":{"$date":"2017-08-04T05:51:36.000Z"}}
{"_id":{"$oid":"59cda1da91542070167b9ab7"},"nodeplusrunidkey":"NDevLTaxi4UR67de1981-5a83-41bd-934a-06f7ff409624","runSeqId":"130","runid":"67de1981-5a83-41bd-934a-06f7ff409624","nodename":"Dev","cookbookname":"Taxi4U","starttime":"2017-08-04 05:19:15 ","endtime":"2017-08-04 05:19:15 ","status":"success","creationTime":{"$date":"2017-08-04T05:19:15.000Z"}}
{"_id":{"$oid":"59cda1da91542070167b9ab9"},"nodeplusrunidkey":"NDevLTaxi4UR67fe34c1-aa75-40eb-bd4b-24d08804293a","runSeqId":"132","runid":"67fe34c1-aa75-40eb-bd4b-24d08804293a","nodename":"Dev","cookbookname":"Taxi4U","starttime":"2017-08-04 05:16:39 ","endtime":"2017-08-04 05:16:39 ","status":"success","creationTime":{"$date":"2017-08-04T05:16:39.000Z"}}
{"_id":{"$oid":"59cda1da91542070167b9abb"},"nodeplusrunidkey":"NDevLTaxi4URb7bc88ff-7395-4e9b-9f28-065f4e41409d","runSeqId":"134","runid":"b7bc88ff-7395-4e9b-9f28-065f4e41409d","nodename":"Dev","cookbookname":"Taxi4U","starttime":"2017-08-04 04:51:15 ","endtime":"2017-08-04 04:51:15 ","status":"success","creationTime":{"$date":"2017-08-04T04:51:15.000Z"}}
{"_id":{"$oid":"59cda1da91542070167b9abd"},"nodeplusrunidkey":"NDevLTaxi4UR757b3be6-50f4-4872-9649-e8bfd57fffd1","runSeqId":"136","runid":"757b3be6-50f4-4872-9649-e8bfd57fffd1","nodename":"Dev","cookbookname":"Taxi4U","starttime":"2017-08-04 04:27:14 ","endtime":"2017-08-04 04:27:15 ","status":"failure","creationTime":{"$date":"2017-08-04T04:27:14.000Z"}}
{"_id":{"$oid":"59cda1da91542070167b9abf"},"nodeplusrunidkey":"NDevLTaxi4URcec61a18-ebb8-4e49-aaeb-9be14c75718c","runSeqId":"138","runid":"cec61a18-ebb8-4e49-aaeb-9be14c75718c","nodename":"Dev","cookbookname":"Taxi4U","starttime":"2017-08-04 01:16:58 ","endtime":"2017-08-04 01:16:59 ","status":"failure","creationTime":{"$date":"2017-08-04T01:16:58.000Z"}}
{"_id":{"$oid":"59cda1da91542070167b9ac1"},"nodeplusrunidkey":"NDevLTaxi4UR8e4468e1-fd10-4757-8fed-bb14d0340466","runSeqId":"140","runid":"8e4468e1-fd10-4757-8fed-bb14d0340466","nodename":"Dev","cookbookname":"Taxi4U","starttime":"2017-08-04 01:11:50 ","endtime":"2017-08-04 01:11:50 ","status":"failure","creationTime":{"$date":"2017-08-04T01:11:50.000Z"}}
{"_id":{"$oid":"59cda1da91542070167b9ac3"},"nodeplusrunidkey":"NDevLTaxi4URd979f8ca-901e-4bdf-b7ed-01231184e474","runSeqId":"142","runid":"d979f8ca-901e-4bdf-b7ed-01231184e474","nodename":"Dev","cookbookname":"Taxi4U","starttime":"2017-08-04 00:35:55 ","endtime":"2017-08-04 00:35:55 ","status":"failure","creationTime":{"$date":"2017-08-04T00:35:55.000Z"}}
