{"_id":{"$oid":"5e832dedeed371fbb9e986f9"},"_class":"com.cts.metricsportal.vo.IdashboardSession","userId":"admin","sessionId":"D7XLCP8YH9KOMUIG","timestamp":{"$numberLong":"-1"}}
{"_id":{"$oid":"5e9b0deaeed3f1134d79313b"},"_class":"com.cts.metricsportal.vo.IdashboardSession","userId":"Demouser","sessionId":"MXUDSNVK90D1N767","timestamp":{"$numberLong":"-1"}}
{"_id":{"$oid":"5eb265f1c4c9c4ca8c269a20"},"_class":"com.cts.metricsportal.vo.IdashboardSession","userId":"701727","sessionId":"9T0YVMBPCBKILUVL","timestamp":{"$numberLong":"-1"}}
{"_id":{"$oid":"5eb3adaec4c9c4ca8c269a24"},"_class":"com.cts.metricsportal.vo.IdashboardSession","userId":"111111","sessionId":"PP6KCAQ161Z33ACG","timestamp":{"$numberLong":"-1"}}
{"_id":{"$oid":"5ece66aaf179d12ee76ea315"},"_class":"com.cts.metricsportal.vo.IdashboardSession","userId":"demouser","sessionId":"BMLTKIH4DSQZOIWN","timestamp":{"$numberLong":"-1"}}
{"_id":{"$oid":"5ed1aa31f179c1c31bdd2f09"},"_class":"com.cts.metricsportal.vo.IdashboardSession","userId":"478479","sessionId":"FWFYKIQD5RH2HG0V","timestamp":{"$numberLong":"-1"}}
{"_id":{"$oid":"5ed1aa92f179c1c31bdd2f0a"},"_class":"com.cts.metricsportal.vo.IdashboardSession","userId":"603641","sessionId":"05TVUGFIAPTE4X9F","timestamp":{"$numberLong":"-1"}}
{"_id":{"$oid":"5ed1aaa7f179c1c31bdd2f0b"},"_class":"com.cts.metricsportal.vo.IdashboardSession","userId":"614019","sessionId":"5HTWI0FLMIBSU843","timestamp":{"$numberLong":"1591027431537"}}
{"_id":{"$oid":"5ed1aac9f179c1c31bdd2f0c"},"_class":"com.cts.metricsportal.vo.IdashboardSession","userId":"138497","sessionId":"I0AONMRAN32V4441","timestamp":{"$numberLong":"-1"}}
{"_id":{"$oid":"5ed80f97bc4f2bc103aac5c7"},"_class":"com.cts.metricsportal.vo.IdashboardSession","userId":"225984","sessionId":"MZWVXFZN71OVEUL6","timestamp":{"$numberLong":"-1"}}
