{"_id":{"$oid":"5cf4c615c6e856403c164e3b"},"prjKey":"IDDEV","prjName":"iDashboard-Development","prjId":"10101","levelId":10101,"issueID":10112,"issueKey":"IDDEV-8","issueType":"Sub-task","storyPoints":1.0,"issueCreated":{"$date":"2018-07-10T10:39:14.000Z"},"issueUpdated":{"$date":"2018-07-11T12:11:40.000Z"},"logDate":{"$date":"2018-07-11T12:11:40.647Z"},"logItemID":3,"storyPointsFrom":5.0,"logField":"Story Points","storyPointsTo":1.0,"storyPointsChange":-4.0,"logID":10138}
{"_id":{"$oid":"5cf50457c6e856af581c9a6a"},"prjKey":"IDDEV","prjName":"iDashboard-Development","prjId":"10101","levelId":10101,"issueID":10576,"issueKey":"IDDEV-472","issueType":"Sub-task","storyPoints":3.0,"issueCreated":{"$date":"2019-04-01T08:34:37.000Z"},"issueUpdated":{"$date":"2019-05-10T09:50:04.000Z"},"logDate":{"$date":"2019-05-10T09:50:04.544Z"},"logItemID":1,"storyPointsFrom":5.0,"logField":"Story Points","storyPointsTo":3.0,"storyPointsChange":-2.0,"logID":14894}
{"_id":{"$oid":"5cf50bc7c6e856898447f498"},"prjKey":"IDDEV","prjName":"iDashboard-Development","prjId":"10101","levelId":10101,"issueID":10277,"issueKey":"IDDEV-173","issueType":"Sub-task","storyPoints":1.0,"issueCreated":{"$date":"2019-01-18T06:26:03.000Z"},"issueUpdated":{"$date":"2019-01-18T11:26:21.000Z"},"logDate":{"$date":"2019-01-18T11:26:21.718Z"},"logItemID":2,"storyPointsFrom":5.0,"logField":"Story Points","storyPointsTo":1.0,"storyPointsChange":-4.0,"logID":11192}
{"_id":{"$oid":"5cf50bc8c6e856898447f49a"},"prjKey":"IDDEV","prjName":"iDashboard-Development","prjId":"10101","levelId":10101,"issueID":10265,"issueKey":"IDDEV-161","issueType":"Sub-task","storyPoints":3.0,"issueCreated":{"$date":"2019-01-11T09:03:41.000Z"},"issueUpdated":{"$date":"2019-01-18T11:25:47.000Z"},"logDate":{"$date":"2019-01-18T11:25:47.471Z"},"logItemID":2,"storyPointsFrom":4.0,"logField":"Story Points","storyPointsTo":3.0,"storyPointsChange":-1.0,"logID":11190}
{"_id":{"$oid":"5cf50bc8c6e856898447f49b"},"prjKey":"IDDEV","prjName":"iDashboard-Development","prjId":"10101","levelId":10101,"issueID":10262,"issueKey":"IDDEV-158","issueType":"Sub-task","storyPoints":3.0,"issueCreated":{"$date":"2019-01-10T04:11:39.000Z"},"issueUpdated":{"$date":"2019-01-11T04:06:08.000Z"},"logDate":{"$date":"2019-01-11T04:06:08.437Z"},"logItemID":2,"storyPointsFrom":5.0,"logField":"Story Points","storyPointsTo":3.0,"storyPointsChange":-2.0,"logID":11137}
{"_id":{"$oid":"5cf50bc8c6e856898447f4a3"},"prjKey":"IDDEV","prjName":"iDashboard-Development","prjId":"10101","levelId":10101,"issueID":10220,"issueKey":"IDDEV-116","issueType":"Epic","storyPoints":13.0,"issueCreated":{"$date":"2018-11-12T19:54:27.000Z"},"issueUpdated":{"$date":"2018-11-12T19:59:39.000Z"},"logDate":{"$date":"2018-11-12T19:59:39.813Z"},"logItemID":1,"storyPointsFrom":5.0,"logField":"Story Points","storyPointsTo":13.0,"storyPointsChange":8.0,"logID":10939}
{"_id":{"$oid":"5cf50bc9c6e8567184f8b447"},"prjKey":"IDDEV","prjName":"iDashboard-Development","prjId":"10101","levelId":10101,"issueID":10538,"issueKey":"IDDEV-434","issueType":"Sub-task","storyPoints":1.0,"issueCreated":{"$date":"2019-03-28T06:04:34.000Z"},"issueUpdated":{"$date":"2019-03-28T06:13:13.000Z"},"logDate":{"$date":"2019-03-28T06:13:13.093Z"},"logItemID":2,"storyPointsFrom":5.0,"logField":"Story Points","storyPointsTo":1.0,"storyPointsChange":-4.0,"logID":12495}
{"_id":{"$oid":"5cf50bc9c6e856898447f4b2"},"prjKey":"IDDEV","prjName":"iDashboard-Development","prjId":"10101","levelId":10101,"issueID":10193,"issueKey":"IDDEV-89","issueType":"Sub-task","storyPoints":3.0,"issueCreated":{"$date":"2018-09-12T07:26:00.000Z"},"issueUpdated":{"$date":"2018-09-17T10:55:24.000Z"},"logDate":{"$date":"2018-09-17T10:55:24.509Z"},"logItemID":2,"storyPointsFrom":5.0,"logField":"Story Points","storyPointsTo":3.0,"storyPointsChange":-2.0,"logID":10727}
{"_id":{"$oid":"5cf50bc9c6e856898447f4b3"},"prjKey":"IDDEV","prjName":"iDashboard-Development","prjId":"10101","levelId":10101,"issueID":10192,"issueKey":"IDDEV-88","issueType":"Sub-task","storyPoints":1.0,"issueCreated":{"$date":"2018-09-10T12:05:58.000Z"},"issueUpdated":{"$date":"2018-09-12T06:34:03.000Z"},"logDate":{"$date":"2018-09-12T06:34:03.756Z"},"logItemID":1,"storyPointsFrom":5.0,"logField":"Story Points","storyPointsTo":1.0,"storyPointsChange":-4.0,"logID":10708}
{"_id":{"$oid":"5cf50bc9c6e856898447f4b6"},"prjKey":"IDDEV","prjName":"iDashboard-Development","prjId":"10101","levelId":10101,"issueID":10186,"issueKey":"IDDEV-82","issueType":"Sub-task","storyPoints":3.0,"issueCreated":{"$date":"2018-08-21T12:32:48.000Z"},"issueUpdated":{"$date":"2018-09-04T04:21:15.000Z"},"logDate":{"$date":"2018-09-04T04:21:15.597Z"},"logItemID":2,"storyPointsFrom":5.0,"logField":"Story Points","storyPointsTo":3.0,"storyPointsChange":-2.0,"logID":10617}
{"_id":{"$oid":"5cf50bc9c6e856898447f4b7"},"prjKey":"IDDEV","prjName":"iDashboard-Development","prjId":"10101","levelId":10101,"issueID":10185,"issueKey":"IDDEV-81","issueType":"Sub-task","storyPoints":3.0,"issueCreated":{"$date":"2018-08-21T12:32:39.000Z"},"issueUpdated":{"$date":"2018-09-04T04:20:50.000Z"},"logDate":{"$date":"2018-09-04T04:20:50.146Z"},"logItemID":1,"storyPointsFrom":5.0,"logField":"Story Points","storyPointsTo":3.0,"storyPointsChange":-2.0,"logID":10615}
{"_id":{"$oid":"5cf50bc9c6e856898447f4b8"},"prjKey":"IDDEV","prjName":"iDashboard-Development","prjId":"10101","levelId":10101,"issueID":10184,"issueKey":"IDDEV-80","issueType":"Sub-task","storyPoints":3.0,"issueCreated":{"$date":"2018-08-21T12:32:18.000Z"},"issueUpdated":{"$date":"2018-09-04T04:20:30.000Z"},"logDate":{"$date":"2018-09-04T04:20:30.619Z"},"logItemID":2,"storyPointsFrom":5.0,"logField":"Story Points","storyPointsTo":3.0,"storyPointsChange":-2.0,"logID":10613}
{"_id":{"$oid":"5cf50bc9c6e856898447f4b9"},"prjKey":"IDDEV","prjName":"iDashboard-Development","prjId":"10101","levelId":10101,"issueID":10183,"issueKey":"IDDEV-79","issueType":"Sub-task","storyPoints":1.0,"issueCreated":{"$date":"2018-08-21T12:32:05.000Z"},"issueUpdated":{"$date":"2018-08-31T11:42:54.000Z"},"logDate":{"$date":"2018-08-31T11:42:54.960Z"},"logItemID":2,"storyPointsFrom":5.0,"logField":"Story Points","storyPointsTo":1.0,"storyPointsChange":-4.0,"logID":10603}
{"_id":{"$oid":"5cf50bcac6e8567184f8b450"},"prjKey":"IDDEV","prjName":"iDashboard-Development","prjId":"10101","levelId":10101,"issueID":10348,"issueKey":"IDDEV-244","issueType":"Sub-task","storyPoints":3.0,"issueCreated":{"$date":"2019-02-04T06:06:46.000Z"},"issueUpdated":{"$date":"2019-02-15T12:17:33.000Z"},"logDate":{"$date":"2019-02-15T12:17:33.850Z"},"logItemID":2,"storyPointsFrom":5.0,"logField":"Story Points","storyPointsTo":3.0,"storyPointsChange":-2.0,"logID":11688}
{"_id":{"$oid":"5cfbbe81c6e8561fc8f35b66"},"prjKey":"IDDEV","prjName":"iDashboard-Development","prjId":"10101","levelId":10101,"issueID":10573,"issueKey":"IDDEV-469","issueType":"Sub-task","storyPoints":2.0,"issueCreated":{"$date":"2019-04-01T08:15:49.000Z"},"issueUpdated":{"$date":"2019-05-02T07:17:43.000Z"},"logDate":{"$date":"2019-05-02T07:17:43.267Z"},"logItemID":2,"storyPointsFrom":5.0,"logField":"Story Points","storyPointsTo":2.0,"storyPointsChange":-3.0,"logID":14669}
{"_id":{"$oid":"5d0a23cec6e856898447fdb8"},"prjKey":"IDDEV","prjName":"iDashboard-Development","prjId":"10101","levelId":10101,"issueID":13457,"issueKey":"IDDEV-611","issueType":"Story","storyPoints":8.0,"issueCreated":{"$date":"2019-06-10T11:39:05.000Z"},"issueUpdated":{"$date":"2019-06-11T14:57:36.000Z"},"logDate":{"$date":"2019-06-11T14:57:36.983Z"},"logItemID":1,"storyPointsFrom":5.0,"logField":"Story Points","storyPointsTo":8.0,"storyPointsChange":3.0,"logID":15885}
{"_id":{"$oid":"5d0a23d2c6e8567184f8bd50"},"prjKey":"IDDEV","prjName":"iDashboard-Development","prjId":"10101","levelId":10101,"issueID":13466,"issueKey":"IDDEV-619","issueType":"Sub-task","storyPoints":3.0,"issueCreated":{"$date":"2019-06-12T07:31:25.000Z"},"issueUpdated":{"$date":"2019-06-17T06:36:57.000Z"},"logDate":{"$date":"2019-06-17T06:36:57.272Z"},"logItemID":3,"storyPointsFrom":5.0,"logField":"Story Points","storyPointsTo":3.0,"storyPointsChange":-2.0,"logID":16385}
{"_id":{"$oid":"5d0a23d2c6e8567184f8bd51"},"prjKey":"IDDEV","prjName":"iDashboard-Development","prjId":"10101","levelId":10101,"issueID":13458,"issueKey":"IDDEV-612","issueType":"Story","storyPoints":8.0,"issueCreated":{"$date":"2019-06-10T11:41:29.000Z"},"issueUpdated":{"$date":"2019-06-14T06:39:41.000Z"},"logDate":{"$date":"2019-06-14T06:39:41.928Z"},"logItemID":2,"storyPointsFrom":5.0,"logField":"Story Points","storyPointsTo":8.0,"storyPointsChange":3.0,"logID":16354}
{"_id":{"$oid":"5d0a23d2c6e8567184f8bd52"},"prjKey":"IDDEV","prjName":"iDashboard-Development","prjId":"10101","levelId":10101,"issueID":13455,"issueKey":"IDDEV-609","issueType":"Story","storyPoints":8.0,"issueCreated":{"$date":"2019-06-10T10:46:33.000Z"},"issueUpdated":{"$date":"2019-06-13T10:45:59.000Z"},"logDate":{"$date":"2019-06-13T10:45:59.408Z"},"logItemID":2,"storyPointsFrom":5.0,"logField":"Story Points","storyPointsTo":8.0,"storyPointsChange":3.0,"logID":16339}
{"_id":{"$oid":"5d0a23d4c6e856898447fdbc"},"prjKey":"IDDEV","prjName":"iDashboard-Development","prjId":"10101","levelId":10101,"issueID":10529,"issueKey":"IDDEV-425","issueType":"Story","storyPoints":8.0,"issueCreated":{"$date":"2019-03-27T20:34:25.000Z"},"issueUpdated":{"$date":"2019-06-11T14:59:07.000Z"},"logDate":{"$date":"2019-06-11T14:59:07.419Z"},"logItemID":1,"storyPointsFrom":5.0,"logField":"Story Points","storyPointsTo":8.0,"storyPointsChange":3.0,"logID":15963}
{"_id":{"$oid":"5d0a23d5c6e856898447fdbd"},"prjKey":"IDDEV","prjName":"iDashboard-Development","prjId":"10101","levelId":10101,"issueID":10518,"issueKey":"IDDEV-414","issueType":"Story","storyPoints":13.0,"issueCreated":{"$date":"2019-03-19T09:15:17.000Z"},"issueUpdated":{"$date":"2019-06-11T14:59:27.000Z"},"logDate":{"$date":"2019-06-11T14:59:27.749Z"},"logItemID":1,"storyPointsFrom":5.0,"logField":"Story Points","storyPointsTo":13.0,"storyPointsChange":8.0,"logID":15981}
{"_id":{"$oid":"5d0a23d5c6e856898447fdbe"},"prjKey":"IDDEV","prjName":"iDashboard-Development","prjId":"10101","levelId":10101,"issueID":10509,"issueKey":"IDDEV-405","issueType":"Story","storyPoints":10.0,"issueCreated":{"$date":"2019-03-18T06:25:45.000Z"},"issueUpdated":{"$date":"2019-06-11T14:59:37.000Z"},"logDate":{"$date":"2019-06-11T14:59:37.270Z"},"logItemID":1,"storyPointsFrom":5.0,"logField":"Story Points","storyPointsTo":10.0,"storyPointsChange":5.0,"logID":15989}
{"_id":{"$oid":"5d0a23d7c6e856898447fdbf"},"prjKey":"IDDEV","prjName":"iDashboard-Development","prjId":"10101","levelId":10101,"issueID":10434,"issueKey":"IDDEV-330","issueType":"Task","storyPoints":3.0,"issueCreated":{"$date":"2019-03-06T08:47:29.000Z"},"issueUpdated":{"$date":"2019-06-11T15:00:09.000Z"},"logDate":{"$date":"2019-06-11T15:00:09.509Z"},"logItemID":1,"storyPointsFrom":5.0,"logField":"Story Points","storyPointsTo":3.0,"storyPointsChange":-2.0,"logID":16013}
{"_id":{"$oid":"5d0a23d7c6e856898447fdc0"},"prjKey":"IDDEV","prjName":"iDashboard-Development","prjId":"10101","levelId":10101,"issueID":10428,"issueKey":"IDDEV-324","issueType":"Story","storyPoints":8.0,"issueCreated":{"$date":"2019-03-01T06:42:32.000Z"},"issueUpdated":{"$date":"2019-06-11T15:00:23.000Z"},"logDate":{"$date":"2019-06-11T15:00:23.977Z"},"logItemID":1,"storyPointsFrom":5.0,"logField":"Story Points","storyPointsTo":8.0,"storyPointsChange":3.0,"logID":16025}
{"_id":{"$oid":"5d0a23d7c6e856898447fdc1"},"prjKey":"IDDEV","prjName":"iDashboard-Development","prjId":"10101","levelId":10101,"issueID":10391,"issueKey":"IDDEV-287","issueType":"Story","storyPoints":8.0,"issueCreated":{"$date":"2019-02-15T08:48:44.000Z"},"issueUpdated":{"$date":"2019-06-11T15:00:32.000Z"},"logDate":{"$date":"2019-06-11T15:00:32.733Z"},"logItemID":1,"storyPointsFrom":5.0,"logField":"Story Points","storyPointsTo":8.0,"storyPointsChange":3.0,"logID":16033}
{"_id":{"$oid":"5d0a23d7c6e856898447fdc2"},"prjKey":"IDDEV","prjName":"iDashboard-Development","prjId":"10101","levelId":10101,"issueID":10385,"issueKey":"IDDEV-281","issueType":"Story","storyPoints":8.0,"issueCreated":{"$date":"2019-02-14T07:15:24.000Z"},"issueUpdated":{"$date":"2019-06-11T15:00:44.000Z"},"logDate":{"$date":"2019-06-11T15:00:44.833Z"},"logItemID":1,"storyPointsFrom":5.0,"logField":"Story Points","storyPointsTo":8.0,"storyPointsChange":3.0,"logID":16043}
{"_id":{"$oid":"5d0a23d8c6e856de384c5998"},"prjKey":"IDDEV","prjName":"iDashboard-Development","prjId":"10101","levelId":10101,"issueID":10324,"issueKey":"IDDEV-220","issueType":"Story","storyPoints":8.0,"issueCreated":{"$date":"2019-01-29T09:40:23.000Z"},"issueUpdated":{"$date":"2019-06-11T15:01:20.000Z"},"logDate":{"$date":"2019-06-11T15:01:20.804Z"},"logItemID":1,"storyPointsFrom":5.0,"logField":"Story Points","storyPointsTo":8.0,"storyPointsChange":3.0,"logID":16073}
{"_id":{"$oid":"5d0a23d8c6e856de384c5999"},"prjKey":"IDDEV","prjName":"iDashboard-Development","prjId":"10101","levelId":10101,"issueID":10289,"issueKey":"IDDEV-185","issueType":"Story","storyPoints":21.0,"issueCreated":{"$date":"2019-01-20T16:37:28.000Z"},"issueUpdated":{"$date":"2019-06-11T15:01:36.000Z"},"logDate":{"$date":"2019-06-11T15:01:36.524Z"},"logItemID":1,"storyPointsFrom":5.0,"logField":"Story Points","storyPointsTo":21.0,"storyPointsChange":16.0,"logID":16087}
{"_id":{"$oid":"5d0a23d8c6e856de384c599a"},"prjKey":"IDDEV","prjName":"iDashboard-Development","prjId":"10101","levelId":10101,"issueID":10288,"issueKey":"IDDEV-184","issueType":"Story","storyPoints":21.0,"issueCreated":{"$date":"2019-01-20T16:35:31.000Z"},"issueUpdated":{"$date":"2019-06-11T15:01:39.000Z"},"logDate":{"$date":"2019-06-11T15:01:39.097Z"},"logItemID":1,"storyPointsFrom":5.0,"logField":"Story Points","storyPointsTo":21.0,"storyPointsChange":16.0,"logID":16089}
{"_id":{"$oid":"5d0a23d8c6e856de384c599b"},"prjKey":"IDDEV","prjName":"iDashboard-Development","prjId":"10101","levelId":10101,"issueID":10287,"issueKey":"IDDEV-183","issueType":"Story","storyPoints":21.0,"issueCreated":{"$date":"2019-01-20T16:34:35.000Z"},"issueUpdated":{"$date":"2019-06-11T15:01:42.000Z"},"logDate":{"$date":"2019-06-11T15:01:42.194Z"},"logItemID":1,"storyPointsFrom":5.0,"logField":"Story Points","storyPointsTo":21.0,"storyPointsChange":16.0,"logID":16091}
{"_id":{"$oid":"5d0a23d8c6e856de384c599c"},"prjKey":"IDDEV","prjName":"iDashboard-Development","prjId":"10101","levelId":10101,"issueID":10276,"issueKey":"IDDEV-172","issueType":"Story","storyPoints":8.0,"issueCreated":{"$date":"2019-01-17T06:34:03.000Z"},"issueUpdated":{"$date":"2019-06-11T15:01:55.000Z"},"logDate":{"$date":"2019-06-11T15:01:55.821Z"},"logItemID":1,"storyPointsFrom":5.0,"logField":"Story Points","storyPointsTo":8.0,"storyPointsChange":3.0,"logID":16103}
{"_id":{"$oid":"5d0a23d9c6e856de384c599d"},"prjKey":"IDDEV","prjName":"iDashboard-Development","prjId":"10101","levelId":10101,"issueID":10245,"issueKey":"IDDEV-141","issueType":"Story","storyPoints":13.0,"issueCreated":{"$date":"2019-01-03T09:17:22.000Z"},"issueUpdated":{"$date":"2019-06-11T15:02:14.000Z"},"logDate":{"$date":"2019-06-11T15:02:14.991Z"},"logItemID":1,"storyPointsFrom":5.0,"logField":"Story Points","storyPointsTo":13.0,"storyPointsChange":8.0,"logID":16119}
{"_id":{"$oid":"5d0a23d9c6e856de384c599e"},"prjKey":"IDDEV","prjName":"iDashboard-Development","prjId":"10101","levelId":10101,"issueID":10225,"issueKey":"IDDEV-121","issueType":"Story","storyPoints":3.0,"issueCreated":{"$date":"2018-11-12T20:18:13.000Z"},"issueUpdated":{"$date":"2019-06-11T15:02:43.000Z"},"logDate":{"$date":"2019-06-11T15:02:43.054Z"},"logItemID":1,"storyPointsFrom":5.0,"logField":"Story Points","storyPointsTo":3.0,"storyPointsChange":-2.0,"logID":16143}
{"_id":{"$oid":"5d0a23d9c6e856de384c599f"},"prjKey":"IDDEV","prjName":"iDashboard-Development","prjId":"10101","levelId":10101,"issueID":10223,"issueKey":"IDDEV-119","issueType":"Story","storyPoints":1.0,"issueCreated":{"$date":"2018-11-12T20:15:05.000Z"},"issueUpdated":{"$date":"2019-06-11T15:02:47.000Z"},"logDate":{"$date":"2019-06-11T15:02:47.552Z"},"logItemID":1,"storyPointsFrom":1.5,"logField":"Story Points","storyPointsTo":1.0,"storyPointsChange":-0.5,"logID":16147}
{"_id":{"$oid":"5d0a23d9c6e856de384c59a0"},"prjKey":"IDDEV","prjName":"iDashboard-Development","prjId":"10101","levelId":10101,"issueID":10223,"issueKey":"IDDEV-119","issueType":"Story","storyPoints":1.0,"issueCreated":{"$date":"2018-11-12T20:15:05.000Z"},"issueUpdated":{"$date":"2019-06-11T15:02:47.000Z"},"logDate":{"$date":"2019-06-11T15:02:47.552Z"},"logItemID":1,"storyPointsFrom":1.5,"logField":"Story Points","storyPointsTo":1.0,"storyPointsChange":-0.5,"logID":16147}
{"_id":{"$oid":"5d0a23d9c6e856de384c59a1"},"prjKey":"IDDEV","prjName":"iDashboard-Development","prjId":"10101","levelId":10101,"issueID":10223,"issueKey":"IDDEV-119","issueType":"Story","storyPoints":1.0,"issueCreated":{"$date":"2018-11-12T20:15:05.000Z"},"issueUpdated":{"$date":"2019-06-11T15:02:47.000Z"},"logDate":{"$date":"2019-06-11T15:02:47.552Z"},"logItemID":1,"storyPointsFrom":1.5,"logField":"Story Points","storyPointsTo":1.0,"storyPointsChange":-0.5,"logID":16147}
{"_id":{"$oid":"5d0a23d9c6e856de384c59a2"},"prjKey":"IDDEV","prjName":"iDashboard-Development","prjId":"10101","levelId":10101,"issueID":10222,"issueKey":"IDDEV-118","issueType":"Story","storyPoints":1.0,"issueCreated":{"$date":"2018-11-12T20:12:28.000Z"},"issueUpdated":{"$date":"2019-06-11T15:02:49.000Z"},"logDate":{"$date":"2019-06-11T15:02:49.614Z"},"logItemID":1,"storyPointsFrom":5.0,"logField":"Story Points","storyPointsTo":1.0,"storyPointsChange":-4.0,"logID":16149}
{"_id":{"$oid":"5d0a23d9c6e856de384c59a3"},"prjKey":"IDDEV","prjName":"iDashboard-Development","prjId":"10101","levelId":10101,"issueID":10221,"issueKey":"IDDEV-117","issueType":"Story","storyPoints":1.0,"issueCreated":{"$date":"2018-11-12T20:00:08.000Z"},"issueUpdated":{"$date":"2019-06-11T15:02:52.000Z"},"logDate":{"$date":"2019-06-11T15:02:52.892Z"},"logItemID":1,"storyPointsFrom":5.0,"logField":"Story Points","storyPointsTo":1.0,"storyPointsChange":-4.0,"logID":16151}
{"_id":{"$oid":"5d0a23d9c6e856de384c59a4"},"prjKey":"IDDEV","prjName":"iDashboard-Development","prjId":"10101","levelId":10101,"issueID":10212,"issueKey":"IDDEV-108","issueType":"Story","storyPoints":1.0,"issueCreated":{"$date":"2018-10-19T20:11:09.000Z"},"issueUpdated":{"$date":"2019-06-11T15:02:57.000Z"},"logDate":{"$date":"2019-06-11T15:02:57.088Z"},"logItemID":1,"storyPointsFrom":5.0,"logField":"Story Points","storyPointsTo":1.0,"storyPointsChange":-4.0,"logID":16155}
{"_id":{"$oid":"5d0a23d9c6e856de384c59a5"},"prjKey":"IDDEV","prjName":"iDashboard-Development","prjId":"10101","levelId":10101,"issueID":10211,"issueKey":"IDDEV-107","issueType":"Story","storyPoints":1.0,"issueCreated":{"$date":"2018-10-19T20:09:52.000Z"},"issueUpdated":{"$date":"2019-06-11T15:02:59.000Z"},"logDate":{"$date":"2019-06-11T15:02:59.141Z"},"logItemID":1,"storyPointsFrom":5.0,"logField":"Story Points","storyPointsTo":1.0,"storyPointsChange":-4.0,"logID":16157}
{"_id":{"$oid":"5d0a23d9c6e856de384c59a6"},"prjKey":"IDDEV","prjName":"iDashboard-Development","prjId":"10101","levelId":10101,"issueID":10210,"issueKey":"IDDEV-106","issueType":"Story","storyPoints":1.0,"issueCreated":{"$date":"2018-10-19T20:06:07.000Z"},"issueUpdated":{"$date":"2019-06-11T15:03:01.000Z"},"logDate":{"$date":"2019-06-11T15:03:01.161Z"},"logItemID":1,"storyPointsFrom":5.0,"logField":"Story Points","storyPointsTo":1.0,"storyPointsChange":-4.0,"logID":16159}
{"_id":{"$oid":"5d0a23d9c6e856de384c59a7"},"prjKey":"IDDEV","prjName":"iDashboard-Development","prjId":"10101","levelId":10101,"issueID":10209,"issueKey":"IDDEV-105","issueType":"Story","storyPoints":8.0,"issueCreated":{"$date":"2018-10-19T20:01:40.000Z"},"issueUpdated":{"$date":"2019-06-11T15:03:03.000Z"},"logDate":{"$date":"2019-06-11T15:03:03.814Z"},"logItemID":1,"storyPointsFrom":3.0,"logField":"Story Points","storyPointsTo":8.0,"storyPointsChange":5.0,"logID":16161}
{"_id":{"$oid":"5d0a23d9c6e856de384c59a8"},"prjKey":"IDDEV","prjName":"iDashboard-Development","prjId":"10101","levelId":10101,"issueID":10209,"issueKey":"IDDEV-105","issueType":"Story","storyPoints":8.0,"issueCreated":{"$date":"2018-10-19T20:01:40.000Z"},"issueUpdated":{"$date":"2019-06-11T15:03:03.000Z"},"logDate":{"$date":"2019-06-11T15:03:03.814Z"},"logItemID":1,"storyPointsFrom":3.0,"logField":"Story Points","storyPointsTo":8.0,"storyPointsChange":5.0,"logID":16161}
{"_id":{"$oid":"5d0a23d9c6e856de384c59a9"},"prjKey":"IDDEV","prjName":"iDashboard-Development","prjId":"10101","levelId":10101,"issueID":10209,"issueKey":"IDDEV-105","issueType":"Story","storyPoints":8.0,"issueCreated":{"$date":"2018-10-19T20:01:40.000Z"},"issueUpdated":{"$date":"2019-06-11T15:03:03.000Z"},"logDate":{"$date":"2019-06-11T15:03:03.814Z"},"logItemID":1,"storyPointsFrom":3.0,"logField":"Story Points","storyPointsTo":8.0,"storyPointsChange":5.0,"logID":16161}
{"_id":{"$oid":"5d0a23d9c6e856de384c59aa"},"prjKey":"IDDEV","prjName":"iDashboard-Development","prjId":"10101","levelId":10101,"issueID":10208,"issueKey":"IDDEV-104","issueType":"Story","storyPoints":3.0,"issueCreated":{"$date":"2018-10-19T12:11:35.000Z"},"issueUpdated":{"$date":"2019-06-11T15:03:05.000Z"},"logDate":{"$date":"2019-06-11T15:03:05.854Z"},"logItemID":1,"storyPointsFrom":5.0,"logField":"Story Points","storyPointsTo":3.0,"storyPointsChange":-2.0,"logID":16163}
{"_id":{"$oid":"5d0a23d9c6e856de384c59ab"},"prjKey":"IDDEV","prjName":"iDashboard-Development","prjId":"10101","levelId":10101,"issueID":10207,"issueKey":"IDDEV-103","issueType":"Story","storyPoints":3.0,"issueCreated":{"$date":"2018-10-19T12:02:17.000Z"},"issueUpdated":{"$date":"2019-06-11T15:03:08.000Z"},"logDate":{"$date":"2019-06-11T15:03:08.073Z"},"logItemID":1,"storyPointsFrom":5.0,"logField":"Story Points","storyPointsTo":3.0,"storyPointsChange":-2.0,"logID":16165}
{"_id":{"$oid":"5d0a23d9c6e856de384c59ac"},"prjKey":"IDDEV","prjName":"iDashboard-Development","prjId":"10101","levelId":10101,"issueID":10206,"issueKey":"IDDEV-102","issueType":"Story","storyPoints":3.0,"issueCreated":{"$date":"2018-10-19T11:58:58.000Z"},"issueUpdated":{"$date":"2019-06-11T15:03:10.000Z"},"logDate":{"$date":"2019-06-11T15:03:10.691Z"},"logItemID":1,"storyPointsFrom":5.0,"logField":"Story Points","storyPointsTo":3.0,"storyPointsChange":-2.0,"logID":16167}
{"_id":{"$oid":"5d0a23d9c6e856de384c59ae"},"prjKey":"IDDEV","prjName":"iDashboard-Development","prjId":"10101","levelId":10101,"issueID":10200,"issueKey":"IDDEV-96","issueType":"Story","storyPoints":1.0,"issueCreated":{"$date":"2018-09-28T04:56:26.000Z"},"issueUpdated":{"$date":"2019-06-11T15:03:24.000Z"},"logDate":{"$date":"2019-06-11T15:03:24.600Z"},"logItemID":1,"storyPointsFrom":3.0,"logField":"Story Points","storyPointsTo":1.0,"storyPointsChange":-2.0,"logID":16179}
{"_id":{"$oid":"5d0a23d9c6e856de384c59af"},"prjKey":"IDDEV","prjName":"iDashboard-Development","prjId":"10101","levelId":10101,"issueID":10200,"issueKey":"IDDEV-96","issueType":"Story","storyPoints":1.0,"issueCreated":{"$date":"2018-09-28T04:56:26.000Z"},"issueUpdated":{"$date":"2019-06-11T15:03:24.000Z"},"logDate":{"$date":"2019-06-11T15:03:24.600Z"},"logItemID":1,"storyPointsFrom":3.0,"logField":"Story Points","storyPointsTo":1.0,"storyPointsChange":-2.0,"logID":16179}
{"_id":{"$oid":"5d0a23d9c6e856de384c59b0"},"prjKey":"IDDEV","prjName":"iDashboard-Development","prjId":"10101","levelId":10101,"issueID":10199,"issueKey":"IDDEV-95","issueType":"Story","storyPoints":1.0,"issueCreated":{"$date":"2018-09-28T04:55:50.000Z"},"issueUpdated":{"$date":"2019-06-11T15:03:26.000Z"},"logDate":{"$date":"2019-06-11T15:03:26.839Z"},"logItemID":1,"storyPointsFrom":5.0,"logField":"Story Points","storyPointsTo":1.0,"storyPointsChange":-4.0,"logID":16181}
{"_id":{"$oid":"5d0a23d9c6e856de384c59b1"},"prjKey":"IDDEV","prjName":"iDashboard-Development","prjId":"10101","levelId":10101,"issueID":10196,"issueKey":"IDDEV-92","issueType":"Story","storyPoints":3.0,"issueCreated":{"$date":"2018-09-13T03:47:21.000Z"},"issueUpdated":{"$date":"2019-06-11T15:03:34.000Z"},"logDate":{"$date":"2019-06-11T15:03:34.007Z"},"logItemID":1,"storyPointsFrom":5.0,"logField":"Story Points","storyPointsTo":3.0,"storyPointsChange":-2.0,"logID":16187}
{"_id":{"$oid":"5d0a23d9c6e856de384c59b2"},"prjKey":"IDDEV","prjName":"iDashboard-Development","prjId":"10101","levelId":10101,"issueID":10191,"issueKey":"IDDEV-87","issueType":"Story","storyPoints":3.0,"issueCreated":{"$date":"2018-09-07T11:44:02.000Z"},"issueUpdated":{"$date":"2019-06-11T15:03:36.000Z"},"logDate":{"$date":"2019-06-11T15:03:36.233Z"},"logItemID":1,"storyPointsFrom":5.0,"logField":"Story Points","storyPointsTo":3.0,"storyPointsChange":-2.0,"logID":16189}
{"_id":{"$oid":"5d0a23d9c6e856de384c59b3"},"prjKey":"IDDEV","prjName":"iDashboard-Development","prjId":"10101","levelId":10101,"issueID":10188,"issueKey":"IDDEV-84","issueType":"Story","storyPoints":3.0,"issueCreated":{"$date":"2018-09-04T09:13:36.000Z"},"issueUpdated":{"$date":"2019-06-11T15:03:43.000Z"},"logDate":{"$date":"2019-06-11T15:03:43.208Z"},"logItemID":1,"storyPointsFrom":5.0,"logField":"Story Points","storyPointsTo":3.0,"storyPointsChange":-2.0,"logID":16195}
{"_id":{"$oid":"5d0a23dac6e856de384c59b4"},"prjKey":"IDDEV","prjName":"iDashboard-Development","prjId":"10101","levelId":10101,"issueID":10181,"issueKey":"IDDEV-77","issueType":"Story","storyPoints":1.0,"issueCreated":{"$date":"2018-08-17T11:49:34.000Z"},"issueUpdated":{"$date":"2019-06-11T15:03:50.000Z"},"logDate":{"$date":"2019-06-11T15:03:50.868Z"},"logItemID":1,"storyPointsFrom":5.0,"logField":"Story Points","storyPointsTo":1.0,"storyPointsChange":-4.0,"logID":16201}
{"_id":{"$oid":"5d0a23dac6e856de384c59b5"},"prjKey":"IDDEV","prjName":"iDashboard-Development","prjId":"10101","levelId":10101,"issueID":10180,"issueKey":"IDDEV-76","issueType":"Story","storyPoints":1.0,"issueCreated":{"$date":"2018-08-17T11:43:52.000Z"},"issueUpdated":{"$date":"2019-06-11T15:03:53.000Z"},"logDate":{"$date":"2019-06-11T15:03:53.088Z"},"logItemID":1,"storyPointsFrom":5.0,"logField":"Story Points","storyPointsTo":1.0,"storyPointsChange":-4.0,"logID":16203}
{"_id":{"$oid":"5d0a23dac6e856de384c59b6"},"prjKey":"IDDEV","prjName":"iDashboard-Development","prjId":"10101","levelId":10101,"issueID":10173,"issueKey":"IDDEV-69","issueType":"Story","storyPoints":3.0,"issueCreated":{"$date":"2018-08-10T15:00:24.000Z"},"issueUpdated":{"$date":"2019-06-11T15:04:07.000Z"},"logDate":{"$date":"2019-06-11T15:04:07.707Z"},"logItemID":1,"storyPointsFrom":5.0,"logField":"Story Points","storyPointsTo":3.0,"storyPointsChange":-2.0,"logID":16215}
{"_id":{"$oid":"5d0a23dbc6e856de384c59b7"},"prjKey":"IDDEV","prjName":"iDashboard-Development","prjId":"10101","levelId":10101,"issueID":10149,"issueKey":"IDDEV-45","issueType":"Bug","storyPoints":1.0,"issueCreated":{"$date":"2018-07-27T06:58:25.000Z"},"issueUpdated":{"$date":"2019-06-11T14:57:21.000Z"},"logDate":{"$date":"2019-06-11T14:57:21.246Z"},"logItemID":1,"storyPointsFrom":5.0,"logField":"Story Points","storyPointsTo":1.0,"storyPointsChange":-4.0,"logID":15873}
{"_id":{"$oid":"5d0a23dbc6e856de384c59b8"},"prjKey":"IDDEV","prjName":"iDashboard-Development","prjId":"10101","levelId":10101,"issueID":10144,"issueKey":"IDDEV-40","issueType":"Story","storyPoints":3.0,"issueCreated":{"$date":"2018-07-25T12:50:34.000Z"},"issueUpdated":{"$date":"2019-06-11T15:05:00.000Z"},"logDate":{"$date":"2019-06-11T15:05:00.357Z"},"logItemID":1,"storyPointsFrom":5.0,"logField":"Story Points","storyPointsTo":3.0,"storyPointsChange":-2.0,"logID":16261}
{"_id":{"$oid":"5d0a23dbc6e856de384c59b9"},"prjKey":"IDDEV","prjName":"iDashboard-Development","prjId":"10101","levelId":10101,"issueID":10133,"issueKey":"IDDEV-29","issueType":"Bug","storyPoints":1.0,"issueCreated":{"$date":"2018-07-20T09:03:55.000Z"},"issueUpdated":{"$date":"2019-06-11T14:57:25.000Z"},"logDate":{"$date":"2019-06-11T14:57:25.525Z"},"logItemID":1,"storyPointsFrom":5.0,"logField":"Story Points","storyPointsTo":1.0,"storyPointsChange":-4.0,"logID":15877}
{"_id":{"$oid":"5d0a23dbc6e856de384c59ba"},"prjKey":"IDDEV","prjName":"iDashboard-Development","prjId":"10101","levelId":10101,"issueID":10132,"issueKey":"IDDEV-28","issueType":"Bug","storyPoints":1.0,"issueCreated":{"$date":"2018-07-20T09:03:03.000Z"},"issueUpdated":{"$date":"2019-06-11T14:57:27.000Z"},"logDate":{"$date":"2019-06-11T14:57:27.713Z"},"logItemID":1,"storyPointsFrom":5.0,"logField":"Story Points","storyPointsTo":1.0,"storyPointsChange":-4.0,"logID":15879}
{"_id":{"$oid":"5d0a23dbc6e856de384c59bb"},"prjKey":"IDDEV","prjName":"iDashboard-Development","prjId":"10101","levelId":10101,"issueID":10131,"issueKey":"IDDEV-27","issueType":"Bug","storyPoints":1.0,"issueCreated":{"$date":"2018-07-20T09:01:20.000Z"},"issueUpdated":{"$date":"2019-06-11T14:57:29.000Z"},"logDate":{"$date":"2019-06-11T14:57:29.929Z"},"logItemID":1,"storyPointsFrom":5.0,"logField":"Story Points","storyPointsTo":1.0,"storyPointsChange":-4.0,"logID":15881}
{"_id":{"$oid":"5d0a23dbc6e856de384c59bc"},"prjKey":"IDDEV","prjName":"iDashboard-Development","prjId":"10101","levelId":10101,"issueID":10126,"issueKey":"IDDEV-22","issueType":"Story","storyPoints":13.0,"issueCreated":{"$date":"2018-07-11T03:50:20.000Z"},"issueUpdated":{"$date":"2019-06-11T15:05:18.000Z"},"logDate":{"$date":"2019-06-11T15:05:18.502Z"},"logItemID":1,"storyPointsFrom":5.0,"logField":"Story Points","storyPointsTo":13.0,"storyPointsChange":8.0,"logID":16277}
{"_id":{"$oid":"5d0a23dbc6e856de384c59bd"},"prjKey":"IDDEV","prjName":"iDashboard-Development","prjId":"10101","levelId":10101,"issueID":10126,"issueKey":"IDDEV-22","issueType":"Story","storyPoints":13.0,"issueCreated":{"$date":"2018-07-11T03:50:20.000Z"},"issueUpdated":{"$date":"2019-06-11T15:05:18.000Z"},"logDate":{"$date":"2019-06-11T15:05:18.502Z"},"logItemID":1,"storyPointsFrom":5.0,"logField":"Story Points","storyPointsTo":13.0,"storyPointsChange":8.0,"logID":16277}
{"_id":{"$oid":"5d0a23dbc6e856de384c59bf"},"prjKey":"IDDEV","prjName":"iDashboard-Development","prjId":"10101","levelId":10101,"issueID":10110,"issueKey":"IDDEV-6","issueType":"Story","storyPoints":5.0,"issueCreated":{"$date":"2018-07-09T12:40:53.000Z"},"issueUpdated":{"$date":"2019-06-11T15:05:41.000Z"},"logDate":{"$date":"2019-06-11T15:05:41.313Z"},"logItemID":1,"storyPointsFrom":3.0,"logField":"Story Points","storyPointsTo":5.0,"storyPointsChange":2.0,"logID":16297}
{"_id":{"$oid":"5d0a23dbc6e856de384c59c0"},"prjKey":"IDDEV","prjName":"iDashboard-Development","prjId":"10101","levelId":10101,"issueID":10110,"issueKey":"IDDEV-6","issueType":"Story","storyPoints":5.0,"issueCreated":{"$date":"2018-07-09T12:40:53.000Z"},"issueUpdated":{"$date":"2019-06-11T15:05:41.000Z"},"logDate":{"$date":"2019-06-11T15:05:41.313Z"},"logItemID":1,"storyPointsFrom":3.0,"logField":"Story Points","storyPointsTo":5.0,"storyPointsChange":2.0,"logID":16297}
{"_id":{"$oid":"5d0a23dbc6e856de384c59c1"},"prjKey":"IDDEV","prjName":"iDashboard-Development","prjId":"10101","levelId":10101,"issueID":10107,"issueKey":"IDDEV-3","issueType":"Story","storyPoints":5.0,"issueCreated":{"$date":"2018-07-09T03:23:08.000Z"},"issueUpdated":{"$date":"2019-06-11T15:05:47.000Z"},"logDate":{"$date":"2019-06-11T15:05:47.971Z"},"logItemID":1,"storyPointsFrom":0.0,"logField":"Story Points","storyPointsTo":5.0,"storyPointsChange":5.0,"logID":16303}
{"_id":{"$oid":"5d1a2e0ec6e8568724745265"},"prjKey":"IDDEV","prjName":"iDashboard-Development","prjId":"10101","levelId":10101,"issueID":10105,"issueKey":"IDDEV-1","issueType":"Story","storyPoints":5.0,"issueCreated":{"$date":"2018-07-09T03:18:21.000Z"},"issueUpdated":{"$date":"2019-06-29T20:50:56.000Z"},"logDate":{"$date":"2019-06-29T20:50:56.476Z"},"logItemID":1,"storyPointsFrom":0.0,"logField":"Story Points","storyPointsTo":5.0,"storyPointsChange":5.0,"logID":16462}
{"_id":{"$oid":"5d1c0c2fc6e8563798cb071a"},"prjKey":"IDDEV","prjName":"iDashboard-Development","prjId":"10101","levelId":10101,"issueID":10339,"issueKey":"IDDEV-235","issueType":"Story","storyPoints":5.0,"issueCreated":{"$date":"2019-01-31T09:06:52.000Z"},"issueUpdated":{"$date":"2019-07-01T11:25:52.000Z"},"logDate":{"$date":"2019-07-01T11:25:52.536Z"},"logItemID":1,"storyPointsFrom":3.0,"logField":"Story Points","storyPointsTo":5.0,"storyPointsChange":2.0,"logID":16469}
{"_id":{"$oid":"5d1c0c2fc6e8563798cb071b"},"prjKey":"IDDEV","prjName":"iDashboard-Development","prjId":"10101","levelId":10101,"issueID":10339,"issueKey":"IDDEV-235","issueType":"Story","storyPoints":5.0,"issueCreated":{"$date":"2019-01-31T09:06:52.000Z"},"issueUpdated":{"$date":"2019-07-01T11:25:52.000Z"},"logDate":{"$date":"2019-07-01T11:25:52.536Z"},"logItemID":1,"storyPointsFrom":3.0,"logField":"Story Points","storyPointsTo":5.0,"storyPointsChange":2.0,"logID":16469}
{"_id":{"$oid":"5d1f1faac6e856121835d12f"},"prjKey":"IDDEV","prjName":"iDashboard-Development","prjId":"10101","levelId":10101,"issueID":15908,"issueKey":"IDDEV-628","issueType":"Sub-task","storyPoints":3.0,"issueCreated":{"$date":"2019-06-18T12:09:01.000Z"},"issueUpdated":{"$date":"2019-07-02T12:03:37.000Z"},"logDate":{"$date":"2019-07-02T12:03:37.857Z"},"logItemID":2,"storyPointsFrom":5.0,"logField":"Story Points","storyPointsTo":3.0,"storyPointsChange":-2.0,"logID":16487}
{"_id":{"$oid":"5d1f1faac6e856121835d130"},"prjKey":"IDDEV","prjName":"iDashboard-Development","prjId":"10101","levelId":10101,"issueID":13473,"issueKey":"IDDEV-626","issueType":"Story","storyPoints":8.0,"issueCreated":{"$date":"2019-06-17T06:22:11.000Z"},"issueUpdated":{"$date":"2019-07-02T12:04:33.000Z"},"logDate":{"$date":"2019-07-02T12:04:33.184Z"},"logItemID":2,"storyPointsFrom":5.0,"logField":"Story Points","storyPointsTo":8.0,"storyPointsChange":3.0,"logID":16488}
{"_id":{"$oid":"5d1f1faac6e856121835d132"},"prjKey":"IDDEV","prjName":"iDashboard-Development","prjId":"10101","levelId":10101,"issueID":13343,"issueKey":"IDDEV-516","issueType":"Story","storyPoints":0.0,"issueCreated":{"$date":"2019-04-12T11:43:07.000Z"},"issueUpdated":{"$date":"2019-07-02T12:09:05.000Z"},"logDate":{"$date":"2019-07-02T12:09:05.472Z"},"logItemID":1,"storyPointsFrom":5.0,"logField":"Story Points","storyPointsTo":0.0,"storyPointsChange":-5.0,"logID":16495}
{"_id":{"$oid":"5d250e6bc6e8561218361919"},"prjKey":"IDDEV","prjName":"iDashboard-Development","prjId":"10101","levelId":10101,"issueID":10111,"issueKey":"IDDEV-7","issueType":"Story","storyPoints":3.0,"issueCreated":{"$date":"2018-07-09T12:41:20.000Z"},"issueUpdated":{"$date":"2019-07-05T09:14:40.000Z"},"logDate":{"$date":"2019-07-05T09:14:40.250Z"},"logItemID":1,"storyPointsFrom":0.0,"logField":"Story Points","storyPointsTo":3.0,"storyPointsChange":3.0,"logID":16507}
{"_id":{"$oid":"5d2cdb46c6e8567184fa0652"},"prjKey":"IDDEV","prjName":"iDashboard-Development","prjId":"10101","levelId":10101,"issueID":15946,"issueKey":"IDDEV-636","issueType":"Sub-task","storyPoints":5.0,"issueCreated":{"$date":"2019-06-25T11:17:32.000Z"},"issueUpdated":{"$date":"2019-07-09T11:44:57.000Z"},"logDate":{"$date":"2019-07-09T11:44:57.705Z"},"logItemID":3,"storyPointsFrom":2.0,"logField":"Story Points","storyPointsTo":5.0,"storyPointsChange":3.0,"logID":16512}
{"_id":{"$oid":"5d2e650dc6e8563798cbcd5c"},"prjKey":"IDDEV","prjName":"iDashboard-Development","prjId":"10101","levelId":10101,"issueID":10201,"issueKey":"IDDEV-97","issueType":"Story","storyPoints":1.0,"issueCreated":{"$date":"2018-09-28T04:57:10.000Z"},"issueUpdated":{"$date":"2019-07-13T09:05:59.000Z"},"logDate":{"$date":"2019-07-13T09:05:59.718Z"},"logItemID":1,"storyPointsFrom":5.0,"logField":"Story Points","storyPointsTo":1.0,"storyPointsChange":-4.0,"logID":16531}
{"_id":{"$oid":"5d396a30c6e8569d3cc57ffc"},"prjKey":"IDDEV","prjName":"iDashboard-Development","prjId":"10101","levelId":10101,"issueID":15945,"issueKey":"IDDEV-635","issueType":"Story","storyPoints":8.0,"issueCreated":{"$date":"2019-06-20T11:11:12.000Z"},"issueUpdated":{"$date":"2019-07-16T11:35:14.000Z"},"logDate":{"$date":"2019-07-16T11:35:14.112Z"},"logItemID":2,"storyPointsFrom":5.0,"logField":"Story Points","storyPointsTo":8.0,"storyPointsChange":3.0,"logID":16536}
{"_id":{"$oid":"5d396a30c6e8569d3cc57ffd"},"prjKey":"IDDEV","prjName":"iDashboard-Development","prjId":"10101","levelId":10101,"issueID":13472,"issueKey":"IDDEV-625","issueType":"Story","storyPoints":8.0,"issueCreated":{"$date":"2019-06-17T06:05:59.000Z"},"issueUpdated":{"$date":"2019-07-16T11:53:47.000Z"},"logDate":{"$date":"2019-07-16T11:53:47.016Z"},"logItemID":2,"storyPointsFrom":5.0,"logField":"Story Points","storyPointsTo":8.0,"storyPointsChange":3.0,"logID":16538}
{"_id":{"$oid":"5d396a30c6e8569d3cc57ffe"},"prjKey":"IDDEV","prjName":"iDashboard-Development","prjId":"10101","levelId":10101,"issueID":13339,"issueKey":"IDDEV-512","issueType":"Story","storyPoints":8.0,"issueCreated":{"$date":"2019-04-11T18:30:04.000Z"},"issueUpdated":{"$date":"2019-07-16T11:53:29.000Z"},"logDate":{"$date":"2019-07-16T11:53:29.553Z"},"logItemID":2,"storyPointsFrom":5.0,"logField":"Story Points","storyPointsTo":8.0,"storyPointsChange":3.0,"logID":16537}
{"_id":{"$oid":"5d396a30c6e8569d3cc57fff"},"prjKey":"IDDEV","prjName":"iDashboard-Development","prjId":"10101","levelId":10101,"issueID":10530,"issueKey":"IDDEV-426","issueType":"Story","storyPoints":1.0,"issueCreated":{"$date":"2019-03-27T21:38:37.000Z"},"issueUpdated":{"$date":"2019-07-16T12:09:43.000Z"},"logDate":{"$date":"2019-07-16T12:09:43.617Z"},"logItemID":2,"storyPointsFrom":5.0,"logField":"Story Points","storyPointsTo":1.0,"storyPointsChange":-4.0,"logID":16539}
