{"_id":{"$oid":"5bd15ce9b5d74a115071c7f2"},"prjKey":"PRO","prjName":"WDPRO","prjId":"10371","levelId":10101.0,"issueID":632557,"issueKey":"PRO-105383","issueType":"User Story","issueStatusCategory":"To Do","storyPoints":0.0,"storyID":"US40","storyCreationDate":{"$date":"2014-11-20T22:35:25.000Z"},"storyLastUpdateDate":{"$date":"2016-01-19T23:49:33.000Z"},"storyOwner":"Abhishek","SprintID":"","storyStatus":"Defined","iteration":"","storyName":"Browse safaris test 12345 hI Rajesh","userStrdescription":"As a web site visitor, I want to browse through the inventory of available safaris so that I can pick one that fits my time, budget and interest.","hasChildren":"false","backlogStr":"true"}
{"_id":{"$oid":"5bd15cecb5d74a115071c7fb"},"prjKey":"PRO","prjName":"WDPRO","prjId":"10371","levelId":10101.0,"issueID":632550,"issueKey":"PRO-105381","issueType":"User Story","issueStatusCategory":"Done","storyPoints":3.0,"storyID":"US2","storyCreationDate":{"$date":"2014-11-20T22:25:51.000Z"},"storyLastUpdateDate":{"$date":"2014-12-10T17:41:05.000Z"},"storyOwner":"Philip Jarrell","SprintID":"","storyStatus":"Defined","iteration":"","storyName":"Browse safaris test 12345 hI Rajesh","userStrdescription":"As a web site visitor, I want to browse through the inventory of available safaris so that I can pick one that fits my time, budget and interest.","hasChildren":"false","backlogStr":"false"}
{"_id":{"$oid":"5bd15d13b5d74a115071c840"},"prjKey":"PRO","prjName":"WDPRO","prjId":"10371","levelId":10101.0,"issueID":632480,"issueKey":"PRO-105363","issueType":"User Story","issueStatusCategory":"Done","storyPoints":3.0,"storyID":"US4","storyCreationDate":{"$date":"2014-11-20T20:44:00.000Z"},"storyLastUpdateDate":{"$date":"2014-12-16T18:04:41.000Z"},"storyOwner":"Christian Balsamo","SprintID":"","storyStatus":"Defined","iteration":"","storyName":"Browse safaris test 12345 hI Rajesh","userStrdescription":"As a web site visitor, I want to browse through the inventory of available safaris so that I can pick one that fits my time, budget and interest.","hasChildren":"false","backlogStr":"false"}
{"_id":{"$oid":"5bd15d14b5d74a115071c851"},"prjKey":"PRO","prjName":"WDPRO","prjId":"10371","levelId":10101.0,"issueID":632474,"issueKey":"PRO-105361","issueType":"User Story","issueStatusCategory":"Done","storyPoints":3.0,"storyID":"US3","storyCreationDate":{"$date":"2014-11-20T20:38:34.000Z"},"storyLastUpdateDate":{"$date":"2014-12-16T18:04:54.000Z"},"storyOwner":"Christian Balsamo","SprintID":"","storyStatus":"Completed","iteration":"","storyName":"Browse safaris test 12345 hI Rajesh","userStrdescription":"As a web site visitor, I want to browse through the inventory of available safaris so that I can pick one that fits my time, budget and interest.","hasChildren":"false","backlogStr":"false"}
{"_id":{"$oid":"5bd15d18b5d74a115071c879"},"prjKey":"PRO","prjName":"WDPRO","prjId":"10371","levelId":10101.0,"issueID":632456,"issueKey":"PRO-105352","issueType":"User Story","issueStatusCategory":"Done","storyPoints":2.0,"storyID":"US5","storyCreationDate":{"$date":"2014-11-20T20:06:47.000Z"},"storyLastUpdateDate":{"$date":"2014-12-16T20:41:48.000Z"},"storyOwner":"Trevor Grace","SprintID":"","storyStatus":"Completed","iteration":"","storyName":"Browse safaris test 12345 hI Rajesh","userStrdescription":"As a web site visitor, I want to browse through the inventory of available safaris so that I can pick one that fits my time, budget and interest.","hasChildren":"false","backlogStr":"false"}
{"_id":{"$oid":"5bd15d1ab5d74a115071c892"},"prjKey":"PRO","prjName":"WDPRO","prjId":"10371","levelId":10101.0,"issueID":632451,"issueKey":"PRO-105348","issueType":"User Story","issueStatusCategory":"Done","storyPoints":2.0,"storyID":"US6","storyCreationDate":{"$date":"2014-11-20T20:04:11.000Z"},"storyLastUpdateDate":{"$date":"2014-12-12T19:53:46.000Z"},"storyOwner":"Christian Balsamo","SprintID":"","storyStatus":"In-Progress","iteration":"","storyName":"Browse safaris test 12345 hI Rajesh","userStrdescription":"As a web site visitor, I want to browse through the inventory of available safaris so that I can pick one that fits my time, budget and interest.","hasChildren":"false","backlogStr":"false"}
{"_id":{"$oid":"5bd15d1bb5d74a115071c896"},"prjKey":"PRO","prjName":"WDPRO","prjId":"10371","levelId":10101.0,"issueID":632449,"issueKey":"PRO-105346","issueType":"User Story","issueStatusCategory":"Done","storyPoints":5.0,"storyID":"US63","storyCreationDate":{"$date":"2014-11-20T20:01:44.000Z"},"storyLastUpdateDate":{"$date":"2014-12-16T23:11:29.000Z"},"storyOwner":"Christian Balsamo","SprintID":"","storyStatus":"In-Progress","iteration":"","storyName":"Browse safaris test 12345 hI Rajesh","userStrdescription":"As a web site visitor, I want to browse through the inventory of available safaris so that I can pick one that fits my time, budget and interest.","hasChildren":"false","backlogStr":"false"}
{"_id":{"$oid":"5bd15d1bb5d74a115071c89d"},"prjKey":"PRO","prjName":"WDPRO","prjId":"10371","levelId":10101.0,"issueID":632445,"issueKey":"PRO-105344","issueType":"User Story","issueStatusCategory":"Done","storyPoints":1.0,"storyID":"US7","storyCreationDate":{"$date":"2014-11-20T19:54:25.000Z"},"storyLastUpdateDate":{"$date":"2014-12-12T03:26:00.000Z"},"storyOwner":"Manish Shehrawat","SprintID":"","storyStatus":"Completed","iteration":"","storyName":"Browse safaris test 12345 hI Rajesh","userStrdescription":"As a web site visitor, I want to browse through the inventory of available safaris so that I can pick one that fits my time, budget and interest.","hasChildren":"false","backlogStr":"false"}
{"_id":{"$oid":"5bd15d1cb5d74a115071c8a3"},"prjKey":"PRO","prjName":"WDPRO","prjId":"10371","levelId":10101.0,"issueID":632442,"issueKey":"PRO-105341","issueType":"User Story","issueStatusCategory":"Done","storyPoints":3.0,"storyID":"US8","storyCreationDate":{"$date":"2014-11-20T19:52:24.000Z"},"storyLastUpdateDate":{"$date":"2014-12-15T15:09:05.000Z"},"storyOwner":"Manish Shehrawat","SprintID":"","storyStatus":"Completed","iteration":"","storyName":"Browse safaris test 12345 hI Rajesh","userStrdescription":"As a web site visitor, I want to browse through the inventory of available safaris so that I can pick one that fits my time, budget and interest.","hasChildren":"false","backlogStr":"false"}
{"_id":{"$oid":"5bd15d1db5d74a115071c8ab"},"prjKey":"PRO","prjName":"WDPRO","prjId":"10371","levelId":10101.0,"issueID":632436,"issueKey":"PRO-105337","issueType":"User Story","issueStatusCategory":"Done","storyPoints":3.0,"storyID":"US9","storyCreationDate":{"$date":"2014-11-20T19:36:42.000Z"},"storyLastUpdateDate":{"$date":"2014-12-10T18:31:13.000Z"},"storyOwner":"Philip Jarrell","SprintID":"","storyStatus":"Completed","iteration":"","storyName":"Browse safaris test 12345 hI Rajesh","userStrdescription":"As a web site visitor, I want to browse through the inventory of available safaris so that I can pick one that fits my time, budget and interest.","hasChildren":"false","backlogStr":"false"}
{"_id":{"$oid":"5bd15d21b5d74a115071c8cc"},"prjKey":"PRO","prjName":"WDPRO","prjId":"10371","levelId":10101.0,"issueID":632420,"issueKey":"PRO-105322","issueType":"User Story","issueStatusCategory":"Done","storyPoints":1.0,"storyID":"US44","storyCreationDate":{"$date":"2014-11-20T19:29:46.000Z"},"storyLastUpdateDate":{"$date":"2015-05-16T16:59:57.000Z"},"storyOwner":"Abhishek","SprintID":"","storyStatus":"Defined","iteration":"","storyName":"Browse safaris test 12345 hI Rajesh","userStrdescription":"As a web site visitor, I want to browse through the inventory of available safaris so that I can pick one that fits my time, budget and interest.","hasChildren":"false","backlogStr":"false"}
{"_id":{"$oid":"5bd15d21b5d74a115071c8cd"},"prjKey":"PRO","prjName":"WDPRO","prjId":"10371","levelId":10101.0,"issueID":632417,"issueKey":"PRO-105321","issueType":"User Story","issueStatusCategory":"Done","storyPoints":0.0,"storyID":"US62","storyCreationDate":{"$date":"2014-11-20T19:20:11.000Z"},"storyLastUpdateDate":{"$date":"2014-11-20T20:23:59.000Z"},"storyOwner":"Stephen Hall","SprintID":"","storyStatus":"Completed","iteration":"","storyName":"Browse safaris test 12345 hI Rajesh","userStrdescription":"As a web site visitor, I want to browse through the inventory of available safaris so that I can pick one that fits my time, budget and interest.","hasChildren":"false","backlogStr":"false"}
{"_id":{"$oid":"5bd15d22b5d74a115071c8d4"},"prjKey":"PRO","prjName":"WDPRO","prjId":"10371","levelId":10101.0,"issueID":632409,"issueKey":"PRO-105318","issueType":"User Story","issueStatusCategory":"Done","storyPoints":0.0,"storyID":"US65","storyCreationDate":{"$date":"2014-11-20T19:06:30.000Z"},"storyLastUpdateDate":{"$date":"2015-04-08T15:52:46.000Z"},"storyOwner":"Stephen Hall","SprintID":"","storyStatus":"Defined","iteration":"","storyName":"Browse safaris test 12345 hI Rajesh","userStrdescription":"As a web site visitor, I want to browse through the inventory of available safaris so that I can pick one that fits my time, budget and interest.","hasChildren":"false","backlogStr":"false"}
{"_id":{"$oid":"5bd15d25b5d74a115071c8ea"},"prjKey":"PRO","prjName":"WDPRO","prjId":"10371","levelId":10101.0,"issueID":632402,"issueKey":"PRO-105312","issueType":"User Story","issueStatusCategory":"Done","storyPoints":2.0,"storyID":"US64","storyCreationDate":{"$date":"2014-11-20T18:57:43.000Z"},"storyLastUpdateDate":{"$date":"2015-02-20T20:10:29.000Z"},"storyOwner":"Stephen Hall","SprintID":"","storyStatus":"Completed","iteration":"","storyName":"Browse safaris test 12345 hI Rajesh","userStrdescription":"As a web site visitor, I want to browse through the inventory of available safaris so that I can pick one that fits my time, budget and interest.","hasChildren":"false","backlogStr":"false"}
{"_id":{"$oid":"5bd15d28b5d74a115071c90c"},"prjKey":"PRO","prjName":"WDPRO","prjId":"10371","levelId":10101.0,"issueID":632387,"issueKey":"PRO-105306","issueType":"User Story","issueStatusCategory":"Done","storyPoints":5.0,"storyID":"US66","storyCreationDate":{"$date":"2014-11-20T18:34:20.000Z"},"storyLastUpdateDate":{"$date":"2015-05-16T16:57:45.000Z"},"storyOwner":"Stephen Hall","SprintID":"","storyStatus":"In-Progress","iteration":"","storyName":"Browse safaris test 12345 hI Rajesh","userStrdescription":"As a web site visitor, I want to browse through the inventory of available safaris so that I can pick one that fits my time, budget and interest.","hasChildren":"false","backlogStr":"false"}
{"_id":{"$oid":"5bd15d29b5d74a115071c919"},"prjKey":"PRO","prjName":"WDPRO","prjId":"10371","levelId":10101.0,"issueID":632375,"issueKey":"PRO-105302","issueType":"User Story","issueStatusCategory":"Done","storyPoints":2.0,"storyID":"US67","storyCreationDate":{"$date":"2014-11-20T18:18:33.000Z"},"storyLastUpdateDate":{"$date":"2014-12-29T22:31:11.000Z"},"storyOwner":"Stephen Hall","storyStatus":"Defined","iteration":"","storyName":"Browse safaris test 12345 hI Rajesh","userStrdescription":"As a web site visitor, I want to browse through the inventory of available safaris so that I can pick one that fits my time, budget and interest.","hasChildren":"false","backlogStr":"false"}
{"_id":{"$oid":"5bd15d3fb5d74a115071c9da"},"prjKey":"PRO","prjName":"WDPRO","prjId":"10371","levelId":10101.0,"issueID":632332,"issueKey":"PRO-105282","issueType":"User Story","issueStatusCategory":"Done","storyPoints":1.5,"storyID":"US68","storyCreationDate":{"$date":"2014-11-20T16:42:47.000Z"},"storyLastUpdateDate":{"$date":"2015-02-11T18:27:35.000Z"},"storyOwner":"Mohammad Morshed","SprintID":"","storyStatus":"Defined","iteration":"","storyName":"Browse safaris test 12345 hI Rajesh","userStrdescription":"As a web site visitor, I want to browse through the inventory of available safaris so that I can pick one that fits my time, budget and interest.","hasChildren":"false","backlogStr":"false"}
{"_id":{"$oid":"5bd15d3fb5d74a115071c9de"},"prjKey":"PRO","prjName":"WDPRO","prjId":"10371","levelId":10101.0,"issueID":632328,"issueKey":"PRO-105281","issueType":"User Story","issueStatusCategory":"Done","storyPoints":2.0,"storyID":"US69","storyCreationDate":{"$date":"2014-11-20T16:32:20.000Z"},"storyLastUpdateDate":{"$date":"2014-12-04T18:33:21.000Z"},"storyOwner":"Mohammad Morshed","SprintID":"","storyStatus":"Accepted","iteration":"","storyName":"Browse safaris test 12345 hI Rajesh","userStrdescription":"As a web site visitor, I want to browse through the inventory of available safaris so that I can pick one that fits my time, budget and interest.","hasChildren":"false","backlogStr":"false"}
{"_id":{"$oid":"5bd15d47b5d74a115071ca1b"},"prjKey":"PRO","prjName":"WDPRO","prjId":"10371","levelId":10101.0,"issueID":632307,"issueKey":"PRO-105267","issueType":"User Story","issueStatusCategory":"Done","storyPoints":1.5,"storyID":"US70","storyCreationDate":{"$date":"2014-11-20T16:09:51.000Z"},"storyLastUpdateDate":{"$date":"2014-12-16T15:00:33.000Z"},"storyOwner":"Michel Betancourt","SprintID":"","storyStatus":"Completed","iteration":"","storyName":"Browse safaris test 12345 hI Rajesh","userStrdescription":"As a web site visitor, I want to browse through the inventory of available safaris so that I can pick one that fits my time, budget and interest.","hasChildren":"false","backlogStr":"false"}
{"_id":{"$oid":"5bd15d48b5d74a115071ca24"},"prjKey":"PRO","prjName":"WDPRO","prjId":"10371","levelId":10101.0,"issueID":632306,"issueKey":"PRO-105266","issueType":"User Story","issueStatusCategory":"Done","storyPoints":1.0,"storyID":"US71","storyCreationDate":{"$date":"2014-11-20T16:09:24.000Z"},"storyLastUpdateDate":{"$date":"2014-12-02T23:28:21.000Z"},"storyOwner":"Michel Betancourt","SprintID":"6","storyStatus":"In-Progress","iteration":"","storyName":"Browse safaris test 12345 hI Rajesh","userStrdescription":"As a web site visitor, I want to browse through the inventory of available safaris so that I can pick one that fits my time, budget and interest.","hasChildren":"false","backlogStr":"false"}
{"_id":{"$oid":"5bd15d49b5d74a115071ca2a"},"prjKey":"PRO","prjName":"WDPRO","prjId":"10371","levelId":10101.0,"issueID":632305,"issueKey":"PRO-105265","issueType":"User Story","issueStatusCategory":"Done","storyPoints":0.0,"storyID":"US72","storyCreationDate":{"$date":"2014-11-20T16:09:16.000Z"},"storyLastUpdateDate":{"$date":"2016-02-17T16:41:26.000Z"},"storyOwner":"Samir Patel","SprintID":"3","storyStatus":"Defined","iteration":"","storyName":"Browse safaris test 12345 hI Rajesh","userStrdescription":"As a web site visitor, I want to browse through the inventory of available safaris so that I can pick one that fits my time, budget and interest.","hasChildren":"false","backlogStr":"false"}
{"_id":{"$oid":"5bd15d4cb5d74a115071ca4c"},"prjKey":"PRO","prjName":"WDPRO","prjId":"10371","levelId":10101.0,"issueID":632298,"issueKey":"PRO-105258","issueType":"User Story","issueStatusCategory":"Done","storyPoints":0.0,"storyID":"US73","storyCreationDate":{"$date":"2014-11-20T16:08:39.000Z"},"storyLastUpdateDate":{"$date":"2016-02-17T16:26:48.000Z"},"storyOwner":"Samir Patel","SprintID":"","storyStatus":"In-Progress","iteration":"","storyName":"Browse safaris test 12345 hI Rajesh","userStrdescription":"As a web site visitor, I want to browse through the inventory of available safaris so that I can pick one that fits my time, budget and interest.","hasChildren":"true","backlogStr":"false"}
{"_id":{"$oid":"5bd15d4db5d74a115071ca55"},"prjKey":"PRO","prjName":"WDPRO","prjId":"10371","levelId":10101.0,"issueID":632294,"issueKey":"PRO-105254","issueType":"User Story","issueStatusCategory":"Done","storyPoints":0.0,"storyID":"US43","storyCreationDate":{"$date":"2014-11-20T16:08:11.000Z"},"storyLastUpdateDate":{"$date":"2016-02-17T16:41:17.000Z"},"storyOwner":"Samir Patel","SprintID":"","storyStatus":"Completed","iteration":"","storyName":"Browse safaris test 12345 hI Rajesh","userStrdescription":"As a web site visitor, I want to browse through the inventory of available safaris so that I can pick one that fits my time, budget and interest.","hasChildren":"false","backlogStr":"false"}
{"_id":{"$oid":"5bd15d4db5d74a115071ca57"},"prjKey":"PRO","prjName":"WDPRO","prjId":"10371","levelId":10101.0,"issueID":632293,"issueKey":"PRO-105253","issueType":"User Story","issueStatusCategory":"Done","storyPoints":0.0,"storyID":"US45","storyCreationDate":{"$date":"2014-11-20T16:07:49.000Z"},"storyLastUpdateDate":{"$date":"2016-02-17T16:41:02.000Z"},"storyOwner":"Samir Patel","SprintID":"","storyStatus":"Completed","iteration":"","storyName":"Browse safaris test 12345 hI Rajesh","userStrdescription":"As a web site visitor, I want to browse through the inventory of available safaris so that I can pick one that fits my time, budget and interest.","hasChildren":"false","backlogStr":"false"}
{"_id":{"$oid":"5bd15d4fb5d74a115071ca60"},"prjKey":"PRO","prjName":"WDPRO","prjId":"10371","levelId":10101.0,"issueID":632288,"issueKey":"PRO-105249","issueType":"User Story","issueStatusCategory":"Done","storyPoints":0.0,"storyID":"US46","storyCreationDate":{"$date":"2014-11-20T16:07:02.000Z"},"storyLastUpdateDate":{"$date":"2016-02-17T16:40:23.000Z"},"storyOwner":"Samir Patel","SprintID":1,"storyStatus":"Defined","iteration":"","storyName":"Browse safaris test 12345 hI Rajesh","userStrdescription":"As a web site visitor, I want to browse through the inventory of available safaris so that I can pick one that fits my time, budget and interest.","hasChildren":"false","backlogStr":"false"}
{"_id":{"$oid":"5bd15d4fb5d74a115071ca63"},"prjKey":"PRO","prjName":"XYZ_R1","prjId":"10371","levelId":10101.0,"issueID":632287,"issueKey":"PRO-105248","issueType":"User Story","issueStatusCategory":"Done","storyPoints":0.0,"storyID":"US47","storyCreationDate":{"$date":"2014-11-20T16:06:43.000Z"},"storyLastUpdateDate":{"$date":"2016-02-17T16:40:14.000Z"},"storyOwner":"Samir Patel","SprintID":"","storyStatus":"Completed","iteration":"Iteration 3","storyName":"Browse safaris test 12345 hI Rajesh","userStrdescription":"As a web site visitor, I want to browse through the inventory of available safaris so that I can pick one that fits my time, budget and interest.","hasChildren":"false","backlogStr":"false"}
{"_id":{"$oid":"5bd15d4fb5d74a115071ca66"},"prjKey":"PRO","prjName":"XYZ_R1","prjId":"10371","levelId":10101.0,"issueID":632286,"issueKey":"PRO-105247","issueType":"User Story","issueStatusCategory":"Done","storyPoints":0.0,"storyID":"US48","storyCreationDate":{"$date":"2014-11-20T16:06:22.000Z"},"storyLastUpdateDate":{"$date":"2016-02-17T16:40:07.000Z"},"storyOwner":"Philip Jarrell","SprintID":"","storyStatus":"Completed","iteration":"Iteration 2","storyName":"Browse safaris test 12345 hI Rajesh","userStrdescription":"As a web site visitor, I want to browse through the inventory of available safaris so that I can pick one that fits my time, budget and interest.","hasChildren":"false","backlogStr":"false"}
{"_id":{"$oid":"5bd15d50b5d74a115071ca6a"},"prjKey":"PRO","prjName":"XYZ_R1","prjId":"10371","levelId":10101.0,"issueID":632285,"issueKey":"PRO-105246","issueType":"User Story","issueStatusCategory":"Done","storyPoints":0.0,"storyID":"US49","storyCreationDate":{"$date":"2014-11-20T16:06:02.000Z"},"storyLastUpdateDate":{"$date":"2016-01-26T14:35:24.000Z"},"storyOwner":"Samir Patel","SprintID":"","storyStatus":"In-Progress","iteration":"Iteration 1","storyName":"Browse safaris test 12345 hI Rajesh","userStrdescription":"As a web site visitor, I want to browse through the inventory of available safaris so that I can pick one that fits my time, budget and interest.","hasChildren":"false","backlogStr":"false"}
{"_id":{"$oid":"5bd15d50b5d74a115071ca6c"},"prjKey":"PRO","prjName":"XYZ_R1","prjId":"10371","levelId":10101.0,"issueID":632284,"issueKey":"PRO-105245","issueType":"User Story","issueStatusCategory":"Done","storyPoints":0.0,"storyID":"US50","storyCreationDate":{"$date":"2014-11-20T16:05:40.000Z"},"storyLastUpdateDate":{"$date":"2016-02-17T16:39:57.000Z"},"storyOwner":"Samir Patel","SprintID":"","storyStatus":"Completed","iteration":"Iteration 2","storyName":"Browse safaris test 12345 hI Rajesh","userStrdescription":"As a web site visitor, I want to browse through the inventory of available safaris so that I can pick one that fits my time, budget and interest.","hasChildren":"false","backlogStr":"false"}
{"_id":{"$oid":"5bd15d50b5d74a115071ca6f"},"prjKey":"PRO","prjName":"XYZ_R1","prjId":"10371","levelId":10101.0,"issueID":632283,"issueKey":"PRO-105244","issueType":"User Story","issueStatusCategory":"Done","storyPoints":0.0,"storyID":"US51","storyCreationDate":{"$date":"2014-11-20T16:05:18.000Z"},"storyLastUpdateDate":{"$date":"2016-02-17T16:39:50.000Z"},"storyOwner":"Samir Patel","SprintID":"","storyStatus":"Defined","iteration":"Iteration 3","storyName":"Browse safaris test 12345 hI Rajesh","userStrdescription":"As a web site visitor, I want to browse through the inventory of available safaris so that I can pick one that fits my time, budget and interest.","hasChildren":"false","backlogStr":"false"}
{"_id":{"$oid":"5bd15d51b5d74a115071ca74"},"prjKey":"PRO","prjName":"XYZ_R1","prjId":"10371","levelId":10101.0,"issueID":632282,"issueKey":"PRO-105243","issueType":"User Story","issueStatusCategory":"Done","storyPoints":0.0,"storyID":"US53","storyCreationDate":{"$date":"2014-11-20T16:04:52.000Z"},"storyLastUpdateDate":{"$date":"2016-02-17T16:39:43.000Z"},"storyOwner":"Samir Patel","SprintID":"","storyStatus":"In-Progress","iteration":"Iteration 2","storyName":"Browse safaris test 12345 hI Rajesh","userStrdescription":"As a web site visitor, I want to browse through the inventory of available safaris so that I can pick one that fits my time, budget and interest.","hasChildren":"true","backlogStr":"true"}
{"_id":{"$oid":"5bd15d51b5d74a115071ca78"},"prjKey":"PRO","prjName":"XYZ_R1","prjId":"10371","levelId":10101.0,"issueID":632281,"issueKey":"PRO-105242","issueType":"User Story","issueStatusCategory":"Done","storyPoints":0.0,"storyID":"US52","storyCreationDate":{"$date":"2014-11-20T16:03:50.000Z"},"storyLastUpdateDate":{"$date":"2016-02-17T16:39:36.000Z"},"storyOwner":"Samir Patel","SprintID":"","storyStatus":"Completed","iteration":"Iteration 3","storyName":"Browse safaris test 12345 hI Rajesh","userStrdescription":"As a web site visitor, I want to browse through the inventory of available safaris so that I can pick one that fits my time, budget and interest.","hasChildren":"false","backlogStr":"false"}
{"_id":{"$oid":"5bd15d51b5d74a115071ca7b"},"prjKey":"PRO","prjName":"Proj_2","prjId":"10371","levelId":10101.0,"issueID":632279,"issueKey":"PRO-105241","issueType":"User Story","issueStatusCategory":"Done","storyPoints":0.0,"storyID":"US55","storyCreationDate":{"$date":"2014-11-20T16:00:44.000Z"},"storyLastUpdateDate":{"$date":"2016-02-17T16:39:29.000Z"},"storyOwner":"Samir Patel","SprintID":"","storyStatus":"Completed","iteration":"Iteration Deveops-3","storyName":"Browse safaris test 12345 hI Rajesh","userStrdescription":"As a web site visitor, I want to browse through the inventory of available safaris so that I can pick one that fits my time, budget and interest.","hasChildren":"false","backlogStr":"false"}
{"_id":{"$oid":"5bd15d52b5d74a115071ca7e"},"prjKey":"PRO","prjName":"Proj_2","prjId":"10371","levelId":10101.0,"issueID":632278,"issueKey":"PRO-105240","issueType":"User Story","issueStatusCategory":"Done","storyPoints":0.0,"storyID":"US57","storyCreationDate":{"$date":"2014-11-20T15:59:17.000Z"},"storyLastUpdateDate":{"$date":"2016-02-17T16:35:08.000Z"},"storyOwner":"Samir Patel","SprintID":"","storyStatus":"Completed","iteration":"Iteration Deveops-2","storyName":"Browse safaris test 12345 hI Rajesh","userStrdescription":"As a web site visitor, I want to browse through the inventory of available safaris so that I can pick one that fits my time, budget and interest.","hasChildren":"false","backlogStr":"false"}
{"_id":{"$oid":"5bd15d53b5d74a115071ca82"},"prjKey":"PRO","prjName":"Proj_2","prjId":"10371","levelId":10101.0,"issueID":632276,"issueKey":"PRO-105238","issueType":"User Story","issueStatusCategory":"Done","storyPoints":2.0,"storyID":"US58","storyCreationDate":{"$date":"2014-11-20T15:58:45.000Z"},"storyLastUpdateDate":{"$date":"2014-12-02T19:08:25.000Z"},"storyOwner":"Philip Jarrell","SprintID":"","storyStatus":"Completed","iteration":"Iteration Deveops-3","storyName":"Browse safaris test 12345 hI Rajesh","userStrdescription":"As a web site visitor, I want to browse through the inventory of available safaris so that I can pick one that fits my time, budget and interest.","hasChildren":"false","backlogStr":"false"}
{"_id":{"$oid":"5bd15d54b5d74a115071ca8c"},"prjKey":"PRO","prjName":"Proj_2","prjId":"10371","levelId":10101.0,"issueID":632272,"issueKey":"PRO-105234","issueType":"User Story","issueStatusCategory":"Done","storyPoints":0.0,"storyID":"US59","storyCreationDate":{"$date":"2014-11-20T15:58:35.000Z"},"storyLastUpdateDate":{"$date":"2016-02-17T16:39:15.000Z"},"storyOwner":"Samir Patel","SprintID":"","storyStatus":"Defined","iteration":"Iteration Deveops-2","storyName":"Browse safaris test 12345 hI Rajesh","userStrdescription":"As a web site visitor, I want to browse through the inventory of available safaris so that I can pick one that fits my time, budget and interest.","hasChildren":"tue","backlogStr":"false"}
{"_id":{"$oid":"5bd15d55b5d74a115071ca91"},"prjKey":"PRO","prjName":"Proj_2","prjId":"10371","levelId":10101.0,"issueID":632271,"issueKey":"PRO-105233","issueType":"User Story","issueStatusCategory":"Done","storyPoints":0.0,"storyID":"US54","storyCreationDate":{"$date":"2014-11-20T15:57:58.000Z"},"storyLastUpdateDate":{"$date":"2016-02-17T16:33:25.000Z"},"storyOwner":"Samir Patel","SprintID":"","storyStatus":"Completed","iteration":"Iteration Deveops-1","storyName":"Browse safaris test 12345 hI Rajesh","userStrdescription":"As a web site visitor, I want to browse through the inventory of available safaris so that I can pick one that fits my time, budget and interest.","hasChildren":"false","backlogStr":"false"}
{"_id":{"$oid":"5bd15d55b5d74a115071ca94"},"prjKey":"PRO","prjName":"Proj_2","prjId":"10371","levelId":10101.0,"issueID":632270,"issueKey":"PRO-105232","issueType":"User Story","issueStatusCategory":"Done","storyPoints":0.0,"storyID":"US60","storyCreationDate":{"$date":"2014-11-20T15:57:23.000Z"},"storyLastUpdateDate":{"$date":"2016-02-17T16:33:04.000Z"},"storyOwner":"Samir Patel","SprintID":"","storyStatus":"Completed","iteration":"Iteration Deveops-1","storyName":"Browse safaris test 12345 hI Rajesh","userStrdescription":"As a web site visitor, I want to browse through the inventory of available safaris so that I can pick one that fits my time, budget and interest.","hasChildren":"false","backlogStr":"false"}
{"_id":{"$oid":"5bd15d56b5d74a115071ca9b"},"prjKey":"PRO","prjName":"Proj_2","prjId":"10371","levelId":10101.0,"issueID":632269,"issueKey":"PRO-105231","issueType":"User Story","issueStatusCategory":"Done","storyPoints":0.0,"storyID":"US61","storyCreationDate":{"$date":"2014-11-20T15:56:50.000Z"},"storyLastUpdateDate":{"$date":"2016-02-17T16:38:44.000Z"},"storyOwner":"Samir Patel","SprintID":"","storyStatus":"In-Progress","iteration":"Iteration Deveops-1","storyName":"Browse safaris test 12345 hI Rajesh","userStrdescription":"As a web site visitor, I want to browse through the inventory of available safaris so that I can pick one that fits my time, budget and interest.","hasChildren":"true","backlogStr":"false"}
{"_id":{"$oid":"5bd15d57b5d74a115071caa1"},"prjKey":"PRO","prjName":"Proj_2","prjId":"10371","levelId":10101.0,"issueID":632268,"issueKey":"PRO-105230","issueType":"User Story","issueStatusCategory":"Done","storyPoints":0.0,"storyID":"US18","storyCreationDate":{"$date":"2014-11-20T15:56:06.000Z"},"storyLastUpdateDate":{"$date":"2016-02-17T16:38:33.000Z"},"storyOwner":"Samir Patel","SprintID":"","storyStatus":"Completed","iteration":"Iteration Deveops-1","storyName":"Browse safaris test 12345 hI Rajesh","userStrdescription":"As a web site visitor, I want to browse through the inventory of available safaris so that I can pick one that fits my time, budget and interest.","hasChildren":"false","backlogStr":"false"}
{"_id":{"$oid":"5bd15d58b5d74a115071cab8"},"prjKey":"PRO","prjName":"XYZ","prjId":"10371","levelId":10101.0,"issueID":632264,"issueKey":"PRO-105226","issueType":"User Story","issueStatusCategory":"Done","storyPoints":0.0,"storyID":"US17","storyCreationDate":{"$date":"2014-11-20T15:55:12.000Z"},"storyLastUpdateDate":{"$date":"2016-02-17T16:38:19.000Z"},"storyOwner":"Samir Patel","SprintID":"3","storyStatus":"In-Progress","iteration":"Iteration 2 - Streamline Operations","storyName":"Browse safaris test 12345 hI Rajesh","userStrdescription":"As a web site visitor, I want to browse through the inventory of available safaris so that I can pick one that fits my time, budget and interest.","hasChildren":"false","backlogStr":"false"}
{"_id":{"$oid":"5bd15dcbb5d74a115071cbd6"},"prjKey":"PRO","prjName":"XYZ","prjId":"10371","levelId":10101.0,"issueID":632169,"issueKey":"PRO-105177","issueType":"User Story","issueStatusCategory":"Done","storyPoints":1.0,"storyID":"US16","storyCreationDate":{"$date":"2014-11-20T03:11:58.000Z"},"storyLastUpdateDate":{"$date":"2014-11-27T13:23:18.000Z"},"storyOwner":"Samir Patel","SprintID":"3","storyStatus":"Defined","iteration":"Sample Project Iteration 5","storyName":"Browse safaris test 12345 hI Rajesh","userStrdescription":"As a web site visitor, I want to browse through the inventory of available safaris so that I can pick one that fits my time, budget and interest.","hasChildren":"false","backlogStr":"true"}
{"_id":{"$oid":"5bd15dcdb5d74a115071cbd9"},"prjKey":"PRO","prjName":"XYZ","prjId":"10371","levelId":10101.0,"issueID":632168,"issueKey":"PRO-105176","issueType":"User Story","issueStatusCategory":"Done","storyPoints":2.0,"storyID":"US13","storyCreationDate":{"$date":"2014-11-20T03:07:53.000Z"},"storyLastUpdateDate":{"$date":"2014-12-11T06:57:13.000Z"},"storyOwner":"Samir Patel","SprintID":"4","storyStatus":"Completed","iteration":"Sample Project Iteration 5","storyName":"Browse safaris test 12345 hI Rajesh","userStrdescription":"As a web site visitor, I want to browse through the inventory of available safaris so that I can pick one that fits my time, budget and interest.","hasChildren":"false","backlogStr":"false"}
{"_id":{"$oid":"5bd15dceb5d74a115071cbdc"},"prjKey":"PRO","prjName":"XYZ","prjId":"10371","levelId":10101.0,"issueID":632167,"issueKey":"PRO-105175","issueType":"User Story","issueStatusCategory":"Done","storyPoints":2.0,"storyID":"US14","storyCreationDate":{"$date":"2014-11-20T03:03:27.000Z"},"storyLastUpdateDate":{"$date":"2014-12-01T20:37:59.000Z"},"storyOwner":"Samir Patel","SprintID":"","storyStatus":"Completed","iteration":"Sample Project Iteration 5","storyName":"Browse safaris test 12345 hI Rajesh","userStrdescription":"As a web site visitor, I want to browse through the inventory of available safaris so that I can pick one that fits my time, budget and interest.","hasChildren":"false","backlogStr":"false"}
{"_id":{"$oid":"5bd15dddb5d74a115071cbf2"},"prjKey":"PRO","prjName":"XYZ_R1","prjId":"10371","levelId":10101.0,"issueID":632123,"issueKey":"PRO-105157","issueType":"User Story","issueStatusCategory":"Done","storyPoints":0.0,"storyID":"US15","storyCreationDate":{"$date":"2014-11-19T23:23:48.000Z"},"storyLastUpdateDate":{"$date":"2015-01-16T18:04:41.000Z"},"storyOwner":"Vani Palepu","SprintID":"1","storyStatus":"In-Progress","iteration":"Iteration 1","storyName":"Browse safaris test 12345 hI Rajesh","userStrdescription":"As a web site visitor, I want to browse through the inventory of available safaris so that I can pick one that fits my time, budget and interest.","hasChildren":"false","backlogStr":"false"}
{"_id":{"$oid":"5bd15de5b5d74a115071cc01"},"prjKey":"PRO","prjName":"XYZ_R1","prjId":"10371","levelId":10101.0,"issueID":632114,"issueKey":"PRO-105154","issueType":"User Story","issueStatusCategory":"Done","storyPoints":0.0,"storyID":"US22","storyCreationDate":{"$date":"2014-11-19T23:08:38.000Z"},"storyLastUpdateDate":{"$date":"2014-12-02T14:23:50.000Z"},"storyOwner":"Vani Palepu","storyStatus":"Completed","iteration":"Iteration 1","storyName":"Browse safaris test 12345 hI Rajesh","userStrdescription":"As a web site visitor, I want to browse through the inventory of available safaris so that I can pick one that fits my time, budget and interest.","hasChildren":"false","backlogStr":"false"}
{"_id":{"$oid":"5bd15de7b5d74a115071cc07"},"prjKey":"PRO","prjName":"XYZ_R1","prjId":"10371","levelId":10101.0,"issueID":632113,"issueKey":"PRO-105153","issueType":"Change Request","issueStatusCategory":"Done","storyPoints":0.0,"storyID":"US12","storyCreationDate":{"$date":"2014-11-19T23:06:45.000Z"},"storyLastUpdateDate":{"$date":"2014-11-21T20:06:04.000Z"},"storyOwner":"Vani Palepu","SprintID":"6","storyStatus":"Completed","iteration":"Iteration 2","storyName":"Browse safaris test 12345 hI Rajesh","userStrdescription":"As a web site visitor, I want to browse through the inventory of available safaris so that I can pick one that fits my time, budget and interest.","hasChildren":"false","backlogStr":"false"}
{"_id":{"$oid":"5bd15df0b5d74a115071cc19"},"prjKey":"PRO","prjName":"XYZ_R1","prjId":"10371","levelId":10101.0,"issueID":632109,"issueKey":"PRO-105150","issueType":"User Story","issueStatusCategory":"Done","storyPoints":5.0,"storyID":"US11","storyCreationDate":{"$date":"2014-11-19T22:54:58.000Z"},"storyLastUpdateDate":{"$date":"2015-01-12T21:53:45.000Z"},"storyOwner":"Vani Palepu","storyStatus":"Defined","iteration":"Iteration 3","storyName":"Browse safaris test 12345 hI Rajesh","userStrdescription":"As a web site visitor, I want to browse through the inventory of available safaris so that I can pick one that fits my time, budget and interest.","hasChildren":"false","backlogStr":"true"}
{"_id":{"$oid":"5bd15df3b5d74a115071cc20"},"prjKey":"PRO","prjName":"Proj_2","prjId":"10371","levelId":10101.0,"issueID":632097,"issueKey":"PRO-105149","issueType":"User Story","issueStatusCategory":"Done","storyPoints":1.0,"storyID":"US24","storyCreationDate":{"$date":"2014-11-19T22:37:34.000Z"},"storyLastUpdateDate":{"$date":"2014-12-17T19:09:32.000Z"},"storyOwner":"Stephen Hall","storyStatus":"Completed","iteration":"Iteration Deveops-2","storyName":"Browse safaris test 12345 hI Rajesh","userStrdescription":"As a web site visitor, I want to browse through the inventory of available safaris so that I can pick one that fits my time, budget and interest.","hasChildren":"false","backlogStr":"false"}
{"_id":{"$oid":"5bd15df7b5d74a115071cc2b"},"prjKey":"PRO","prjName":"WDPRO","prjId":"10371","levelId":10101.0,"issueID":632085,"issueKey":"PRO-105147","issueType":"Change Request","issueStatusCategory":"Done","storyPoints":4.0,"storyID":"US23","storyCreationDate":{"$date":"2014-11-19T22:26:15.000Z"},"storyLastUpdateDate":{"$date":"2015-01-27T15:56:58.000Z"},"storyOwner":"Abhishek","SprintID":"","storyStatus":"In-Progress","iteration":"","storyName":"Browse safaris test 12345 hI Rajesh","userStrdescription":"As a web site visitor, I want to browse through the inventory of available safaris so that I can pick one that fits my time, budget and interest.","hasChildren":"false","backlogStr":"false"}
{"_id":{"$oid":"5bd15e02b5d74a115071cc40"},"prjKey":"PRO","prjName":"WDPRO","prjId":"10371","levelId":10101.0,"issueID":632055,"issueKey":"PRO-105142","issueType":"User Story","issueStatusCategory":"Done","storyPoints":2.0,"storyID":"US1","storyCreationDate":{"$date":"2014-11-19T21:35:14.000Z"},"storyLastUpdateDate":{"$date":"2014-11-19T23:56:00.000Z"},"storyOwner":"Calvin Kong","SprintID":"","storyStatus":"Completed","iteration":"","storyName":"Browse safaris test 12345 hI Rajesh","userStrdescription":"As a web site visitor, I want to browse through the inventory of available safaris so that I can pick one that fits my time, budget and interest.","hasChildren":"false","backlogStr":"false"}
{"_id":{"$oid":"5bd15e0fb5d74a115071cc5a"},"prjKey":"PRO","prjName":"WDPRO","prjId":"10371","levelId":10101.0,"issueID":632020,"issueKey":"PRO-105137","issueType":"User Story","issueStatusCategory":"Done","storyPoints":3.0,"storyID":"US38","storyCreationDate":{"$date":"2014-11-19T21:14:53.000Z"},"storyLastUpdateDate":{"$date":"2014-12-01T18:51:44.000Z"},"storyOwner":"Calvin Kong","storyStatus":"Accepted","iteration":"","storyName":"Browse safaris test 12345 hI Rajesh","userStrdescription":"As a web site visitor, I want to browse through the inventory of available safaris so that I can pick one that fits my time, budget and interest.","hasChildren":"false","backlogStr":"false"}
{"_id":{"$oid":"5bd15e18b5d74a115071cc62"},"prjKey":"PRO","prjName":"WDPRO","prjId":"10371","levelId":10101.0,"issueID":632007,"issueKey":"PRO-105135","issueType":"User Story","issueStatusCategory":"Done","storyPoints":0.0,"storyID":"US29","storyCreationDate":{"$date":"2014-11-19T21:00:58.000Z"},"storyLastUpdateDate":{"$date":"2015-07-01T00:03:06.000Z"},"storyOwner":"Calvin Kong","storyStatus":"Completed","iteration":"","storyName":"Browse safaris test 12345 hI Rajesh","userStrdescription":"As a web site visitor, I want to browse through the inventory of available safaris so that I can pick one that fits my time, budget and interest.","hasChildren":"false","backlogStr":"false"}
{"_id":{"$oid":"5bd50290b5d74a11507d3942"},"prjKey":"PRO","prjName":"XYZ","prjId":"10371","levelId":10101.0,"issueID":1179416,"issueKey":"PRO-323027","issueType":"User Story","issueStatusCategory":"Done","storyPoints":0.0,"storyID":"US34","storyCreationDate":{"$date":"2018-03-28T20:44:21.000Z"},"storyLastUpdateDate":{"$date":"2018-04-27T18:21:25.000Z"},"storyOwner":"Trevor Grace","SprintID":2,"storyStatus":"Completed","iteration":"Sample Project Iteration 5","storyName":"Browse safaris test 12345 hI Rajesh","userStrdescription":"As a web site visitor, I want to browse through the inventory of available safaris so that I can pick one that fits my time, budget and interest.","hasChildren":"false","backlogStr":"false"}
{"_id":{"$oid":"5bd51bb4b5d74a11507d8f4b"},"prjKey":"PRO","prjName":"XYZ","prjId":"10371","levelId":10101.0,"issueID":1159320,"issueKey":"PRO-315477","issueType":"User Story","issueStatusCategory":"Done","storyPoints":1.0,"storyID":"US35","storyCreationDate":{"$date":"2018-02-16T20:13:02.000Z"},"storyLastUpdateDate":{"$date":"2018-04-27T18:19:08.000Z"},"storyOwner":"Trevor Grace","SprintID":1,"storyStatus":"Completed","iteration":"Iteration 1 - Browse and Book","storyName":"Browse safaris test 12345 hI Rajesh","userStrdescription":"As a web site visitor, I want to browse through the inventory of available safaris so that I can pick one that fits my time, budget and interest.","hasChildren":"false","backlogStr":"false"}
{"_id":{"$oid":"5bd51c54b5d74a11507d925e"},"prjKey":"PRO","prjName":"XYZ","prjId":"10371","levelId":10101.0,"issueID":1158607,"issueKey":"PRO-315241","issueType":"User Story","issueStatusCategory":"Done","storyPoints":2.0,"storyID":"US36","storyCreationDate":{"$date":"2018-02-15T18:25:08.000Z"},"storyLastUpdateDate":{"$date":"2018-04-27T18:20:18.000Z"},"storyOwner":"Trevor Grace","SprintID":3,"storyStatus":"In-Progress","iteration":"Iteration 2 - Streamline Operations","storyName":"Browse safaris test 12345 hI Rajesh","userStrdescription":"As a web site visitor, I want to browse through the inventory of available safaris so that I can pick one that fits my time, budget and interest.","hasChildren":"false","backlogStr":"false"}
{"_id":{"$oid":"5bd5261bb5d74a11507db246"},"prjKey":"PRO","prjName":"XYZ","prjId":"10371","levelId":10101.0,"issueID":1149793,"issueKey":"PRO-312436","issueType":"User Story","issueStatusCategory":"Done","storyPoints":2.0,"storyID":"US10","storyCreationDate":{"$date":"2018-01-26T19:49:31.000Z"},"storyLastUpdateDate":{"$date":"2018-04-27T18:19:03.000Z"},"storyOwner":"Manish Shehrawat","SprintID":3,"storyStatus":"Defined","iteration":"Iteration 1 - Browse and Book","storyName":"Browse safaris test 12345 hI Rajesh","userStrdescription":"As a web site visitor, I want to browse through the inventory of available safaris so that I can pick one that fits my time, budget and interest.","hasChildren":"false","backlogStr":"true"}
{"_id":{"$oid":"5bd52c59b5d74a11507dc9b9"},"prjKey":"PRO","prjName":"XYZ","prjId":"10371","levelId":10101.0,"issueID":1143180,"issueKey":"PRO-310205","issueType":"User Story","issueStatusCategory":"Done","storyPoints":2.0,"storyID":"US28","storyCreationDate":{"$date":"2018-01-12T18:27:03.000Z"},"storyLastUpdateDate":{"$date":"2018-04-27T18:21:40.000Z"},"storyOwner":"Manish Shehrawat","storyStatus":"Completed","iteration":"Iteration 2 - Streamline Operations","storyName":"Browse safaris test 12345 hI Rajesh","userStrdescription":"As a web site visitor, I want to browse through the inventory of available safaris so that I can pick one that fits my time, budget and interest.","hasChildren":"false","backlogStr":"false"}
{"_id":{"$oid":"5bd52c92b5d74a11507dca98"},"prjKey":"PRO","prjName":"XYZ","prjId":"10371","levelId":10101.0,"issueID":1143014,"issueKey":"PRO-310104","issueType":"User Story","issueStatusCategory":"Done","storyPoints":3.0,"storyID":"US27","storyCreationDate":{"$date":"2018-01-12T16:17:43.000Z"},"storyLastUpdateDate":{"$date":"2018-06-04T20:17:10.000Z"},"storyOwner":"Trevor Grace","storyStatus":"In-Progress","iteration":"Iteration 3 - After Safari-Rajesh \u0026 durgesh","storyName":"Browse safaris test 12345 hI Rajesh","userStrdescription":"As a web site visitor, I want to browse through the inventory of available safaris so that I can pick one that fits my time, budget and interest.","hasChildren":"false","backlogStr":"false"}
{"_id":{"$oid":"5bd52d92b5d74a11507dcdd9"},"prjKey":"PRO","prjName":"XYZ","prjId":"10371","levelId":10101.0,"issueID":1141956,"issueKey":"PRO-309723","issueType":"User Story","issueStatusCategory":"Done","storyPoints":3.0,"storyID":"US39","storyCreationDate":{"$date":"2018-01-10T19:55:05.000Z"},"storyLastUpdateDate":{"$date":"2018-05-30T19:17:48.000Z"},"storyOwner":"Manish Shehrawat","SprintID":4,"storyStatus":"Completed","iteration":"Iteration 3 - After Safari-Rajesh \u0026 durgesh","storyName":"Browse safaris test 12345 hI Rajesh","userStrdescription":"As a web site visitor, I want to browse through the inventory of available safaris so that I can pick one that fits my time, budget and interest.","hasChildren":"false","backlogStr":"false"}
{"_id":{"$oid":"5bd53654b5d74a11507de5e2"},"prjKey":"PRO","prjName":"XYZ","prjId":"10371","levelId":10101.0,"issueID":1087054,"issueKey":"PRO-290349","issueType":"User Story","issueStatusCategory":"Done","storyPoints":0.0,"storyID":"US56","storyCreationDate":{"$date":"2017-08-30T17:56:50.000Z"},"storyLastUpdateDate":{"$date":"2018-05-09T14:19:51.000Z"},"storyOwner":"Christian Balsamo","SprintID":6,"storyStatus":"In-Progress","iteration":"Sample Project Iteration 5","storyName":"Browse safaris test 12345 hI Rajesh","userStrdescription":"As a web site visitor, I want to browse through the inventory of available safaris so that I can pick one that fits my time, budget and interest.","hasChildren":"false","backlogStr":"true"}
{"_id":{"$oid":"5bd58dc1b5d74a11507eb201"},"prjKey":"PRO","prjName":"XYZ","prjId":"10371","levelId":10101.0,"issueID":1255197,"issueKey":"PRO-349603","issueType":"User Story","issueStatusCategory":"Done","storyPoints":1.0,"storyID":"US31","storyCreationDate":{"$date":"2018-08-22T18:05:59.000Z"},"storyLastUpdateDate":{"$date":"2018-09-18T18:46:38.000Z"},"storyOwner":"Christian Balsamo","SprintID":1,"storyStatus":"Completed","iteration":"Iteration 3 - After Safari-Rajesh \u0026 durgesh","storyName":"Browse safaris test 12345 hI Rajesh","userStrdescription":"As a web site visitor, I want to browse through the inventory of available safaris so that I can pick one that fits my time, budget and interest.","hasChildren":"false","backlogStr":"false"}
{"_id":{"$oid":"5bd58e62b5d74a11507eb365"},"prjKey":"PRO","prjName":"XYZ","prjId":"10371","levelId":10101.0,"issueID":1254350,"issueKey":"PRO-349201","issueType":"User Story","issueStatusCategory":"Done","storyPoints":1.0,"storyID":"US32","storyCreationDate":{"$date":"2018-08-21T17:31:58.000Z"},"storyLastUpdateDate":{"$date":"2018-09-18T18:50:18.000Z"},"storyOwner":"Christian Balsamo","SprintID":4,"storyStatus":"In-Progress","iteration":"Iteration 2 - Streamline Operations","storyName":"Browse safaris test 12345 hI Rajesh","userStrdescription":"As a web site visitor, I want to browse through the inventory of available safaris so that I can pick one that fits my time, budget and interest.","hasChildren":"false","backlogStr":"false"}
{"_id":{"$oid":"5bd58e73b5d74a11507eb37e"},"prjKey":"PRO","prjName":"XYZ","prjId":"10371","levelId":10101.0,"issueID":1254228,"issueKey":"PRO-349174","issueType":"User Story","issueStatusCategory":"Done","storyPoints":2.0,"storyID":"US33","storyCreationDate":{"$date":"2018-08-21T15:34:31.000Z"},"storyLastUpdateDate":{"$date":"2018-09-20T19:19:40.000Z"},"storyOwner":"Trevor Grace","SprintID":1,"storyStatus":"Defined","iteration":"Iteration 3 - After Safari-Rajesh \u0026 durgesh","storyName":"Browse safaris test 12345 hI Rajesh","userStrdescription":"As a web site visitor, I want to browse through the inventory of available safaris so that I can pick one that fits my time, budget and interest.","hasChildren":"false","backlogStr":"false"}
{"_id":{"$oid":"5bd6a24eb5d74a1150801fa1"},"prjKey":"PRO","prjName":"XYZ","prjId":"10371","levelId":10101.0,"issueID":1268939,"issueKey":"PRO-354887","issueType":"User Story","issueStatusCategory":"In Progress","storyPoints":3.0,"storyID":"US37","storyCreationDate":{"$date":"2018-09-18T14:38:19.000Z"},"storyLastUpdateDate":{"$date":"2018-10-02T18:28:49.000Z"},"storyOwner":"Abhishek","SprintID":6,"storyStatus":"In-Progress","iteration":"Iteration 3 - After Safari-Rajesh \u0026 durgesh","storyName":"Browse safaris test 12345 hI Rajesh","userStrdescription":"As a web site visitor, I want to browse through the inventory of available safaris so that I can pick one that fits my time, budget and interest.","hasChildren":"false","backlogStr":"false"}
{"_id":{"$oid":"5bd6a567b5d74a1cf867c602"},"prjKey":"PRO","prjName":"XYZ","prjId":"10371","levelId":10101.0,"issueID":1279256,"issueKey":"PRO-358915","issueType":"Content Update","issueStatusCategory":"To Do","storyPoints":0.0,"storyID":"US25","storyCreationDate":{"$date":"2018-10-08T18:21:19.000Z"},"storyLastUpdateDate":{"$date":"2018-10-25T18:30:12.000Z"},"storyOwner":"Philip Jarrell","storyStatus":"In-Progress","iteration":"Iteration 1 - Browse and Book","storyName":"Browse safaris test 12345 hI Rajesh","userStrdescription":"As a web site visitor, I want to browse through the inventory of available safaris so that I can pick one that fits my time, budget and interest.","hasChildren":"false","backlogStr":"false"}
{"_id":{"$oid":"5bd6a623b5d74a1cf867c8be"},"prjKey":"PRO","prjName":"XYZ","prjId":"10371","levelId":10101.0,"issueID":1191750,"issueKey":"PRO-326576","issueType":"User Story","issueStatusCategory":"In Progress","storyPoints":1.0,"storyID":"US26","storyCreationDate":{"$date":"2018-04-18T21:04:34.000Z"},"storyLastUpdateDate":{"$date":"2018-10-26T22:17:17.000Z"},"storyOwner":"Philip Jarrell","SprintID":1,"storyStatus":"In-Progress","iteration":"Iteration 3 - After Safari-Rajesh \u0026 durgesh","storyName":"Browse safaris test 12345 hI Rajesh","userStrdescription":"As a web site visitor, I want to browse through the inventory of available safaris so that I can pick one that fits my time, budget and interest.","hasChildren":"false","backlogStr":"false"}
