{"_id":{"$oid":"596e69d3a2e6f23e28b9fab5"},"levelIdKey":"L1*DEVOPS*L2*Proj_3*L3*9999999","level1":"DEVOPS","level2":"Proj_3","level3":"DefaultN","releaseId":"9999999","SourceTool":"ALM","levelId":1013}
{"_id":{"$oid":"596e69d3a2e6f23e28b9fad3"},"levelIdKey":"L1*TESTING*L2*Proj_4*L3*9999998","level1":"TESTING","level2":"Proj_4","level3":"Default","releaseId":"9999998","SourceTool":"ALM","levelId":1014}
{"_id":{"$oid":"596e69d3a2e6f23e28b9fae9"},"levelIdKey":"L1*TESTING*L2*Proj_4*L3*1001","level1":"TESTING","level2":"Proj_4","level3":"Rel_1","releaseId":"1001","SourceTool":"ALM","levelId":1015}
{"_id":{"$oid":"596e69d3a2e6f23e28b9faf6"},"levelIdKey":"L1*TESTING*L2*XYZ*L3*9999998","level1":"TESTING","level2":"XYZ","level3":"Default","releaseId":"9999998","SourceTool":"ALM","levelId":1016}
{"_id":{"$oid":"596e69d3a2e6f23e28b9fb0c"},"levelIdKey":"L1*TESTING*L2*XYZ*L3*1001","level1":"TESTING","level2":"XYZ","level3":"Rel_1","releaseId":"1001","SourceTool":"ALM","levelId":1017}
{"_id":{"$oid":"596e69d3a2e6f23e28b9fb0e"},"levelIdKey":"L1*TESTING*L2*XYZ*L3*1002","level1":"TESTING","level2":"XYZ","level3":"Rel_2","releaseId":"1002","SourceTool":"ALM","levelId":1018}
{"_id":{"$oid":"5c8f4eed572c25391aba1b4b"},"levelIdKey":"L1*TESTING*L2*XYZ*L3*1002","level1":"IDDEV","level2":"iDashboard","level3":"IDDEV","releaseId":"1002","SourceTool":"JIRA","levelId":10101}
{"_id":{"$oid":"5e9ed6a0da94ea1a321c78bb"},"levelIdKey":"DEVOPS*Online_Portal*Re1_1.0","level1":"Supply Chain","level2":"ATOM D2","level3":"Rel_1.1","releaseId":"1020","SourceTool":"ALM","levelId":711020}
{"_id":{"$oid":"5e9ed700da94ea1a321c78bc"},"levelIdKey":"DEVOPS*Online_Portal*Re1_1.0","level1":"Supply Chain","level2":"ATOM D2","level3":"Rel_1.0","releaseId":"1017","SourceTool":"ALM","levelId":711017}
{"_id":{"$oid":"5e9ed719da94ea1a321c78bd"},"levelIdKey":"DEVOPS*Online_Portal*Rel_4","level1":"Supply Chain","level2":"ATOM D2","level3":"Rel_4","prjId":"5e63b645-56f4-4399-b011-2f9c6f0ed131","releaseId":"1287","SourceTool":"ALM","levelId":5631287}
{"_id":{"$oid":"5e9ed736da94ea1a321c78be"},"levelIdKey":"DEVOPS*Online_Portal*DesignIT*Rel_3.1","level1":"Supply Chain","level2":"ATOM D2","level3":"Rel_3.1","prjId":"9b496416-2fb6-4b0e-b877-c6b19765006e","releaseId":"1112","SourceTool":"ALM","levelId":9491112}
{"_id":{"$oid":"5e9ed74bda94ea1a321c78bf"},"levelIdKey":"DEVOPS*RPS*Rel3.1","level1":"Supply Chain","level2":"ATOM D2","level3":"Rel_5","prjId":"5ebb014d-4d49-407a-9855-741952ea8446","releaseId":"2072","SourceTool":"ALM","levelId":5012072}
{"_id":{"$oid":"5e9ed763da94ea1a321c78c0"},"levelIdKey":"DEVOPS*Online_Portal*Rel_3.1","level1":"Supply Chain","level2":"ATOM D2","level3":"Rel_5","prjId":"5ebb014d-4d49-407a-9855-741952ea8446","releaseId":"2094","SourceTool":"ALM","levelId":5012094}
{"_id":{"$oid":"5e9ed77ada94ea1a321c78c1"},"levelIdKey":"DEVOPS*Online_Portal*Rel_5.1","level1":"Supply Chain","level2":"ATOM D2","level3":"Rel_5.1","prjId":"8b35bc25-88f0-4b3a-990e-8bd6881773c3","releaseId":"2103","SourceTool":"ALM","levelId":8352103}
{"_id":{"$oid":"5e9ed78dda94ea1a321c78c2"},"levelIdKey":"DEVOPS*Online_Portal*Rel_3.1","level1":"Supply Chain","level2":"ATOM D2","level3":"Rel_3.1","prjId":"9b496416-2fb6-4b0e-b877-c6b19765006e","releaseId":"1111","SourceTool":"ALM","levelId":9491111}
{"_id":{"$oid":"5ed1904148fe06885ac7d501"},"levelIdKey":"DEVOPS*Online_Portal*Re1_1.0","level1":"Supply Chain","level2":"ATTP","level3":"Rel_1.1","releaseId":"1020","SourceTool":"ALM","levelId":1711020}
{"_id":{"$oid":"5ed1904e48fe06885ac7d502"},"levelIdKey":"DEVOPS*Online_Portal*Re1_1.0","level1":"Supply Chain","level2":"ATTP","level3":"Rel_1.0","releaseId":"1017","SourceTool":"ALM","levelId":1711017}
{"_id":{"$oid":"5ed1905f48fe06885ac7d503"},"levelIdKey":"DEVOPS*Online_Portal*Rel_4","level1":"Supply Chain","level2":"ATTP","level3":"Rel_4","prjId":"5e63b645-56f4-4399-b011-2f9c6f0ed131","releaseId":"1287","SourceTool":"ALM","levelId":15631287}
{"_id":{"$oid":"5ed1907148fe06885ac7d504"},"levelIdKey":"DEVOPS*Online_Portal*DesignIT*Rel_3.1","level1":"Supply Chain","level2":"ATTP","level3":"Rel_3.1","prjId":"9b496416-2fb6-4b0e-b877-c6b19765006e","releaseId":"1112","SourceTool":"ALM","levelId":19491112}
{"_id":{"$oid":"5ed1908148fe06885ac7d505"},"levelIdKey":"DEVOPS*RPS*Rel3.1","level1":"Supply Chain","level2":"ATTP","level3":"Rel_5","prjId":"5ebb014d-4d49-407a-9855-741952ea8446","releaseId":"2072","SourceTool":"ALM","levelId":15012072}
{"_id":{"$oid":"5ed1909448fe06885ac7d506"},"levelIdKey":"DEVOPS*Online_Portal*Rel_3.1","level1":"Supply Chain","level2":"ATTP","level3":"Rel_5","prjId":"5ebb014d-4d49-407a-9855-741952ea8446","releaseId":"2094","SourceTool":"ALM","levelId":15012094}
{"_id":{"$oid":"5ed190a148fe06885ac7d507"},"levelIdKey":"DEVOPS*Online_Portal*Rel_5.1","level1":"Supply Chain","level2":"ATTP","level3":"Rel_5.1","prjId":"8b35bc25-88f0-4b3a-990e-8bd6881773c3","releaseId":"2103","SourceTool":"ALM","levelId":18352103}
{"_id":{"$oid":"5ed190b148fe06885ac7d508"},"levelIdKey":"DEVOPS*Online_Portal*Rel_3.1","level1":"Supply Chain","level2":"ATTP","level3":"Rel_3.1","prjId":"9b496416-2fb6-4b0e-b877-c6b19765006e","releaseId":"1111","SourceTool":"ALM","levelId":19491111}
{"_id":{"$oid":"5ed197eb48fe06885ac7d509"},"levelIdKey":"DEVOPS*Online_Portal*Re1_1.0","level1":"Consumer","level2":"C2020","level3":"Rel_1.1","releaseId":"1020","SourceTool":"ALM","levelId":2711020}
{"_id":{"$oid":"5ed197f848fe06885ac7d50a"},"levelIdKey":"DEVOPS*Online_Portal*Re1_1.0","level1":"Consumer","level2":"C2020","level3":"Rel_1.0","releaseId":"1017","SourceTool":"ALM","levelId":2711017}
{"_id":{"$oid":"5ed1980e48fe06885ac7d50b"},"levelIdKey":"DEVOPS*Online_Portal*Rel_4","level1":"Consumer","level2":"C2020","level3":"Rel_4","prjId":"5e63b645-56f4-4399-b011-2f9c6f0ed131","releaseId":"1287","SourceTool":"ALM","levelId":25631287}
{"_id":{"$oid":"5ed1981b48fe06885ac7d50c"},"levelIdKey":"DEVOPS*Online_Portal*DesignIT*Rel_3.1","level1":"Consumer","level2":"C2020","level3":"Rel_3.1","prjId":"9b496416-2fb6-4b0e-b877-c6b19765006e","releaseId":"1112","SourceTool":"ALM","levelId":29491112}
{"_id":{"$oid":"5ed1982e48fe06885ac7d50d"},"levelIdKey":"DEVOPS*RPS*Rel3.1","level1":"Consumer","level2":"C2020","level3":"Rel_5","prjId":"5ebb014d-4d49-407a-9855-741952ea8446","releaseId":"2072","SourceTool":"ALM","levelId":25012072}
{"_id":{"$oid":"5ed1983b48fe06885ac7d50e"},"levelIdKey":"DEVOPS*Online_Portal*Rel_3.1","level1":"Consumer","level2":"C2020","level3":"Rel_5","prjId":"5ebb014d-4d49-407a-9855-741952ea8446","releaseId":"2094","SourceTool":"ALM","levelId":25012094}
{"_id":{"$oid":"5ed1984b48fe06885ac7d50f"},"levelIdKey":"DEVOPS*Online_Portal*Rel_5.1","level1":"Consumer","level2":"C2020","level3":"Rel_5.1","prjId":"8b35bc25-88f0-4b3a-990e-8bd6881773c3","releaseId":"2103","SourceTool":"ALM","levelId":28352103}
{"_id":{"$oid":"5ed1985a48fe06885ac7d510"},"levelIdKey":"DEVOPS*Online_Portal*Rel_3.1","level1":"Consumer","level2":"C2020","level3":"Rel_3.1","prjId":"9b496416-2fb6-4b0e-b877-c6b19765006e","releaseId":"1111","SourceTool":"ALM","levelId":29491111}
{"_id":{"$oid":"5ed1995448fe06885ac7d511"},"levelIdKey":"DEVOPS*Online_Portal*Rel_3.1","level1":"Consumer","level2":"GCCP","level3":"Rel_3.1","prjId":"9b496416-2fb6-4b0e-b877-c6b19765006e","releaseId":"1111","SourceTool":"ALM","levelId":39491111}
{"_id":{"$oid":"5ed1995f48fe06885ac7d512"},"levelIdKey":"DEVOPS*Online_Portal*Rel_5.1","level1":"Consumer","level2":"GCCP","level3":"Rel_5.1","prjId":"8b35bc25-88f0-4b3a-990e-8bd6881773c3","releaseId":"2103","SourceTool":"ALM","levelId":38352103}
{"_id":{"$oid":"5ed1997c48fe06885ac7d513"},"levelIdKey":"DEVOPS*Online_Portal*Rel_3.1","level1":"Consumer","level2":"GCCP","level3":"Rel_5","prjId":"5ebb014d-4d49-407a-9855-741952ea8446","releaseId":"2094","SourceTool":"ALM","levelId":35012094}
{"_id":{"$oid":"5ed1998a48fe06885ac7d514"},"levelIdKey":"DEVOPS*RPS*Rel3.1","level1":"Consumer","level2":"GCCP","level3":"Rel_5","prjId":"5ebb014d-4d49-407a-9855-741952ea8446","releaseId":"2072","SourceTool":"ALM","levelId":35012072}
{"_id":{"$oid":"5ed1999d48fe06885ac7d515"},"levelIdKey":"DEVOPS*Online_Portal*DesignIT*Rel_3.1","level1":"Consumer","level2":"GCCP","level3":"Rel_3.1","prjId":"9b496416-2fb6-4b0e-b877-c6b19765006e","releaseId":"1112","SourceTool":"ALM","levelId":39491112}
{"_id":{"$oid":"5ed199ae48fe06885ac7d516"},"levelIdKey":"DEVOPS*Online_Portal*Rel_4","level1":"Consumer","level2":"GCCP","level3":"Rel_4","prjId":"5e63b645-56f4-4399-b011-2f9c6f0ed131","releaseId":"1287","SourceTool":"ALM","levelId":35631287}
{"_id":{"$oid":"5ed199be48fe06885ac7d517"},"levelIdKey":"DEVOPS*Online_Portal*Re1_1.0","level1":"Consumer","level2":"GCCP","level3":"Rel_1.0","releaseId":"1017","SourceTool":"ALM","levelId":3711017}
{"_id":{"$oid":"5ed199cd48fe06885ac7d518"},"levelIdKey":"DEVOPS*Online_Portal*Re1_1.0","level1":"Consumer","level2":"GCCP","level3":"Rel_1.1","releaseId":"1020","SourceTool":"ALM","levelId":3711020}
{"_id":{"$oid":"5ed19a5948fe06885ac7d519"},"levelIdKey":"DEVOPS*Online_Portal*Re1_1.0","level1":"MD","level2":"FIM","level3":"Rel_1.1","releaseId":"1020","SourceTool":"ALM","levelId":4711020}
{"_id":{"$oid":"5ed19a6748fe06885ac7d51a"},"levelIdKey":"DEVOPS*Online_Portal*Re1_1.0","level1":"MD","level2":"FIM","level3":"Rel_1.0","releaseId":"1017","SourceTool":"ALM","levelId":4711017}
{"_id":{"$oid":"5ed19a7748fe06885ac7d51b"},"levelIdKey":"DEVOPS*Online_Portal*Rel_4","level1":"MD","level2":"FIM","level3":"Rel_4","prjId":"5e63b645-56f4-4399-b011-2f9c6f0ed131","releaseId":"1287","SourceTool":"ALM","levelId":45631287}
{"_id":{"$oid":"5ed19a8448fe06885ac7d51c"},"levelIdKey":"DEVOPS*Online_Portal*DesignIT*Rel_3.1","level1":"MD","level2":"FIM","level3":"Rel_3.1","prjId":"9b496416-2fb6-4b0e-b877-c6b19765006e","releaseId":"1112","SourceTool":"ALM","levelId":49491112}
{"_id":{"$oid":"5ed19a9848fe06885ac7d51d"},"levelIdKey":"DEVOPS*RPS*Rel3.1","level1":"MD","level2":"FIM","level3":"Rel_5","prjId":"5ebb014d-4d49-407a-9855-741952ea8446","releaseId":"2072","SourceTool":"ALM","levelId":45012072}
{"_id":{"$oid":"5ed19aaa48fe06885ac7d51e"},"levelIdKey":"DEVOPS*Online_Portal*Rel_3.1","level1":"MD","level2":"FIM","level3":"Rel_5","prjId":"5ebb014d-4d49-407a-9855-741952ea8446","releaseId":"2094","SourceTool":"ALM","levelId":45012094}
{"_id":{"$oid":"5ed19ab948fe06885ac7d51f"},"levelIdKey":"DEVOPS*Online_Portal*Rel_5.1","level1":"MD","level2":"FIM","level3":"Rel_5.1","prjId":"8b35bc25-88f0-4b3a-990e-8bd6881773c3","releaseId":"2103","SourceTool":"ALM","levelId":48352103}
{"_id":{"$oid":"5ed19ace48fe06885ac7d520"},"levelIdKey":"DEVOPS*Online_Portal*Rel_3.1","level1":"MD","level2":"FIM","level3":"Rel_3.1","prjId":"9b496416-2fb6-4b0e-b877-c6b19765006e","releaseId":"1111","SourceTool":"ALM","levelId":49491111}
{"_id":{"$oid":"5ed19b2348fe06885ac7d521"},"levelIdKey":"DEVOPS*Online_Portal*Rel_3.1","level1":"MD","level2":"Cartoday","level3":"Rel_3.1","prjId":"9b496416-2fb6-4b0e-b877-c6b19765006e","releaseId":"1111","SourceTool":"ALM","levelId":59491111}
{"_id":{"$oid":"5ed19b3048fe06885ac7d522"},"levelIdKey":"DEVOPS*Online_Portal*Rel_5.1","level1":"MD","level2":"Cartoday","level3":"Rel_5.1","prjId":"8b35bc25-88f0-4b3a-990e-8bd6881773c3","releaseId":"2103","SourceTool":"ALM","levelId":58352103}
{"_id":{"$oid":"5ed19b4548fe06885ac7d523"},"levelIdKey":"DEVOPS*Online_Portal*Rel_3.1","level1":"MD","level2":"Cartoday","level3":"Rel_5","prjId":"5ebb014d-4d49-407a-9855-741952ea8446","releaseId":"2094","SourceTool":"ALM","levelId":55012094}
{"_id":{"$oid":"5ed19b5248fe06885ac7d524"},"levelIdKey":"DEVOPS*RPS*Rel3.1","level1":"MD","level2":"Cartoday","level3":"Rel_5","prjId":"5ebb014d-4d49-407a-9855-741952ea8446","releaseId":"2072","SourceTool":"ALM","levelId":55012072}
{"_id":{"$oid":"5ed19b6148fe06885ac7d525"},"levelIdKey":"DEVOPS*Online_Portal*DesignIT*Rel_3.1","level1":"MD","level2":"Cartoday","level3":"Rel_3.1","prjId":"9b496416-2fb6-4b0e-b877-c6b19765006e","releaseId":"1112","SourceTool":"ALM","levelId":59491112}
{"_id":{"$oid":"5ed19b6e48fe06885ac7d526"},"levelIdKey":"DEVOPS*Online_Portal*Rel_4","level1":"MD","level2":"Cartoday","level3":"Rel_4","prjId":"5e63b645-56f4-4399-b011-2f9c6f0ed131","releaseId":"1287","SourceTool":"ALM","levelId":55631287}
{"_id":{"$oid":"5ed19b7c48fe06885ac7d527"},"levelIdKey":"DEVOPS*Online_Portal*Re1_1.0","level1":"MD","level2":"Cartoday","level3":"Rel_1.0","releaseId":"1017","SourceTool":"ALM","levelId":5711017}
{"_id":{"$oid":"5ed19b8a48fe06885ac7d528"},"levelIdKey":"DEVOPS*Online_Portal*Re1_1.0","level1":"MD","level2":"Cartoday","level3":"Rel_1.1","releaseId":"1020","SourceTool":"ALM","levelId":5711020}
{"_id":{"$oid":"5ed19bdb48fe06885ac7d529"},"levelIdKey":"DEVOPS*Online_Portal*Re1_1.0","level1":"Pharma","level2":"FIDO","level3":"Rel_1.1","releaseId":"1020","SourceTool":"ALM","levelId":6711020}
{"_id":{"$oid":"5ed19beb48fe06885ac7d52a"},"levelIdKey":"DEVOPS*Online_Portal*Re1_1.0","level1":"Pharma","level2":"FIDO","level3":"Rel_1.0","releaseId":"1017","SourceTool":"ALM","levelId":6711017}
{"_id":{"$oid":"5ed19c0648fe06885ac7d52b"},"levelIdKey":"DEVOPS*Online_Portal*Rel_4","level1":"Pharma","level2":"FIDO","level3":"Rel_4","prjId":"5e63b645-56f4-4399-b011-2f9c6f0ed131","releaseId":"1287","SourceTool":"ALM","levelId":65631287}
{"_id":{"$oid":"5ed19c1848fe06885ac7d52c"},"levelIdKey":"DEVOPS*Online_Portal*DesignIT*Rel_3.1","level1":"Pharma","level2":"FIDO","level3":"Rel_3.1","prjId":"9b496416-2fb6-4b0e-b877-c6b19765006e","releaseId":"1112","SourceTool":"ALM","levelId":69491112}
{"_id":{"$oid":"5ed19c2848fe06885ac7d52d"},"levelIdKey":"DEVOPS*RPS*Rel3.1","level1":"Pharma","level2":"FIDO","level3":"Rel_5","prjId":"5ebb014d-4d49-407a-9855-741952ea8446","releaseId":"2072","SourceTool":"ALM","levelId":65012072}
{"_id":{"$oid":"5ed19c3548fe06885ac7d52e"},"levelIdKey":"DEVOPS*Online_Portal*Rel_3.1","level1":"Pharma","level2":"FIDO","level3":"Rel_5","prjId":"5ebb014d-4d49-407a-9855-741952ea8446","releaseId":"2094","SourceTool":"ALM","levelId":65012094}
{"_id":{"$oid":"5ed19c4548fe06885ac7d52f"},"levelIdKey":"DEVOPS*Online_Portal*Rel_5.1","level1":"Pharma","level2":"FIDO","level3":"Rel_5.1","prjId":"8b35bc25-88f0-4b3a-990e-8bd6881773c3","releaseId":"2103","SourceTool":"ALM","levelId":68352103}
{"_id":{"$oid":"5ed19c5148fe06885ac7d530"},"levelIdKey":"DEVOPS*Online_Portal*Rel_3.1","level1":"Pharma","level2":"FIDO","level3":"Rel_3.1","prjId":"9b496416-2fb6-4b0e-b877-c6b19765006e","releaseId":"1111","SourceTool":"ALM","levelId":69491111}
{"_id":{"$oid":"5ed19c9448fe06885ac7d531"},"levelIdKey":"DEVOPS*Online_Portal*Rel_3.1","level1":"Pharma","level2":"Vineti","level3":"Rel_3.1","prjId":"9b496416-2fb6-4b0e-b877-c6b19765006e","releaseId":"1111","SourceTool":"ALM","levelId":79491111}
{"_id":{"$oid":"5ed19ca848fe06885ac7d532"},"levelIdKey":"DEVOPS*Online_Portal*Rel_5.1","level1":"Pharma","level2":"Vineti","level3":"Rel_5.1","prjId":"8b35bc25-88f0-4b3a-990e-8bd6881773c3","releaseId":"2103","SourceTool":"ALM","levelId":78352103}
{"_id":{"$oid":"5ed19cba48fe06885ac7d533"},"levelIdKey":"DEVOPS*Online_Portal*Rel_3.1","level1":"Pharma","level2":"Vineti","level3":"Rel_5","prjId":"5ebb014d-4d49-407a-9855-741952ea8446","releaseId":"2094","SourceTool":"ALM","levelId":75012094}
{"_id":{"$oid":"5ed19cd348fe06885ac7d534"},"levelIdKey":"DEVOPS*RPS*Rel3.1","level1":"Pharma","level2":"Vineti","level3":"Rel_5","prjId":"5ebb014d-4d49-407a-9855-741952ea8446","releaseId":"2072","SourceTool":"ALM","levelId":75012072}
{"_id":{"$oid":"5ed19ce548fe06885ac7d535"},"levelIdKey":"DEVOPS*Online_Portal*DesignIT*Rel_3.1","level1":"Pharma","level2":"Vineti","level3":"Rel_3.1","prjId":"9b496416-2fb6-4b0e-b877-c6b19765006e","releaseId":"1112","SourceTool":"ALM","levelId":79491112}
{"_id":{"$oid":"5ed19cf248fe06885ac7d536"},"levelIdKey":"DEVOPS*Online_Portal*Rel_4","level1":"Pharma","level2":"Vineti","level3":"Rel_4","prjId":"5e63b645-56f4-4399-b011-2f9c6f0ed131","releaseId":"1287","SourceTool":"ALM","levelId":75631287}
{"_id":{"$oid":"5ed19d0148fe06885ac7d537"},"levelIdKey":"DEVOPS*Online_Portal*Re1_1.0","level1":"Pharma","level2":"Vineti","level3":"Rel_1.0","releaseId":"1017","SourceTool":"ALM","levelId":7711017}
{"_id":{"$oid":"5ed19d0e48fe06885ac7d538"},"levelIdKey":"DEVOPS*Online_Portal*Re1_1.0","level1":"Pharma","level2":"Vineti","level3":"Rel_1.1","releaseId":"1020","SourceTool":"ALM","levelId":7711020}
