{"_id":{"$oid":"5a5205674053fd5e14a45893"},"name":"node1windows","envname":"Dev","chef_environment":"_default","platform":"windows","platform_version":"6.3.9600","platform_family":"windows","hostname":"WIN-BG8B43C69QO","machinename":"WIN-BG8B43C69QO","local_hostname":"ip-10-0-0-144.us-west-2.compute.internal","local_ipv4":"10.0.0.144","public_hostname":"ec2-54-213-177-63.us-west-2.compute.amazonaws.com","public_ipv4":"54.213.177.63","fqdn":"WIN-BG8B43C69QO.us-west-2.compute.internal","domain":"us-west-2.compute.internal","machine_id":[],"uptime":"13 days 00 hours 15 minutes 08 seconds","uptime_seconds":"1124108","idletime":[],"idletime_seconds":[],"os":"windows","os_version":"6.3.9600","ipaddress":"10.0.0.144","macaddress":"02:D9:C1:82:73:C4","ip6address":[],"recipes":["sample_war_deployment","sample_war_deployment::default"],"cpu":{"0":{"cores":4,"model_name":"Intel(R) Xeon(R) CPU E5-2676 v3 @ 2.40GHz","cache_size":" KB","vendor_id":"GenuineIntel","physical_id":"CPU0","description":"Intel64 Family 6 Model 63 Stepping 2","model":"16130","family":"1","stepping":"2","mhz":"2400"},"total":4,"cores":4,"real":1},"filesystem":{"C:":{"percent_used":60,"kb_used":64572924,"fs_type":"ntfs","volume_name":"","mount":"C:","kb_available":42432155,"kb_size":107005079}},"memory":{"total":"16776816kB","swap":{"total":"8388608kB","free":"8201112kB"},"free":"11453852kB"},"languages":{"java":{"hotspot":{"build":"25.131-b11, mixed mode","name":"Java HotSpot(TM) 64-Bit Server VM"},"runtime":{"build":"1.8.0_131-b11","name":"Java(TM) SE Runtime Environment"},"version":"1.8.0_131"},"powershell":{"remoting_protocol_version":"2.2","build_version":"6.3.9600.17400","compatible_versions":["1.0","2.0","3.0","4.0"],"ws_man_stack_version":"3.0","clr_version":"4.0.30319.42000","serialization_version":"1.1.0.1","version":"4.0"},"nodejs":{"version":"6.11.0"},"perl":{"archname":"msys-64int","version":"5.8.8"},"ruby":{"host_os":"mingw32","host_vendor":"w64","host_cpu":"x86_64","version":"2.4.1","ruby_bin":"C:/opscode/chef/embedded/bin/ruby","platform":"x64-mingw32","target":"x86_64-w64-mingw32","gem_bin":"C:/opscode/chef/embedded/bin/gem","target_os":"mingw32","release_date":"2017-03-22","host":"x86_64-w64-mingw32","gems_dir":"C:/opscode/chef/embedded/lib/ruby/gems/2.4.0","target_cpu":"x64","target_vendor":"w64","bin_dir":"C:/opscode/chef/embedded/bin"}}}
{"_id":{"$oid":"5a5205674053fd5e14a45894"},"name":"node1ubuntu","envname":"QA","chef_environment":"_default","platform":"ubuntu","platform_version":"16.04","platform_family":"debian","hostname":"ip-10-0-0-92","machinename":"ip-10-0-0-92","local_hostname":"ip-10-0-0-92.us-west-2.compute.internal","local_ipv4":"10.0.0.92","public_hostname":"ec2-54-218-16-85.us-west-2.compute.amazonaws.com","public_ipv4":"54.218.16.85","fqdn":"ip-10-0-0-92.us-west-2.compute.internal","domain":"us-west-2.compute.internal","machine_id":"6188bffaf1e944c492d02f25e9d8f4de","uptime":"87 days 09 hours 43 minutes 50 seconds","uptime_seconds":"7551830","idletime":"87 days 06 hours 18 minutes 47 seconds","idletime_seconds":"7539527","os":"linux","os_version":"4.4.0-1020-aws","ipaddress":"10.0.0.92","macaddress":"02:6E:29:57:93:8E","ip6address":[],"recipes":["taxi4u_war_deployment","taxi4u_war_deployment::default"],"cpu":{"0":{"core_id":"0","cores":"1","model_name":"Intel(R) Xeon(R) CPU E5-2676 v3 @ 2.40GHz","cache_size":"30720 KB","vendor_id":"GenuineIntel","physical_id":"0","flags":["fpu","vme","de","pse","tsc","msr","pae","mce","cx8","apic","sep","mtrr","pge","mca","cmov","pat","pse36","clflush","mmx","fxsr","sse","sse2","ht","syscall","nx","rdtscp","lm","constant_tsc","rep_good","nopl","xtopology","eagerfpu","pni","pclmulqdq","ssse3","fma","cx16","pcid","sse4_1","sse4_2","x2apic","movbe","popcnt","tsc_deadline_timer","aes","xsave","avx","f16c","rdrand","hypervisor","lahf_lm","abm","fsgsbase","bmi1","avx2","smep","bmi2","erms","invpcid","xsaveopt"],"model":"63","family":"6","stepping":"2","mhz":"2400.068"},"total":1,"cores":1,"real":1},"filesystem":{"proc":{"mount_options":["rw","nosuid","nodev","noexec","relatime"],"fs_type":"proc","mount":"/proc"},"debugfs":{"mount_options":["rw","relatime"],"fs_type":"debugfs","mount":"/sys/kernel/debug"},"mqueue":{"mount_options":["rw","relatime"],"fs_type":"mqueue","mount":"/dev/mqueue"},"hugetlbfs":{"mount_options":["rw","relatime"],"fs_type":"hugetlbfs","mount":"/dev/hugepages"},"cgroup":{"mount_options":["rw","nosuid","nodev","noexec","relatime","pids"],"fs_type":"cgroup","mount":"/sys/fs/cgroup/pids"},"lxcfs":{"mount_options":["rw","nosuid","nodev","relatime","user_id=0","group_id=0","allow_other"],"fs_type":"fuse.lxcfs","mount":"/var/lib/lxcfs"},"tmpfs":{"percent_used":"0%","kb_used":"0","inodes_used":"4","inodes_percent_used":"1%","mount_options":["rw","nosuid","nodev","relatime","size=101468k","mode=700","uid=1001","gid=1001"],"fs_type":"tmpfs","total_inodes":"126832","inodes_available":"126828","mount":"/run/user/1001","kb_available":"101468","kb_size":"101468"},"devpts":{"mount_options":["rw","nosuid","noexec","relatime","gid=5","mode=620","ptmxmode=000"],"fs_type":"devpts","mount":"/dev/pts"},"systemd-1":{"mount_options":["rw","relatime","fd=29","pgrp=1","timeout=0","minproto=5","maxproto=5","direct"],"fs_type":"autofs","mount":"/proc/sys/fs/binfmt_misc"},"udev":{"percent_used":"0%","kb_used":"0","inodes_used":"381","inodes_percent_used":"1%","mount_options":["rw","nosuid","relatime","size=499588k","nr_inodes=124897","mode=755"],"fs_type":"devtmpfs","total_inodes":"124897","inodes_available":"124516","mount":"/dev","kb_available":"499588","kb_size":"499588"},"sysfs":{"mount_options":["rw","nosuid","nodev","noexec","relatime"],"fs_type":"sysfs","mount":"/sys"},"pstore":{"mount_options":["rw","nosuid","nodev","noexec","relatime"],"fs_type":"pstore","mount":"/sys/fs/pstore"},"securityfs":{"mount_options":["rw","nosuid","nodev","noexec","relatime"],"fs_type":"securityfs","mount":"/sys/kernel/security"},"fusectl":{"mount_options":["rw","relatime"],"fs_type":"fusectl","mount":"/sys/fs/fuse/connections"},"/dev/xvda1":{"kb_used":"4581724","inodes_percent_used":"8%","mount_options":["rw","relatime","discard","data=ordered"],"fs_type":"ext4","label":"cloudimg-rootfs","mount":"/","uuid":"4573eb39-57f3-439b-9a73-8aef508afd3f","kb_available":"25830540","kb_size":"30428648","percent_used":"16%","inodes_used":"294672","total_inodes":"3840000","inodes_available":"3545328"}},"memory":{"dirty":"904kB","commit_limit":"507328kB","nfs_unstable":"0kB","swap":{"total":"0kB","cached":"0kB","free":"0kB"},"buffers":"64212kB","bounce":"0kB","active":"584092kB","vmalloc_total":"34359738367kB","slab_reclaimable":"128480kB","anon_pages":"312376kB","slab":"151180kB","hugepages":{"total":"0","surplus":"0","reserved":"0","free":"0"},"hugepage_size":"2048kB","total":"1014660kB","inactive":"182520kB","writeback":"0kB","committed_as":"787928kB","cached":"394704kB","vmalloc_used":"0kB","mapped":"32728kB","slab_unreclaim":"22700kB","vmalloc_chunk":"0kB","free":"71620kB","page_tables":"4820kB"},"languages":{"java":{"hotspot":{"build":"25.131-b11, mixed mode","name":"OpenJDK 64-Bit Server VM"},"runtime":{"build":"1.8.0_131-8u131-b11-2ubuntu1.16.04.3-b11","name":"OpenJDK Runtime Environment"},"version":"1.8.0_131"},"perl":{"archname":"x86_64-linux-gnu-thread-multi","version":"5.22.1"},"ruby":{"host_os":"linux-gnu","host_vendor":"pc","host_cpu":"x86_64","version":"2.3.1","ruby_bin":"/opt/chef/embedded/bin/ruby","platform":"x86_64-linux","target":"x86_64-pc-linux-gnu","gem_bin":"/opt/chef/embedded/bin/gem","target_os":"linux","release_date":"2016-04-26","host":"x86_64-pc-linux-gnu","gems_dir":"/opt/chef/embedded/lib/ruby/gems/2.3.0","target_cpu":"x86_64","target_vendor":"pc","bin_dir":"/opt/chef/embedded/bin"}}}
