{"_id":{"$oid":"5a69dea7b9c8fe1191b7281c"},"_class":"com.cts.metricsportal.vo.ProductDashboardVO","relName":"Rel_25Jan2018","products":["Insurance"],"owner":"478479"}
{"_id":{"$oid":"5a6a8094b9c8fe1191b7281e"},"_class":"com.cts.metricsportal.vo.ProductDashboardVO","relName":"Jan-2018","products":["Taxi4U","test"],"owner":"116559"}
{"_id":{"$oid":"5a70e743b9c8fe1191b72824"},"_class":"com.cts.metricsportal.vo.ProductDashboardVO","relName":"Feb-2018","products":["Taxi4U"],"owner":"116559"}
{"_id":{"$oid":"5a78aba3b9c8fa62ca56eac2"},"_class":"com.cts.metricsportal.vo.ProductDashboardVO","relName":"dbr1","products":["dblcproduct1"],"owner":"137348"}
{"_id":{"$oid":"5a85f10fb9c8fa62ca56eace"},"_class":"com.cts.metricsportal.vo.ProductDashboardVO","relName":"abc","products":["Taxi4U","test"],"owner":"116559"}
{"_id":{"$oid":"5a905ec2b9c8624ed481d8dc"},"_class":"com.cts.metricsportal.vo.ProductDashboardVO","relName":"Release4","products":["LifeCycleDashboard"],"owner":"516926"}
{"_id":{"$oid":"5a905fabb9c8624ed481d8df"},"_class":"com.cts.metricsportal.vo.ProductDashboardVO","relName":"ReleaseMaster_DevOps","products":["DevOps_Dashboard"],"owner":"516926"}
{"_id":{"$oid":"5a94309ab9c86e2148a51acf"},"_class":"com.cts.metricsportal.vo.ProductDashboardVO","relName":"Master","products":["LifeCycleDashboard","DevOps_Dashboard"],"owner":"516926"}
{"_id":{"$oid":"5aa69d33b9c80e64eb85c5b0"},"_class":"com.cts.metricsportal.vo.ProductDashboardVO","relName":"ReleaseM","products":["DevOps_Dashboard"],"owner":"516926"}
{"_id":{"$oid":"5ad4a841742624215eafa93a"},"_class":"com.cts.metricsportal.vo.ProductDashboardVO","relName":"Rel1","products":["DevOps","LOB"],"owner":"118015"}
{"_id":{"$oid":"5adf6fab742662ab756977e7"},"_class":"com.cts.metricsportal.vo.ProductDashboardVO","relName":"test","products":["app release"],"owner":"170382"}
{"_id":{"$oid":"5b3e52dc1c023267fe91bb9f"},"_class":"com.cts.metricsportal.vo.ProductDashboardVO","relName":"Release_July2018","products":["DevOps_Dashboard","LifeCycleDashboard"],"owner":"516926"}
{"_id":{"$oid":"5c17b5b61c027413ad45368d"},"_class":"com.cts.metricsportal.vo.ProductDashboardVO","relName":"Demo Release","products":["Lifecycle Dashboard","Demo Dashboard"],"owner":"561642"}
{"_id":{"$oid":"5c3ef7dd39103d67d0d04f42"},"_class":"com.cts.metricsportal.vo.ProductDashboardVO","relName":"Release Master","products":[],"owner":"516926"}
{"_id":{"$oid":"5c482e84b9c8cc58c63faaee"},"_class":"com.cts.metricsportal.vo.ProductDashboardVO","relName":"Release 1","products":["LifecycleDashboard"],"owner":"101861"}
{"_id":{"$oid":"5c4ec7d6b9c8cc58c63faaf4"},"_class":"com.cts.metricsportal.vo.ProductDashboardVO","relName":"Rel_All","products":["LOB for ALL","Taxi4U"],"owner":"298834"}
{"_id":{"$oid":"5c6416f0b9c8cc58c63faafc"},"_class":"com.cts.metricsportal.vo.ProductDashboardVO","relName":"Summer Release","products":["Taxi4U","test"],"owner":"116559"}
{"_id":{"$oid":"5cbd683b7426168c944e9b4b"},"_class":"com.cts.metricsportal.vo.ProductDashboardVO","relName":"Demo Release1","products":["Lifecycle Dashboard","Demo Dashboard"],"owner":"561642"}
{"_id":{"$oid":"5cc1f72e7426168c944e9b50"},"_class":"com.cts.metricsportal.vo.ProductDashboardVO","relName":"Release_001","products":["LOB"],"owner":"468110"}
{"_id":{"$oid":"5cffb73e742693e3ec6f329f"},"_class":"com.cts.metricsportal.vo.ProductDashboardVO","relName":"sDzvx","createdDate":{"$date":"2019-06-11T14:14:00.000Z"},"products":["Nivas"],"owner":"726993"}
{"_id":{"$oid":"5df9aaf87426bdaa91a6b637"},"_class":"com.cts.metricsportal.vo.ProductDashboardVO","relName":"Customer Care - Release Level","createdDate":{"$date":"2019-12-18T04:28:00.000Z"},"products":["Customer Care"],"owner":"138497"}
{"_id":{"$oid":"5df9dabe7426bdaa91a6b63e"},"_class":"com.cts.metricsportal.vo.ProductDashboardVO","relName":"Customer Care - Rele","createdDate":{"$date":"2019-12-18T07:52:00.000Z"},"products":["Customer Care"],"owner":"demouser"}
{"_id":{"$oid":"5e295551b9c8bd89355ff808"},"_class":"com.cts.metricsportal.vo.ProductDashboardVO","relName":"Release Dahsobard","createdDate":{"$date":"2020-01-23T08:12:00.000Z"},"products":["DemoDashboard"],"owner":"155113"}
{"_id":{"$oid":"5e296389b9c8bd89355ff80c"},"_class":"com.cts.metricsportal.vo.ProductDashboardVO","relName":"Release Dahsobard","createdDate":{"$date":"2020-01-23T09:12:00.000Z"},"products":["DemoDashboard"],"owner":"248701"}
{"_id":{"$oid":"5e29655558877b8a486eb02e"},"_class":"com.cts.metricsportal.vo.ProductDashboardVO","relName":"Release Dahsobard","createdDate":{"$date":"2020-01-23T09:12:00.000Z"},"products":["DemoDashboard"],"owner":"148484"}
{"_id":{"$oid":"5e29655558877b8a486eb02f"},"_class":"com.cts.metricsportal.vo.ProductDashboardVO","relName":"Release Dahsobard","createdDate":{"$date":"2020-01-23T09:12:00.000Z"},"products":["DemoDashboard"],"owner":"120381"}
{"_id":{"$oid":"5e29655558877b8a486eb030"},"_class":"com.cts.metricsportal.vo.ProductDashboardVO","relName":"Release Dahsobard","createdDate":{"$date":"2020-01-23T09:12:00.000Z"},"products":["DemoDashboard"],"owner":"466404"}
{"_id":{"$oid":"5e29655558877b8a486eb031"},"_class":"com.cts.metricsportal.vo.ProductDashboardVO","relName":"Release Dahsobard","createdDate":{"$date":"2020-01-23T09:12:00.000Z"},"products":["DemoDashboard"],"owner":"148495"}
{"_id":{"$oid":"5e29655558877b8a486eb032"},"_class":"com.cts.metricsportal.vo.ProductDashboardVO","relName":"Release Dahsobard","createdDate":{"$date":"2020-01-23T09:12:00.000Z"},"products":["DemoDashboard"],"owner":"752058"}
{"_id":{"$oid":"5e29655558877b8a486eb033"},"_class":"com.cts.metricsportal.vo.ProductDashboardVO","relName":"Release Dahsobard","createdDate":{"$date":"2020-01-23T09:12:00.000Z"},"products":["DemoDashboard"],"owner":"213207"}
{"_id":{"$oid":"5e29655558877b8a486eb034"},"_class":"com.cts.metricsportal.vo.ProductDashboardVO","relName":"Release Dahsobard","createdDate":{"$date":"2020-01-23T09:12:00.000Z"},"products":["DemoDashboard"],"owner":"541963"}
{"_id":{"$oid":"5e29655558877b8a486eb035"},"_class":"com.cts.metricsportal.vo.ProductDashboardVO","relName":"Release Dahsobard","createdDate":{"$date":"2020-01-23T09:12:00.000Z"},"products":["DemoDashboard"],"owner":"112748"}
{"_id":{"$oid":"5e2e9daeb9c8bd89355ff811"},"_class":"com.cts.metricsportal.vo.ProductDashboardVO","relName":"Release Dahsobard","createdDate":{"$date":"2020-01-27T08:22:00.000Z"},"products":["ALM"],"owner":"586907"}
