{"_id":{"$oid":"5ed3aa80bc4f7c9e49262e77"},"_class":"com.cts.metricsportal.vo.ToolSelectionVO","userId":"admin","label":"User Story","imagePath":"app\\pages\\admin\\icon-jira.png","key":"userStory","template":"dragapp\\pages\\admin\\icon-jira.png","position":1}
{"_id":{"$oid":"5ed3aa80bc4f7c9e49262e78"},"_class":"com.cts.metricsportal.vo.ToolSelectionVO","userId":"admin","label":"SCM","imagePath":"app\\pages\\admin\\icon-github.png","key":"gitHub","template":"dragapp\\pages\\admin\\icon-github.png","position":2}
{"_id":{"$oid":"5ed3aa80bc4f7c9e49262e79"},"_class":"com.cts.metricsportal.vo.ToolSelectionVO","userId":"admin","label":"Code Quality","imagePath":"app\\pages\\admin\\icon-sonar.png","key":"codeQuality","template":"dragapp\\pages\\admin\\icon-hp.png","position":3}
{"_id":{"$oid":"5ed3aa80bc4f7c9e49262e7a"},"_class":"com.cts.metricsportal.vo.ToolSelectionVO","userId":"admin","label":"Deployment","imagePath":"app\\pages\\admin\\icon-chef.png","key":"chef","template":"dragapp\\pages\\admin\\icon-jenkins.png","position":4}
{"_id":{"$oid":"5ed3aa80bc4f7c9e49262e7b"},"_class":"com.cts.metricsportal.vo.ToolSelectionVO","userId":"admin","label":"Test Management","imagePath":"app\\pages\\admin\\icon-hp.png","key":"testManagement","template":"dragapp\\pages\\admin\\icon-jenkins.png","position":5}
{"_id":{"$oid":"5ed3aa80bc4f7c9e49262e7c"},"_class":"com.cts.metricsportal.vo.ToolSelectionVO","userId":"admin","label":"Build","imagePath":"app\\pages\\admin\\icon-jenkins.png","key":"build","template":"dragapp\\pages\\admin\\icon-sonar.png","position":6}
