{"_id":{"$oid":"5bf3ed92b9c8bdfe6041f3dc"},"_class":"com.cts.metricsportal.vo.ALMdetailsVO","instanceName":"client name","serverUrl":"https://source url","userId":"12345","password":"abcvdhfgd","selectedFields":[{"project":"Online_Portal","domain":"Development"},{"project":"Proj_1","domain":"Testing"}]}
{"_id":{"$oid":"5c8617feb9c857b50367d752"},"_class":"com.cts.metricsportal.vo.ALMdetailsVO","instanceName":"MyInstance","serverUrl":"http://58.89,.90.128","userId":"test","password":"cGFzc3dvcmQ=","selectedFields":[]}
