{"_id":{"$oid":"5e832dedeed371fbb9e986f9"},"_class":"com.cts.metricsportal.vo.IdashboardSession","userId":"admin","sessionId":"XU0KQ6P3N5MBQ0UV","timestamp":{"$numberLong":"1590921322686"}}
{"_id":{"$oid":"5e9b0deaeed3f1134d79313b"},"_class":"com.cts.metricsportal.vo.IdashboardSession","userId":"Demouser","sessionId":"MXUDSNVK90D1N767","timestamp":{"$numberLong":"-1"}}
{"_id":{"$oid":"5eb265f1c4c9c4ca8c269a20"},"_class":"com.cts.metricsportal.vo.IdashboardSession","userId":"701727","sessionId":"9T0YVMBPCBKILUVL","timestamp":{"$numberLong":"-1"}}
{"_id":{"$oid":"5eb3adaec4c9c4ca8c269a24"},"_class":"com.cts.metricsportal.vo.IdashboardSession","userId":"111111","sessionId":"PP6KCAQ161Z33ACG","timestamp":{"$numberLong":"-1"}}
{"_id":{"$oid":"5ece66aaf179d12ee76ea315"},"_class":"com.cts.metricsportal.vo.IdashboardSession","userId":"demouser","sessionId":"BMLTKIH4DSQZOIWN","timestamp":{"$numberLong":"-1"}}
{"_id":{"$oid":"5ed1aa31f179c1c31bdd2f09"},"_class":"com.cts.metricsportal.vo.IdashboardSession","userId":"478479","sessionId":"IOWKJVAZ4V5GYFAK","timestamp":{"$numberLong":"-1"}}
{"_id":{"$oid":"5ed1aa92f179c1c31bdd2f0a"},"_class":"com.cts.metricsportal.vo.IdashboardSession","userId":"603641","sessionId":"Y8CWAK1RHEDEP5W7","timestamp":{"$numberLong":"-1"}}
{"_id":{"$oid":"5ed1aaa7f179c1c31bdd2f0b"},"_class":"com.cts.metricsportal.vo.IdashboardSession","userId":"614019","sessionId":"DT4W806D4F5M7QGO","timestamp":{"$numberLong":"-1"}}
{"_id":{"$oid":"5ed1aac9f179c1c31bdd2f0c"},"_class":"com.cts.metricsportal.vo.IdashboardSession","userId":"138497","sessionId":"VUF71MDUG6HS3SM2","timestamp":{"$numberLong":"-1"}}
