{"_id":{"$oid":"5cbda977489086c2208eee43"},"incidentNumber":"INC000037038332","status":"assigned","escalated":"no","priority":"medium","region":"india","reportedDate":{"$date":"2018-12-09T08:28:20.201Z"},"solution":"","ticketType":"incident","incidentNature":"incident-known","closedDate":"","slaResponse":"met"}
{"_id":{"$oid":"5cbdabec489086c2208eee44"},"incidentNumber":"INC000037038338","status":"resolved","escalated":"no","priority":"medium","region":"india","reportedDate":{"$date":"2018-12-11T08:28:20.201Z"},"resolvedDate":{"$date":"2018-12-18T08:43:20.201Z"},"solution":"","ticketType":"incident","incidentNature":"incident-known","closedDate":""}
{"_id":{"$oid":"5cbdac1a489086c2208eee45"},"incidentNumber":"INC000037038271","status":"resolved","escalated":"no","priority":"medium","region":"india","reportedDate":{"$date":"2018-10-09T08:28:20.201Z"},"resolvedDate":{"$date":"2018-10-24T08:43:20.201Z"},"solution":"","ticketType":"incident","incidentNature":"incident-known","closedDate":"","slaResponse":""}
{"_id":{"$oid":"5cbdacc8489086c2208eee46"},"incidentNumber":"INC000037038251","status":"assigned","escalated":"no","priority":"medium","region":"india","reportedDate":{"$date":"2019-05-03T08:28:20.201Z"},"solution":"","ticketType":"incident","incidentNature":"incident-known","closedDate":"","slaResponse":"met"}
{"_id":{"$oid":"5cbdbb8a489086c2208eee47"},"incidentNumber":"INC000037038355","status":"pending","escalated":"no","priority":"medium","region":"india","reportedDate":{"$date":"2019-03-11T08:28:20.201Z"},"solution":"","ticketType":"incident","incidentNature":"incident-known","closedDate":"","slaResponse":"met"}
{"_id":{"$oid":"5cbdbcd4489086c2208eee48"},"incidentNumber":"INC000037038253","status":"assigned","escalated":"no","priority":"low","region":"usa","reportedDate":{"$date":"2019-04-19T08:28:20.201Z"},"solution":"","ticketType":"incident","incidentNature":"incident-known","closedDate":"","slaResponse":"met"}
{"_id":{"$oid":"5cbdbf22489086c2208eee49"},"incidentNumber":"INC000037038251","status":"assigned","escalated":"no","priority":"medium","region":"india","reportedDate":{"$date":"2018-10-19T08:28:20.201Z"},"solution":"","ticketType":"incident","incidentNature":"incident-known","closedDate":"","slaResponse":""}
{"_id":{"$oid":"5cbdc0ce489086c2208eee4a"},"incidentNumber":"INC000037365","status":"resolved","escalated":"no","priority":"low","region":"india","reportedDate":{"$date":"2018-10-19T08:28:20.201Z"},"resolvedDate":{"$date":"2018-10-29T08:28:20.201Z"},"solution":"","ticketType":"incident","incidentNature":"incident-known","closedDate":"","slaResponse":""}
{"_id":{"$oid":"5cbdc301489086c2208eee4b"},"incidentNumber":"INC000037038253","status":"pending","escalated":"no","priority":"high","region":"usa","reportedDate":{"$date":"2019-05-10T08:28:20.201Z"},"solution":"","ticketType":"incident","incidentNature":"incident-known","closedDate":"","slaResponse":"met"}
