{"_id":{"$oid":"5d120701c6e8564df830adf3"},"levelId":10101,"prjId":"10101","prjKey":"IDDEV","prjName":"iDashboard-Development","versionId":"-1","versionName":"Unscheduled","cycleId":"1","cycleName":"TestCycle1","issueKey":"TES-1","issueSummary":"TC_001","issueComponent":"","issueStatus":"PASS","issueLabel":"","executedBy":"Admin","issueID":10103,"createdDate":{"$date":"2017-07-28T09:43:45.411Z"},"executedOn":{"$date":"2017-07-28T09:43:55.314Z"},"bugs":[]}
{"_id":{"$oid":"5d120701c6e8564df830adf4"},"levelId":10101,"prjId":"10101","prjKey":"IDDEV","prjName":"iDashboard-Development","versionId":"-1","versionName":"Unscheduled","cycleId":"2","cycleName":"Aghalya","issueKey":"IDDEV-487","issueSummary":"Need to check the time period of loading and compare with the production for login and other screens","issueComponent":"","issueStatus":"PASS","issueLabel":"","executedBy":"Aghalya","issueID":10591,"createdDate":{"$date":"2019-04-12T09:01:26.549Z"},"executedOn":{"$date":"2019-04-12T09:01:42.409Z"},"bugs":[]}
{"_id":{"$oid":"5d120701c6e8564df830adf5"},"levelId":10101,"prjId":"10101","prjKey":"IDDEV","prjName":"iDashboard-Development","versionId":"-1","versionName":"Unscheduled","cycleId":"2","cycleName":"Aghalya","issueKey":"IDDEV-385","issueSummary":"Validate the Design metrics data and info page","issueComponent":"","issueStatus":"FAIL","issueLabel":"","executedBy":"Aghalya","issueID":10489,"createdDate":{"$date":"2019-03-29T05:51:33.201Z"},"executedOn":{"$date":"2019-04-12T09:01:12.072Z"},"bugs":[{"bugID":"10236","bugKey":"IDDEV-132","bugStatus":"Closed"},{"bugID":"10137","bugKey":"IDDEV-33","bugStatus":"In Progress"},{"bugID":"10108","bugKey":"IDDEV-4","bugStatus":"To Do"}]}
{"_id":{"$oid":"5d120701c6e8564df830adf6"},"levelId":10101,"prjId":"10101","prjKey":"IDDEV","prjName":"iDashboard-Development","versionId":"10101","versionName":"1.0.1","cycleId":"3","cycleName":"Test Cycle - Test","issueKey":"IDDEV-385","issueSummary":"Validate the Design metrics data and info page","issueComponent":"","issueStatus":"PASS","issueLabel":"","executedBy":"Aghalya","issueID":10489,"createdDate":{"$date":"2019-03-28T05:13:10.798Z"},"executedOn":{"$date":"2019-03-28T05:14:04.050Z"},"bugs":[{"bugID":"10526","bugKey":"IDDEV-422","bugStatus":"Closed"}]}
{"_id":{"$oid":"5d120701c6e8564df830adf7"},"levelId":10101,"prjId":"10101","prjKey":"IDDEV","prjName":"iDashboard-Development","versionId":"10101","versionName":"1.0.1","cycleId":"4","cycleName":"Test Cycle 2","issueKey":"IDDEV-385","issueSummary":"Validate the Design metrics data and info page","issueComponent":"","issueStatus":"WIP","issueLabel":"","executedBy":"Aghalya","issueID":10489,"createdDate":{"$date":"2019-03-30T06:30:23.097Z"},"executedOn":{"$date":"2019-03-30T06:31:06.346Z"},"bugs":[{"bugID":"10223","bugKey":"IDDEV-119","bugStatus":"Done"},{"bugID":"10108","bugKey":"IDDEV-4","bugStatus":"To Do"},{"bugID":"10506","bugKey":"IDDEV-402","bugStatus":"Done"}]}
{"_id":{"$oid":"5d120701c6e8564df830adf8"},"levelId":10101,"prjId":"10101","prjKey":"IDDEV","prjName":"iDashboard-Development","versionId":"-1","versionName":"Unscheduled","cycleId":"5","cycleName":"TestCycle_Mar30","issueKey":"IDDEV-489","issueSummary":"Verify in the Admin Page - The License Details info are display on License details Box","issueComponent":"","issueStatus":"PASS","issueLabel":"","executedBy":"Annapurna Ramala","issueID":10593,"createdDate":{"$date":"2019-04-02T11:28:44.810Z"},"executedOn":{"$date":"2019-04-02T11:29:32.601Z"},"bugs":[]}
{"_id":{"$oid":"5d120701c6e8564df830adf9"},"levelId":10101,"prjId":"10101","prjKey":"IDDEV","prjName":"iDashboard-Development","versionId":"-1","versionName":"Unscheduled","cycleId":"5","cycleName":"TestCycle_Mar30","issueKey":"IDDEV-385","issueSummary":"Validate the Design metrics data and info page","issueComponent":"","issueStatus":"FAIL","issueLabel":"","executedBy":"Aghalya","issueID":10489,"createdDate":{"$date":"2019-03-30T06:10:27.740Z"},"executedOn":{"$date":"2019-04-12T09:01:05.441Z"},"bugs":[{"bugID":"10506","bugKey":"IDDEV-402","bugStatus":"Done"}]}
{"_id":{"$oid":"5d120701c6e8564df830adfa"},"levelId":10101,"prjId":"10101","prjKey":"IDDEV","prjName":"iDashboard-Development","versionId":"10101","versionName":"1.0.1","cycleId":"6","cycleName":"Test Cycle with 2 executions","issueKey":"IDDEV-486","issueSummary":"Sample test for Cycle test","issueComponent":"","issueStatus":"FAIL","issueLabel":"Fix, keyboard-shortcuts","executedBy":"Aghalya","issueID":10590,"createdDate":{"$date":"2019-04-01T12:19:55.667Z"},"executedOn":{"$date":"2019-04-01T12:20:46.088Z"},"bugs":[{"bugID":"10544","bugKey":"IDDEV-440","bugStatus":"Done"}]}
{"_id":{"$oid":"5d120701c6e8564df830adfb"},"levelId":10101,"prjId":"10101","prjKey":"IDDEV","prjName":"iDashboard-Development","versionId":"10101","versionName":"1.0.1","cycleId":"6","cycleName":"Test Cycle with 2 executions","issueKey":"IDDEV-385","issueSummary":"Validate the Design metrics data and info page","issueComponent":"","issueStatus":"PASS","issueLabel":"","executedBy":"Aghalya","issueID":10489,"createdDate":{"$date":"2019-04-01T12:19:17.860Z"},"executedOn":{"$date":"2019-04-01T12:20:11.519Z"},"bugs":[{"bugID":"10590","bugKey":"IDDEV-486","bugStatus":"Done"}]}
{"_id":{"$oid":"5d120702c6e8564df830adfc"},"levelId":10101,"prjId":"10101","prjKey":"IDDEV","prjName":"iDashboard-Development","versionId":"10102","versionName":"1.4.0","cycleId":"7","cycleName":"Functional Testing for Admin Module","issueKey":"IDDEV-486","issueSummary":"Sample test for Cycle test","issueComponent":"","issueStatus":"PASS","issueLabel":"Fix, keyboard-shortcuts","executedBy":"Shankar Mahadevan","issueID":10590,"createdDate":{"$date":"2019-04-26T09:08:11.653Z"},"executedOn":{"$date":"2019-04-26T09:08:20.043Z"},"bugs":[]}
{"_id":{"$oid":"5d120702c6e8564df830adfd"},"levelId":10101,"prjId":"10101","prjKey":"IDDEV","prjName":"iDashboard-Development","versionId":"10102","versionName":"1.4.0","cycleId":"7","cycleName":"Functional Testing for Admin Module","issueKey":"IDDEV-489","issueSummary":"Verify in the Admin Page - The License Details info are display on License details Box","issueComponent":"","issueStatus":"PASS","issueLabel":"","executedBy":"Shankar Mahadevan","issueID":10593,"createdDate":{"$date":"2019-04-26T09:07:34.969Z"},"executedOn":{"$date":"2019-04-26T09:07:52.789Z"},"bugs":[]}
{"_id":{"$oid":"5d120702c6e8564df830adfe"},"levelId":10101,"prjId":"10101","prjKey":"IDDEV","prjName":"iDashboard-Development","versionId":"10103","versionName":"1.5.0","cycleId":"8","cycleName":"Functional Testing for Template Customization","issueKey":"IDDEV-385","issueSummary":"Validate the Design metrics data and info page","issueComponent":"","issueStatus":"PASS","issueLabel":"","executedBy":"Annapurna Ramala","issueID":10489,"createdDate":{"$date":"2019-06-05T06:51:00.819Z"},"executedOn":{"$date":"2019-06-05T06:52:11.676Z"},"bugs":[]}
{"_id":{"$oid":"5d120702c6e8564df830adff"},"levelId":10101,"prjId":"10101","prjKey":"IDDEV","prjName":"iDashboard-Development","versionId":"10103","versionName":"1.5.0","cycleId":"8","cycleName":"Functional Testing for Template Customization","issueKey":"IDDEV-486","issueSummary":"Sample test for Cycle test","issueComponent":"","issueStatus":"PASS","issueLabel":"Fix, keyboard-shortcuts","executedBy":"Annapurna Ramala","issueID":10590,"createdDate":{"$date":"2019-06-05T06:51:00.817Z"},"executedOn":{"$date":"2019-06-05T06:52:06.218Z"},"bugs":[]}
{"_id":{"$oid":"5d120702c6e8564df830ae00"},"levelId":10101,"prjId":"10101","prjKey":"IDDEV","prjName":"iDashboard-Development","versionId":"10103","versionName":"1.5.0","cycleId":"8","cycleName":"Functional Testing for Template Customization","issueKey":"IDDEV-487","issueSummary":"Need to check the time period of loading and compare with the production for login and other screens","issueComponent":"","issueStatus":"FAIL","issueLabel":"","executedBy":"Annapurna Ramala","issueID":10591,"createdDate":{"$date":"2019-06-05T06:51:00.814Z"},"executedOn":{"$date":"2019-06-05T06:51:59.004Z"},"bugs":[{"bugID":"10554","bugKey":"IDDEV-450","bugStatus":"Closed"},{"bugID":"13389","bugKey":"IDDEV-545","bugStatus":"Closed"}]}
{"_id":{"$oid":"5d120702c6e8564df830ae01"},"levelId":10101,"prjId":"10101","prjKey":"IDDEV","prjName":"iDashboard-Development","versionId":"10103","versionName":"1.5.0","cycleId":"8","cycleName":"Functional Testing for Template Customization","issueKey":"IDDEV-602","issueSummary":"WorkBench","issueComponent":"","issueStatus":"PASS","issueLabel":"","executedBy":"Annapurna Ramala","issueID":13446,"createdDate":{"$date":"2019-06-05T06:51:00.810Z"},"executedOn":{"$date":"2019-06-05T06:51:53.414Z"},"bugs":[]}
{"_id":{"$oid":"5d120702c6e8564df830ae02"},"levelId":10101,"prjId":"10101","prjKey":"IDDEV","prjName":"iDashboard-Development","versionId":"10103","versionName":"1.5.0","cycleId":"8","cycleName":"Functional Testing for Template Customization","issueKey":"IDDEV-604","issueSummary":"WorkBench","issueComponent":"","issueStatus":"BLOCKED","issueLabel":"","executedBy":"Annapurna Ramala","issueID":13448,"createdDate":{"$date":"2019-06-05T06:51:00.806Z"},"executedOn":{"$date":"2019-06-05T06:51:48.757Z"},"bugs":[]}
{"_id":{"$oid":"5d120702c6e8564df830ae03"},"levelId":10101,"prjId":"10101","prjKey":"IDDEV","prjName":"iDashboard-Development","versionId":"10103","versionName":"1.5.0","cycleId":"8","cycleName":"Functional Testing for Template Customization","issueKey":"IDDEV-603","issueSummary":"WorkBench","issueComponent":"","issueStatus":"PASS","issueLabel":"","executedBy":"Annapurna Ramala","issueID":13447,"createdDate":{"$date":"2019-06-05T06:51:00.804Z"},"executedOn":{"$date":"2019-06-05T06:51:45.389Z"},"bugs":[]}
{"_id":{"$oid":"5d120702c6e8564df830ae04"},"levelId":10101,"prjId":"10101","prjKey":"IDDEV","prjName":"iDashboard-Development","versionId":"10103","versionName":"1.5.0","cycleId":"8","cycleName":"Functional Testing for Template Customization","issueKey":"IDDEV-601","issueSummary":"WorkBench","issueComponent":"","issueStatus":"FAIL","issueLabel":"","executedBy":"Annapurna Ramala","issueID":13445,"createdDate":{"$date":"2019-06-05T06:51:00.801Z"},"executedOn":{"$date":"2019-06-05T06:51:40.820Z"},"bugs":[{"bugID":"10531","bugKey":"IDDEV-427","bugStatus":"Closed"}]}
{"_id":{"$oid":"5d120702c6e8564df830ae05"},"levelId":10101,"prjId":"10101","prjKey":"IDDEV","prjName":"iDashboard-Development","versionId":"10103","versionName":"1.5.0","cycleId":"8","cycleName":"Functional Testing for Template Customization","issueKey":"IDDEV-489","issueSummary":"Verify in the Admin Page - The License Details info are display on License details Box","issueComponent":"","issueStatus":"PASS","issueLabel":"","executedBy":"Shankar Mahadevan","issueID":10593,"createdDate":{"$date":"2019-06-04T14:22:00.522Z"},"executedOn":{"$date":"2019-06-04T14:22:16.337Z"},"bugs":[]}
{"_id":{"$oid":"5d120702c6e8564df830ae06"},"levelId":10101,"prjId":"10101","prjKey":"IDDEV","prjName":"iDashboard-Development","versionId":"10103","versionName":"1.5.0","cycleId":"9","cycleName":"Ad hoc 3","issueKey":"IDDEV-486","issueSummary":"Sample test for Cycle test","issueComponent":"","issueStatus":"PASS","issueLabel":"Fix, keyboard-shortcuts","executedBy":"Shankar Mahadevan","issueID":10590,"createdDate":{"$date":"2019-06-05T05:58:28.412Z"},"executedOn":{"$date":"2019-06-05T05:58:41.390Z"},"bugs":[]}
