{"_id":{"$oid":"5cf4d385c6e8567184f8b1cd"},"prjKey":"IDDEV","prjName":"iDashboard-Development","prjId":"10101","levelId":10101,"issueID":10593,"issueKey":"IDDEV-489","issueType":"Test","issueStatus":"To Do","issueStatusCategory":"To Do","storyPoints":5.0,"issueSprint":"IDDEV Sprint 10","issueSprintStartDate":{"$date":"2019-12-30T07:29:00.138Z"},"issueSprintEndDate":{"$date":"2020-01-09T07:29:00.000Z"},"issueCreated":{"$date":"2019-04-02T08:47:25.000Z"},"issueUpdated":{"$date":"2019-04-02T08:47:25.000Z"},"issueResolved":null,"issuePriority":"","issueVersion":[],"issueEpic":"without Epics","issueAssignee":"Unassigned","linkedBugs":[],"linkedStories":[]}
{"_id":{"$oid":"5cf4d385c6e8567184f8b236"},"prjKey":"IDDEV","prjName":"iDashboard-Development","prjId":"10101","levelId":10101,"issueID":10488,"issueKey":"IDDEV-384","issueType":"Test","issueStatus":"To Do","issueStatusCategory":"To Do","storyPoints":5.0,"issueSprint":"IDDEV Sprint 10","issueSprintStartDate":{"$date":"2019-12-30T07:29:00.138Z"},"issueSprintEndDate":{"$date":"2020-01-09T07:29:00.000Z"},"issueCreated":{"$date":"2019-03-12T06:55:45.000Z"},"issueUpdated":{"$date":"2019-03-12T07:04:16.000Z"},"issueResolved":null,"issuePriority":"Medium","issueVersion":[],"issueEpic":"without Epics","issueAssignee":"Unassigned","linkedBugs":[],"linkedStories":[]}
{"_id":{"$oid":"5cf4d386c6e8567184f8b2d7"},"prjKey":"IDDEV","prjName":"iDashboard-Development","prjId":"10101","levelId":10101,"issueID":10118,"issueKey":"IDDEV-14","issueType":"Test","issueStatus":"To Do","issueStatusCategory":"To Do","storyPoints":5.0,"issueSprint":"IDDEV Sprint 10","issueSprintStartDate":{"$date":"2019-12-30T07:29:00.138Z"},"issueSprintEndDate":{"$date":"2020-01-09T07:29:00.000Z"},"issueCreated":{"$date":"2018-07-10T16:21:29.000Z"},"issueUpdated":{"$date":"2019-03-19T06:08:16.000Z"},"issueResolved":null,"issuePriority":"Medium","issueVersion":[],"issueEpic":"without Epics","issueAssignee":"Unassigned","linkedBugs":[],"linkedStories":[]}
{"_id":{"$oid":"5cf4efa2c6e856872473842c"},"prjKey":"IDDEV","prjName":"iDashboard-Development","prjId":"10101","levelId":10101,"issueID":10489,"issueKey":"IDDEV-385","issueType":"Test","issueStatus":"To Do","issueStatusCategory":"To Do","storyPoints":5.0,"issueSprint":"IDDEV Sprint 11","issueSprintStartDate":{"$date":"2020-01-10T11:46:46.503Z"},"issueSprintEndDate":{"$date":"2020-01-24T11:46:46.503Z"},"issueCreated":{"$date":"2019-03-12T07:21:59.000Z"},"issueUpdated":{"$date":"2019-04-12T09:01:12.000Z"},"issueResolved":null,"issuePriority":"High","issueVersion":[],"issueEpic":"without Epics","issueAssignee":"Unassigned","linkedBugs":[],"linkedStories":[]}
{"_id":{"$oid":"5cf77345c6e856b31821ebce"},"prjKey":"IDDEV","prjName":"iDashboard-Development","prjId":"10101","levelId":10101,"issueID":13449,"issueKey":"IDDEV-605","issueType":"Test","issueStatus":"To Do","issueStatusCategory":"To Do","storyPoints":5.0,"issueSprint":"IDDEV Sprint 9","issueSprintStartDate":{"$date":"2019-12-16T05:36:05.711Z"},"issueSprintEndDate":{"$date":"2019-12-27T05:36:00.000Z"},"issueCreated":{"$date":"2019-06-04T11:10:56.000Z"},"issueUpdated":{"$date":"2019-06-05T07:00:19.000Z"},"issueResolved":null,"issuePriority":"Low","issueVersion":[],"issueEpic":"without Epics","issueAssignee":"Unassigned","linkedBugs":[{"bugID":"10486","bugKey":"IDDEV-382"}],"linkedStories":[]}
{"_id":{"$oid":"5cfbbe7cc6e8561fc8f359ed"},"prjKey":"IDDEV","prjName":"iDashboard-Development","prjId":"10101","levelId":10101,"issueID":13448,"issueKey":"IDDEV-604","issueType":"Test","issueStatus":"To Do","issueStatusCategory":"To Do","storyPoints":5.0,"issueSprint":"IDDEV Sprint 11","issueSprintStartDate":{"$date":"2020-01-10T11:46:46.503Z"},"issueSprintEndDate":{"$date":"2020-01-24T11:46:46.503Z"},"issueCreated":{"$date":"2019-06-04T10:46:52.000Z"},"issueUpdated":{"$date":"2019-06-04T11:38:12.000Z"},"issueResolved":null,"issuePriority":"Highest","issueVersion":[],"issueEpic":"without Epics","issueAssignee":"Unassigned","linkedBugs":[],"linkedStories":[]}
{"_id":{"$oid":"5cfbbe7cc6e8561fc8f359ee"},"prjKey":"IDDEV","prjName":"iDashboard-Development","prjId":"10101","levelId":10101,"issueID":13447,"issueKey":"IDDEV-603","issueType":"Test","issueStatus":"To Do","issueStatusCategory":"To Do","storyPoints":5.0,"issueSprint":"IDDEV Sprint 10","issueSprintStartDate":{"$date":"2019-12-30T07:29:00.138Z"},"issueSprintEndDate":{"$date":"2020-01-09T07:29:00.000Z"},"issueCreated":{"$date":"2019-06-04T10:43:19.000Z"},"issueUpdated":{"$date":"2019-06-04T10:43:19.000Z"},"issueResolved":null,"issuePriority":"","issueVersion":[],"issueEpic":"without Epics","issueAssignee":"Unassigned","linkedBugs":[],"linkedStories":[]}
{"_id":{"$oid":"5cfbbe7cc6e8561fc8f359ef"},"prjKey":"IDDEV","prjName":"iDashboard-Development","prjId":"10101","levelId":10101,"issueID":13446,"issueKey":"IDDEV-602","issueType":"Test","issueStatus":"To Do","issueStatusCategory":"To Do","storyPoints":5.0,"issueSprint":"IDDEV Sprint 11","issueSprintStartDate":{"$date":"2020-01-10T11:46:46.503Z"},"issueSprintEndDate":{"$date":"2020-01-24T11:46:46.503Z"},"issueCreated":{"$date":"2019-06-04T10:38:14.000Z"},"issueUpdated":{"$date":"2019-06-04T10:38:14.000Z"},"issueResolved":null,"issuePriority":"","issueVersion":[],"issueEpic":"without Epics","issueAssignee":"Unassigned","linkedBugs":[],"linkedStories":[]}
{"_id":{"$oid":"5cfbbe7cc6e8561fc8f359f0"},"prjKey":"IDDEV","prjName":"iDashboard-Development","prjId":"10101","levelId":10101,"issueID":13445,"issueKey":"IDDEV-601","issueType":"Test","issueStatus":"To Do","issueStatusCategory":"To Do","storyPoints":5.0,"issueSprint":"IDDEV Sprint 10","issueSprintStartDate":{"$date":"2019-12-30T07:29:00.138Z"},"issueSprintEndDate":{"$date":"2020-01-09T07:29:00.000Z"},"issueCreated":{"$date":"2019-06-04T10:27:33.000Z"},"issueUpdated":{"$date":"2019-06-05T06:59:06.000Z"},"issueResolved":null,"issuePriority":"","issueVersion":[],"issueEpic":"without Epics","issueAssignee":"Unassigned","linkedBugs":[],"linkedStories":[]}
{"_id":{"$oid":"5cfbbe7dc6e8561fc8f35a56"},"prjKey":"IDDEV","prjName":"iDashboard-Development","prjId":"10101","levelId":10101,"issueID":10591,"issueKey":"IDDEV-487","issueType":"Test","issueStatus":"To Do","issueStatusCategory":"To Do","storyPoints":5.0,"issueSprint":"IDDEV Sprint 10","issueSprintStartDate":{"$date":"2019-12-30T07:29:00.138Z"},"issueSprintEndDate":{"$date":"2020-01-09T07:29:00.000Z"},"issueCreated":{"$date":"2019-04-02T05:42:54.000Z"},"issueUpdated":{"$date":"2019-06-05T06:56:09.000Z"},"issueResolved":null,"issuePriority":"","issueVersion":[],"issueEpic":"without Epics","issueAssignee":"Unassigned","linkedBugs":[{"bugID":"10554","bugKey":"IDDEV-450"}],"linkedStories":[]}
{"_id":{"$oid":"5cfbbe7dc6e8561fc8f35a57"},"prjKey":"IDDEV","prjName":"iDashboard-Development","prjId":"10101","levelId":10101,"issueID":10590,"issueKey":"IDDEV-486","issueType":"Test","issueStatus":"Done","issueStatusCategory":"Done","storyPoints":5.0,"issueSprint":"IDDEV May Rel Sprint 2","issueSprintStartDate":{"$date":"2019-04-02T03:35:04.457Z"},"issueSprintEndDate":{"$date":"2019-04-12T03:35:00.000Z"},"issueCreated":{"$date":"2019-04-01T12:18:39.000Z"},"issueUpdated":{"$date":"2019-06-05T06:25:22.000Z"},"issueResolved":{"$date":"2019-04-12T11:27:45.000Z"},"issuePriority":"Medium","issueVersion":[{"versionID":"10101","versionName":"1.0.1"},{"versionID":"10101","versionName":"1.0.1"}],"issueEpic":"without Epics","issueAssignee":"Aghalya","linkedBugs":[{"bugID":"10526","bugKey":"IDDEV-422"},{"bugID":"10526","bugKey":"IDDEV-422"}],"linkedStories":[]}
