{"_id":{"$oid":"5d396a2ec6e8569d3cc57f5d"},"prjKey":"IDDEV","prjName":"iDashboard-Development","prjId":"10101","levelId":10101,"issueID":10434,"issueKey":"IDDEV-330","issueType":"Task","issueStatus":"Done","issueStatusCategory":"Done","storyPoints":3.0,"issueSprint":"IDDEV Sprint 13-Rel Hardening","issueSprintStartDate":{"$date":"2019-03-07T05:30:40.167Z"},"issueSprintEndDate":{"$date":"2019-03-16T05:30:00.000Z"},"issueCreated":{"$date":"2019-03-06T08:47:29.000Z"},"issueUpdated":{"$date":"2019-06-11T15:00:09.000Z"},"issueResolved":{"$date":"2019-03-07T07:52:49.000Z"},"issuePriority":"Medium","issueVersion":[],"issueEpic":"without Epics","issueAssignee":"Adhish Bhatia"}
{"_id":{"$oid":"5d396a2ec6e8569d3cc57f5e"},"prjKey":"IDDEV","prjName":"iDashboard-Development","prjId":"10101","levelId":10101,"issueID":10433,"issueKey":"IDDEV-329","issueType":"Task","issueStatus":"Done","issueStatusCategory":"Done","storyPoints":5.0,"issueSprint":"IDDEV Sprint 13-Rel Hardening","issueSprintStartDate":{"$date":"2019-03-07T05:30:40.167Z"},"issueSprintEndDate":{"$date":"2019-03-16T05:30:00.000Z"},"issueCreated":{"$date":"2019-03-06T08:45:27.000Z"},"issueUpdated":{"$date":"2019-06-11T15:00:11.000Z"},"issueResolved":{"$date":"2019-03-15T06:37:07.000Z"},"issuePriority":"Medium","issueVersion":[],"issueEpic":"without Epics","issueAssignee":"Nivashini Lognathan"}
{"_id":{"$oid":"5d396a2ec6e8569d3cc57f5f"},"prjKey":"IDDEV","prjName":"iDashboard-Development","prjId":"10101","levelId":10101,"issueID":10432,"issueKey":"IDDEV-328","issueType":"Task","issueStatus":"Done","issueStatusCategory":"Done","storyPoints":5.0,"issueSprint":"IDDEV Sprint 13-Rel Hardening","issueSprintStartDate":{"$date":"2019-03-07T05:30:40.167Z"},"issueSprintEndDate":{"$date":"2019-03-16T05:30:00.000Z"},"issueCreated":{"$date":"2019-03-06T08:43:30.000Z"},"issueUpdated":{"$date":"2019-06-11T15:00:13.000Z"},"issueResolved":{"$date":"2019-03-15T06:36:53.000Z"},"issuePriority":"Medium","issueVersion":[],"issueEpic":"without Epics","issueAssignee":"Nivashini Lognathan"}
{"_id":{"$oid":"5d396a2fc6e8569d3cc57fb8"},"prjKey":"IDDEV","prjName":"iDashboard-Development","prjId":"10101","levelId":10101,"issueID":10198,"issueKey":"IDDEV-94","issueType":"Task","issueStatus":"Done","issueStatusCategory":"Done","storyPoints":3.0,"issueSprint":"IDDEV Sprint 4","issueSprintStartDate":{"$date":"2018-09-10T00:00:00.000Z"},"issueSprintEndDate":{"$date":"2018-09-28T00:00:00.000Z"},"issueCreated":{"$date":"2018-09-24T11:19:30.000Z"},"issueUpdated":{"$date":"2019-06-29T20:48:55.000Z"},"issueResolved":{"$date":"2018-09-28T04:07:59.000Z"},"issuePriority":"Medium","issueVersion":[],"issueEpic":"without Epics","issueAssignee":"Situ Agarwal"}
