{"_id":{"$oid":"59b6e06babd548a2dec423f9"},"ObjectID":"69701587728","iterationName":"Iteration 1 - Browse and Book","projectName":"Sample Project","creationDate":{"$date":"2016-10-18T04:00:00.000Z"},"endDate":{"$date":"2016-10-31T04:00:00.000Z"},"levelId":10101.0}
{"_id":{"$oid":"59b6e06cabd548a2dec42401"},"ObjectID":"69701587748","iterationName":"Iteration 2 - Streamline Operations","projectName":"Sample Project","creationDate":{"$date":"2016-11-01T04:00:00.000Z"},"endDate":{"$date":"2016-11-14T05:00:00.000Z"},"levelId":10101.0}
{"_id":{"$oid":"59b6e06cabd548a2dec42409"},"ObjectID":"69701587764","iterationName":"Iteration 3 - After Safari-Rajesh \u0026 durgesh","projectName":"Sample Project","creationDate":{"$date":"2016-11-15T05:00:00.000Z"},"endDate":{"$date":"2016-11-28T05:00:00.000Z"},"levelId":10101.0}
{"_id":{"$oid":"59b6e06cabd548a2dec42411"},"ObjectID":"149144924364","iterationName":"Sample Project Iteration 5","projectName":"Sample Project","creationDate":{"$date":"2017-09-01T04:00:00.000Z"},"endDate":{"$date":"2017-09-15T04:00:00.000Z"},"levelId":10101.0}
{"_id":{"$oid":"59b6e06cabd548a2dec4244d"},"ObjectID":"145427976412","iterationName":"Iteration Deveops-1","projectName":"DevOps","creationDate":{"$date":"2017-08-14T04:00:00.000Z"},"endDate":{"$date":"2017-08-20T04:00:00.000Z"},"levelId":10101.0}
{"_id":{"$oid":"59b6e06cabd548a2dec42455"},"ObjectID":"147423363552","iterationName":"Iteration Deveops-2","projectName":"DevOps","creationDate":{"$date":"2017-08-28T04:00:00.000Z"},"endDate":{"$date":"2017-09-08T04:00:00.000Z"},"levelId":10101.0}
{"_id":{"$oid":"59b6e06dabd548a2dec4245d"},"ObjectID":"148716850832","iterationName":"Iteration DeveOps-3","projectName":"DevOps","creationDate":{"$date":"2017-08-30T04:00:00.000Z"},"endDate":{"$date":"2017-09-12T04:00:00.000Z"},"levelId":10101.0}
{"_id":{"$oid":"59b6e06dabd548a2dec42492"},"ObjectID":"73002557640","iterationName":"Iteration 1","projectName":"Taxi4U","creationDate":{"$date":"2016-11-01T04:00:00.000Z"},"endDate":{"$date":"2016-11-03T04:00:00.000Z"},"levelId":10101.0}
{"_id":{"$oid":"59b6e06dabd548a2dec4249a"},"ObjectID":"147423366588","iterationName":"Iteration 2","projectName":"Taxi4U","creationDate":{"$date":"2017-08-30T04:00:00.000Z"},"endDate":{"$date":"2017-09-14T04:00:00.000Z"},"levelId":10101.0}
{"_id":{"$oid":"59b6e06dabd548a2dec424a2"},"ObjectID":"148784162704","iterationName":"Iteration 3","projectName":"Taxi4U","creationDate":{"$date":"2017-09-01T04:00:00.000Z"},"endDate":{"$date":"2017-09-12T04:00:00.000Z"},"levelId":10101.0}
