{"_id":{"$oid":"5ece75b7f179c1c31bdd2f00"},"_class":"com.cts.metricsportal.vo.ToolSelectionVO","userId":"admin","label":"User Story","imagePath":"app\\pages\\admin\\icon-jira.png","key":"userStory","template":"dragapp\\pages\\admin\\icon-jenkins.png","position":1}
{"_id":{"$oid":"5ece75b7f179c1c31bdd2f01"},"_class":"com.cts.metricsportal.vo.ToolSelectionVO","userId":"admin","label":"Code Quality","imagePath":"app\\pages\\admin\\icon-sonar.png","key":"codeQuality","template":"dragapp\\pages\\admin\\icon-jira.png","position":2}
{"_id":{"$oid":"5ece75b7f179c1c31bdd2f02"},"_class":"com.cts.metricsportal.vo.ToolSelectionVO","userId":"admin","label":"SCM","imagePath":"app\\pages\\admin\\icon-github.png","key":"gitHub","template":"dragapp\\pages\\admin\\icon-github.png","position":3}
{"_id":{"$oid":"5ece75b7f179c1c31bdd2f03"},"_class":"com.cts.metricsportal.vo.ToolSelectionVO","userId":"admin","label":"Build","imagePath":"app\\pages\\admin\\icon-jenkins.png","key":"build","template":"dragapp\\pages\\admin\\icon-sonar.png","position":4}
