{"_id":{"$oid":"5a4cad4340534143db76a976"},"storyID":"US43","defID":"DE1","defName":"Test Defect","defDescription":"","defPrjName":"DevOps","priority":"None","severity":"None","defectCreationDate":"2016-11-03T18:18:21.439Z","defectLastUpdateDate":"2017-07-19T18:02:14.928Z","status":"Submitted","rallyWorkspace":"Workspace 1","SprintID":null}
{"_id":{"$oid":"5a4cad4340534143db76a977"},"storyID":"US43","defID":"DE2","defName":"Test Defect","defDescription":"","defPrjName":"DevOps","priority":"None","severity":"None","defectCreationDate":"2016-11-03T18:20:41.160Z","defectLastUpdateDate":"2017-07-19T18:04:32.521Z","status":"Fixed","rallyWorkspace":"Workspace 1","SprintID":null}
{"_id":{"$oid":"5a4cad4740534143db76a979"},"storyID":"US10","defID":"DE3","defName":"Defect_1","defDescription":"Unable to open application","defPrjName":"Taxi4U","priority":"None","severity":"None","defectCreationDate":"2016-11-25T14:02:33.391Z","defectLastUpdateDate":"2016-11-25T14:02:33.940Z","status":"Submitted","rallyWorkspace":"Workspace 1","SprintID":3}
{"_id":{"$oid":"5a4cad4840534143db76a97a"},"storyID":"US12","defID":"DE4","defName":"DE12","defDescription":"","defPrjName":"Taxi4U","priority":"None","severity":"None","defectCreationDate":"2017-08-18T00:24:32.072Z","defectLastUpdateDate":"2017-08-18T00:24:32.115Z","status":"Submitted","rallyWorkspace":"Workspace 1","SprintID":4}
{"_id":{"$oid":"5a4cb4ca4053d5a206e28b01"},"storyID":"US43","defID":"DE1","defName":"Test Defect","defDescription":"","defPrjName":"DevOps","priority":"None","severity":"None","defectCreationDate":"2016-11-03T18:18:21.439Z","defectLastUpdateDate":"2017-07-19T18:02:14.928Z","status":"Submitted","rallyWorkspace":"Workspace 1","SprintID":null}
{"_id":{"$oid":"5a4cb4ca4053d5a206e28b02"},"storyID":"US43","defID":"DE2","defName":"Test Defect","defDescription":"","defPrjName":"DevOps","priority":"None","severity":"None","defectCreationDate":"2016-11-03T18:20:41.160Z","defectLastUpdateDate":"2017-07-19T18:04:32.521Z","status":"Fixed","rallyWorkspace":"Workspace 1","SprintID":null}
{"_id":{"$oid":"5a4cb4ce4053d5a206e28b04"},"storyID":"US10","defID":"DE3","defName":"Defect_1","defDescription":"Unable to open application","defPrjName":"Taxi4U","priority":"None","severity":"None","defectCreationDate":"2016-11-25T14:02:33.391Z","defectLastUpdateDate":"2016-11-25T14:02:33.940Z","status":"Submitted","rallyWorkspace":"Workspace 1","SprintID":3}
{"_id":{"$oid":"5a4cb4cf4053d5a206e28b05"},"storyID":"US12","defID":"DE4","defName":"DE12","defDescription":"","defPrjName":"Taxi4U","priority":"None","severity":"None","defectCreationDate":"2017-08-18T00:24:32.072Z","defectLastUpdateDate":"2017-08-18T00:24:32.115Z","status":"Submitted","rallyWorkspace":"Workspace 1","SprintID":4}
{"_id":{"$oid":"5a4cc00240533a2cbb425fee"},"storyID":"US43","defID":"DE1","defName":"Test Defect","defDescription":"","defPrjName":"DevOps","priority":"None","severity":"None","defectCreationDate":"2016-11-03T18:18:21.439Z","defectLastUpdateDate":"2017-07-19T18:02:14.928Z","status":"Submitted","rallyWorkspace":"Workspace 1","SprintID":null}
{"_id":{"$oid":"5a4cc00340533a2cbb425fef"},"storyID":"US43","defID":"DE2","defName":"Test Defect","defDescription":"","defPrjName":"DevOps","priority":"None","severity":"None","defectCreationDate":"2016-11-03T18:20:41.160Z","defectLastUpdateDate":"2017-07-19T18:04:32.521Z","status":"Fixed","rallyWorkspace":"Workspace 1","SprintID":null}
{"_id":{"$oid":"5a4cc00640533a2cbb425ff1"},"storyID":"US10","defID":"DE3","defName":"Defect_1","defDescription":"Unable to open application","defPrjName":"Taxi4U","priority":"None","severity":"None","defectCreationDate":"2016-11-25T14:02:33.391Z","defectLastUpdateDate":"2016-11-25T14:02:33.940Z","status":"Submitted","rallyWorkspace":"Workspace 1","SprintID":3}
{"_id":{"$oid":"5a4cc00640533a2cbb425ff2"},"storyID":"US12","defID":"DE4","defName":"DE12","defDescription":"","defPrjName":"Taxi4U","priority":"None","severity":"None","defectCreationDate":"2017-08-18T00:24:32.072Z","defectLastUpdateDate":"2017-08-18T00:24:32.115Z","status":"Submitted","rallyWorkspace":"Workspace 1","SprintID":4}
{"_id":{"$oid":"5a4e118c4053a3bc0df6f1d7"},"storyID":"US43","defID":"DE1","defName":"Test Defect","defDescription":"","defPrjName":"DevOps","priority":"None","severity":"None","defectCreationDate":"2016-11-03T18:18:21.439Z","defectLastUpdateDate":"2017-07-19T18:02:14.928Z","status":"Submitted","rallyWorkspace":"Workspace 1","SprintID":null}
{"_id":{"$oid":"5a4e118c4053a3bc0df6f1d8"},"storyID":"US43","defID":"DE2","defName":"Test Defect","defDescription":"","defPrjName":"DevOps","priority":"None","severity":"None","defectCreationDate":"2016-11-03T18:20:41.160Z","defectLastUpdateDate":"2017-07-19T18:04:32.521Z","status":"Fixed","rallyWorkspace":"Workspace 1","SprintID":null}
{"_id":{"$oid":"5a4e11904053a3bc0df6f1da"},"storyID":"US10","defID":"DE3","defName":"Defect_1","defDescription":"Unable to open application","defPrjName":"Taxi4U","priority":"None","severity":"None","defectCreationDate":"2016-11-25T14:02:33.391Z","defectLastUpdateDate":"2016-11-25T14:02:33.940Z","status":"Submitted","rallyWorkspace":"Workspace 1","SprintID":3}
{"_id":{"$oid":"5a4e11914053a3bc0df6f1db"},"storyID":"US12","defID":"DE4","defName":"DE12","defDescription":"","defPrjName":"Taxi4U","priority":"None","severity":"None","defectCreationDate":"2017-08-18T00:24:32.072Z","defectLastUpdateDate":"2017-08-18T00:24:32.115Z","status":"Submitted","rallyWorkspace":"Workspace 1","SprintID":4}
{"_id":{"$oid":"5a4f63104053980a6c988149"},"storyID":"US43","defID":"DE1","defName":"Test Defect","defDescription":"","defPrjName":"DevOps","priority":"None","severity":"None","defectCreationDate":"2016-11-03T18:18:21.439Z","defectLastUpdateDate":"2017-07-19T18:02:14.928Z","status":"Submitted","rallyWorkspace":"Workspace 1","SprintID":null}
{"_id":{"$oid":"5a4f63104053980a6c98814a"},"storyID":"US43","defID":"DE2","defName":"Test Defect","defDescription":"","defPrjName":"DevOps","priority":"None","severity":"None","defectCreationDate":"2016-11-03T18:20:41.160Z","defectLastUpdateDate":"2017-07-19T18:04:32.521Z","status":"Fixed","rallyWorkspace":"Workspace 1","SprintID":null}
{"_id":{"$oid":"5a4f63164053980a6c98814c"},"storyID":"US10","defID":"DE3","defName":"Defect_1","defDescription":"Unable to open application","defPrjName":"Taxi4U","priority":"None","severity":"None","defectCreationDate":"2016-11-25T14:02:33.391Z","defectLastUpdateDate":"2016-11-25T14:02:33.940Z","status":"Submitted","rallyWorkspace":"Workspace 1","SprintID":3}
{"_id":{"$oid":"5a4f63164053980a6c98814d"},"storyID":"US12","defID":"DE4","defName":"DE12","defDescription":"","defPrjName":"Taxi4U","priority":"None","severity":"None","defectCreationDate":"2017-08-18T00:24:32.072Z","defectLastUpdateDate":"2017-08-18T00:24:32.115Z","status":"Submitted","rallyWorkspace":"Workspace 1","SprintID":4}
{"_id":{"$oid":"5a50b49b40538047fd266892"},"storyID":"US43","defID":"DE1","defName":"Test Defect","defDescription":"","defPrjName":"DevOps","priority":"None","severity":"None","defectCreationDate":"2016-11-03T18:18:21.439Z","defectLastUpdateDate":"2017-07-19T18:02:14.928Z","status":"Submitted","rallyWorkspace":"Workspace 1","SprintID":null}
{"_id":{"$oid":"5a50b49c40538047fd266893"},"storyID":"US43","defID":"DE2","defName":"Test Defect","defDescription":"","defPrjName":"DevOps","priority":"None","severity":"None","defectCreationDate":"2016-11-03T18:20:41.160Z","defectLastUpdateDate":"2017-07-19T18:04:32.521Z","status":"Fixed","rallyWorkspace":"Workspace 1","SprintID":null}
{"_id":{"$oid":"5a50b4a040538047fd266895"},"storyID":"US10","defID":"DE3","defName":"Defect_1","defDescription":"Unable to open application","defPrjName":"Taxi4U","priority":"None","severity":"None","defectCreationDate":"2016-11-25T14:02:33.391Z","defectLastUpdateDate":"2016-11-25T14:02:33.940Z","status":"Submitted","rallyWorkspace":"Workspace 1","SprintID":3}
{"_id":{"$oid":"5a50b4a040538047fd266896"},"storyID":"US12","defID":"DE4","defName":"DE12","defDescription":"","defPrjName":"Taxi4U","priority":"None","severity":"None","defectCreationDate":"2017-08-18T00:24:32.072Z","defectLastUpdateDate":"2017-08-18T00:24:32.115Z","status":"Submitted","rallyWorkspace":"Workspace 1","SprintID":4}
{"_id":{"$oid":"5a52061d4053c35308f26fc8"},"storyID":"US43","defID":"DE1","defName":"Test Defect","defDescription":"","defPrjName":"DevOps","priority":"None","severity":"None","defectCreationDate":"2016-11-03T18:18:21.439Z","defectLastUpdateDate":"2017-07-19T18:02:14.928Z","status":"Submitted","rallyWorkspace":"Workspace 1","SprintID":null}
{"_id":{"$oid":"5a52061d4053c35308f26fc9"},"storyID":"US43","defID":"DE2","defName":"Test Defect","defDescription":"","defPrjName":"DevOps","priority":"None","severity":"None","defectCreationDate":"2016-11-03T18:20:41.160Z","defectLastUpdateDate":"2017-07-19T18:04:32.521Z","status":"Fixed","rallyWorkspace":"Workspace 1","SprintID":null}
{"_id":{"$oid":"5a5206224053c35308f26fcb"},"storyID":"US10","defID":"DE3","defName":"Defect_1","defDescription":"Unable to open application","defPrjName":"Taxi4U","priority":"None","severity":"None","defectCreationDate":"2016-11-25T14:02:33.391Z","defectLastUpdateDate":"2016-11-25T14:02:33.940Z","status":"Submitted","rallyWorkspace":"Workspace 1","SprintID":3}
{"_id":{"$oid":"5a5206224053c35308f26fcc"},"storyID":"US12","defID":"DE4","defName":"DE12","defDescription":"","defPrjName":"Taxi4U","priority":"None","severity":"None","defectCreationDate":"2017-08-18T00:24:32.072Z","defectLastUpdateDate":"2017-08-18T00:24:32.115Z","status":"Submitted","rallyWorkspace":"Workspace 1","SprintID":4}
