{"_id":{"$oid":"5a3274fd405344305f02281d"},"storyID":"US10","testID":"TC1","testName":"As a user, i want to book a new taxi","testDescription":"","projectName":"Taxi4U","testCreationDate":"2016-11-03T16:51:10.025Z","testLastUpdateDate":"2016-12-08T11:52:39.635Z","status":"Fail","priority":"None","rallyWorkspace":"Workspace 1"}
{"_id":{"$oid":"5a3274fe405344305f02281e"},"storyID":"US11","testID":"TC2","testName":"As a user, i want to edit an existing taxi order","testDescription":"","projectName":"Taxi4U","testCreationDate":"2016-11-03T16:59:22.110Z","testLastUpdateDate":"2016-11-03T17:01:47.498Z","status":"Pass","priority":"None","rallyWorkspace":"Workspace 1"}
{"_id":{"$oid":"5a3274ff405344305f02281f"},"storyID":"US12","testID":"TC7","testName":"Test case of US12 test","testDescription":"","projectName":"Taxi4U","testCreationDate":"2016-12-17T10:27:43.941Z","testLastUpdateDate":"2016-12-17T10:27:44.000Z","status":null,"priority":"None","rallyWorkspace":"Workspace 1"}
{"_id":{"$oid":"5a327500405344305f022820"},"storyID":"US13","testID":"TC5","testName":"Epic: Taxi Booking","testDescription":"Verification of TEst Case ID\u003cdiv\u003e\u003cbr /\u003e\u003c/div\u003e","projectName":"Taxi4U","testCreationDate":"2016-12-17T10:26:33.066Z","testLastUpdateDate":"2016-12-17T10:26:33.104Z","status":null,"priority":"None","rallyWorkspace":"Workspace 1"}
{"_id":{"$oid":"5a327501405344305f022821"},"storyID":"US13","testID":"TC6","testName":"Epic: Taxi Booking","testDescription":"","projectName":"Taxi4U","testCreationDate":"2016-12-17T10:26:38.201Z","testLastUpdateDate":"2016-12-17T10:26:38.245Z","status":null,"priority":"None","rallyWorkspace":"Workspace 1"}
