{
"dbType":"RDBMS", 
"dbName":"itdp_local",
"username":"root",
"password":"root",
"host":"10.219.161.191:3308",
"cayleyDirectory":"D:\\newcayley",
"cayleyConfig":"cayley.cfg",
"cayleyLogfileDirectory":"D:\\newcayley\\tmp\\def",

[{
"dbName":"itdp_local",
"query":"SELECT a.tc_name,defect_uniqueid,defect_priority,defect_severity,defect_id,a.project,
defect_fixedby,defect_detectedby,defect_status,defect_detection_date,defect_closing_date,b.testcase_id FROM (SELECT defect_tcmap.tc_name,defect.defect_uniqueid,defect.defect_priority,defect.defect_severity,defect.defect_id,defect.project,
defect.defect_fixedby,defect.defect_detectedby,defect.defect_status,defect_detection_date,defect.defect_closing_date FROM defect_tcmap 
RIGHT JOIN defect ON defect_tcmap.defect_id=defect.defect_id ) a,tc_details b WHERE a.tc_name=b.tc_name AND a.project=b.project ",
		
"config":{
	"primaryObj":{ "dbColumnNameList":["defect_uniqueid","project"],"key":"Defect"},
	"attributes"	: [
		{ "dbColumnName":"defect_uniqueid","relation":"def_id","dataType":"id","key":"Defect id","type":"Attribute","isGroupable":"false","nlpFeed":"true","extractKeyword":false,"variableAlias":[]},
		{ "dbColumnName":"defect_priority","relation":"def_priority","dataType":"string","key":"Defect priority","type":"Attribute","isGroupable":"true","nlpFeed":"true","extractKeyword":false,"variableAlias":[]},
		{ "dbColumnName":"defect_severity","relation":"def_severity","dataType":"string","key":"Defect severity","type":"Attribute","isGroupable":"true","nlpFeed":"true","extractKeyword":false,"variableAlias":[]},
		{ "dbColumnName":"defect_id","relation":"def_name","dataType":"string","key":"Defect name","isGroupable":"false","type":"Attribute","nlpFeed":"false","extractKeyword":false,"variableAlias":[]},
		{ "dbColumnName":"project","relation":"def_project","dataType":"string","key":"Project","isGroupable":"true","type":"Attribute","nlpFeed":"true","extractKeyword":false,"variableAlias":[]},
		{ "dbColumnName":"defect_fixedby","relation":"def_fixedby","dataType":"number","key":"User","isGroupable":"true","type":"Object","primaryKey":["defect_fixedby"],"nlpFeed":"true","extractKeyword":false,"alias":"Defect fixed by(User)","variableAlias":["fixed","closed"]},
		{ "dbColumnName":"defect_detectedby","relation":"def_detectedby","dataType":"number","key":"User","isGroupable":"true","type":"Object","primaryKey":["defect_detectedby"],"nlpFeed":"true","extractKeyword":false,"alias":"Defect detected by(User)","variableAlias":["detected","opened"]},
		{ "dbColumnName":"defect_status","relation":"def_status","dataType":"string","key":"Defect status","isGroupable":"true","type":"Attribute","nlpFeed":"true","extractKeyword":false,"variableAlias":[]},
		{ "dbColumnName":"testcase_id","relation":"def_causedby","dataType":"string","type":"Object","primaryKey":["testcase_id","project"],"key":"Test case","isGroupable":"true","nlpFeed":"false","extractKeyword":false,"alias":"Defect caused by(Test case)","variableAlias":[]},
		{ "dbColumnName":"defect_detection_date","relation":"def_detection_date","dataType":"date","type":"Attribute","key":"Defect detection date","isGroupable":"true","nlpFeed":"false","extractKeyword":false,"variableAlias":[]},
		{ "dbColumnName":"defect_closing_date","relation":"def_closing_date","dataType":"date","type":"Attribute","key":"Defect closing date","isGroupable":"true","nlpFeed":"false","extractKeyword":false,"variableAlias":[]}
		     ]
}
}
]
}




