 {
"dbType":"RDBMS",

"username":"root",
"password":"root",
"host":"localhost:3308",
"cayleyDirectory":"D:\\newcayley",
"cayleyConfig":"cayley.cfg",
"cayleyLogfileDirectory":"D:\\newcayley\\tmp\\def",
"configTable" :
[{
"dbName":"newdatabase",

"query":"SELECT * FROM defects",		
"config":{
	"primaryObj":{ "dbColumnNameList":["Defect_id"],"key":"Defect"},
	"attributes"	: [
		{ "dbColumnName":"Defect_id","relation":"Defect_id","dataType":"id","key":"Defect id","type":"Attribute","isGroupable":"false","nlpFeed":"true","extractKeyword":false,"tokenize":false,"variableAlias":[]},
		{ "dbColumnName":"Defect_status","relation":"Defect_status","dataType":"string","key":"Status","type":"Attribute","isGroupable":"true","nlpFeed":"true","extractKeyword":false,"tokenize":false,"variableAlias":[]},
		{ "dbColumnName":"Defect_fixedby","relation":"Defect_fixedby","dataType":"string","key":"fixed by","type":"Attribute","isGroupable":"true","nlpFeed":"true","extractKeyword":false,"tokenize":false,"variableAlias":["fixed","closed"]},
		{ "dbColumnName":"Defect_createdby","relation":"Defect_createdby","dataType":"string","key":"created by","isGroupable":"true","type":"Attribute","nlpFeed":"true","extractKeyword":false,"tokenize":false,"variableAlias":["detected","opened"]},
		{ "dbColumnName":"detected_in_phase","relation":"detected_in_phase","dataType":"string","key":"detected in phase","isGroupable":"true","type":"Attribute","nlpFeed":"true","extractKeyword":false,"tokenize":false,"variableAlias":[]},
		{ "dbColumnName":"project","relation":"project","dataType":"string","key":"project","isGroupable":"true","type":"Attribute","nlpFeed":"true","extractKeyword":false,"tokenize":false,"variableAlias":[]},
		{ "dbColumnName":"Defect_module","relation":"Defect_module","dataType":"string","key":"module","isGroupable":"false","type":"Attribute","nlpFeed":"true","extractKeyword":false,"tokenize":false,"variableAlias":[]}
		
		    ]
}
}

 ]
 }



