{
"dbType":"RDBMS",
"dbName":"my_db",
"username":"root",
"password":"root",
"host":"10.219.161.191:3308",
"query":"select * from grantee limit 100",		

"config":{
	"primaryObj":{ "dbColumnNameList":["B_GRNTEE_NUM","B_GRNTEE_FROM_DT","B_GRNTEE_TO_DT"],"key":"Grantee"},
	"attributes"	: [
		{ "dbColumnName":"B_ALT_ID","relation":"alt_id","dataType":"id","key":"User","type":"Object","isGroupable":"false","primaryKey":["B_ALT_ID"],"nlpFeed":"true","extractKeyword":false,"alias":"Alternate id","tokenize":false,"variableAlias":[]},
		{ "dbColumnName":"B_GRNTEE_NUM","relation":"grantee_number","dataType":"number","key":"Grantee number","type":"Attribute","isGroupable":"true","nlpFeed":"true","extractKeyword":false,"tokenize":false,"variableAlias":[]},
		{ "dbColumnName":"B_GRNTEE_SRC_CD","relation":"grantee_source","dataType":"string","key":"Grantee source","type":"Attribute","isGroupable":"false","nlpFeed":"false","extractKeyword":false,"tokenize":false,"variableAlias":[]},
		{ "dbColumnName":"B_GRNTEE_ELIG_TY_CD","relation":"grantee_eligibility","dataType":"string","key":"Grantee eligibility","type":"Attribute","isGroupable":"false","nlpFeed":"false","extractKeyword":false,"tokenize":false,"variableAlias":[]},
		{ "dbColumnName":"B_GRNTEE_FROM_DT","relation":"grantee_from_date","dataType":"date","key":"Grantee from date","type":"Attribute","isGroupable":"true","nlpFeed":"false","extractKeyword":false,"tokenize":false,"variableAlias":[]},
		{ "dbColumnName":"B_GRNTEE_TO_DT","relation":"grantee_to_date","dataType":"date","key":"Grantee to date","type":"Attribute","isGroupable":"true","nlpFeed":"false","extractKeyword":false,"tokenize":false,"variableAlias":[]},
		{ "dbColumnName":"R_VV_LONG_DESC","relation":"grantee_long_description","dataType":"string","key":"Grantee long description","type":"Attribute","isGroupable":"true","nlpFeed":"false","extractKeyword":false,"tokenize":false,"variableAlias":[]},
		{ "dbColumnName":"R_VV_SHORT_DESC","relation":"grantee_short_description","dataType":"string","key":"Grantee short description","type":"Attribute","isGroupable":"true","nlpFeed":"false","extractKeyword":false,"tokenize":false,"variableAlias":[]}
	 ]

 }
 }
 
