{
"dbType":"RDBMS",

"username":"root",
"password":"root",
"host":"10.219.161.191:3308",
"cayleyDirectory":"D:\\newcayley",
"cayleyConfig":"cayley.cfg",
"cayleyLogfileDirectory":"D:\\newcayley\\tmp\\def",
"configTable" :
[{
"dbName":"itdp_manual",
"query":"select * from users",         
"config":{
       "primaryObj":{ "dbColumnNameList":["username"],"key":"User" },
       "attributes"  : [
                     { "dbColumnName":"username","relation":"user_id","dataType":"id","key":"User id","type":"Attribute","isGroupable":"true","nlpFeed":"true","extractKeyword":false,"tokenize":false,"variableAlias":[]  },
                     { "dbColumnName":"firstname","relation":"user_firstname","dataType":"string","key":"User firstname","type":"Attribute","isGroupable":"false","nlpFeed":"true","extractKeyword":false,"tokenize":true,"variableAlias":[] },
                     { "dbColumnName":"lastname","relation":"user_lastname","dataType":"string","key":"User lastname","type":"Attribute","isGroupable":"false","nlpFeed":"true","extractKeyword":false,"tokenize":true,"variableAlias":[] },
                     { "dbColumnName":"email","relation":"email_id","dataType":"string","key":"Email id","type":"Attribute","isGroupable":"false","nlpFeed":"false","extractKeyword":false,"tokenize":false,"variableAlias":[] },
                     { "dbColumnName":"joindate","relation":"user_joindate","dataType":"date","key":"User joindate","type":"Attribute","isGroupable":"true","nlpFeed":"false","extractKeyword":false,"tokenize":false,"variableAlias":[] },
                     { "dbColumnName":"geography","relation":"user_geography","dataType":"string","key":"User geography","type":"Attribute","isGroupable":"false","nlpFeed":"true","extractKeyword":false,"tokenize":false,"variableAlias":[] }
              
                  ]
}
},

{
"dbName":"itdp_manual",
"query":"select * from tc_details",         
"config":{
       "primaryObj":{ "dbColumnNameList":["testcase_id"],"key":"Test case"},
       "attributes"  : [
           { "dbColumnName":"testcase_id","relation":"testcase_id","dataType":"id","key":"Testcase id","type":"Attribute","isGroupable":"false","nlpFeed":"true","extractKeyword":false,"tokenize":false,"variableAlias":[] },
              { "dbColumnName":"project","relation":"tc_project","dataType":"string","key":"TC project","type":"Attribute","isGroupable":"true","nlpFeed":"true","extractKeyword":false,"tokenize":false,"variableAlias":[] },
              { "dbColumnName":"tc_priority","relation":"tc_priority","dataType":"string","key":"Priority","type":"Attribute","isGroupable":"true","nlpFeed":"true","extractKeyword":false,"tokenize":false,"variableAlias":[] },
              { "dbColumnName":"tc_name","relation":"tc_name","dataType":"string","key":"TC name","type":"Attribute","isGroupable":"false","nlpFeed":"false","extractKeyword":false,"tokenize":false,"variableAlias":[] },
              { "dbColumnName":"criticality","relation":"tc_criticality","dataType":"number","key":"TC criticality","type":"Attribute","isGroupable":"true","nlpFeed":"true","extractKeyword":false,"tokenize":false,"variableAlias":[] },
              { "dbColumnName":"automation_technology","relation":"automation_technology","dataType":"string","key":"Automation technology","type":"Attribute","isGroupable":"true","nlpFeed":"true","extractKeyword":false,"tokenize":false,"variableAlias":[] },
              { "dbColumnName":"tc_createdby","relation":"tc_createdby","dataType":"number","key":"User","primaryKey":["tc_createdby"],"type":"Object","isGroupable":"true","nlpFeed":"true","extractKeyword":false,"alias":"Tc Created by(User)","tokenize":false,"variableAlias":[] },
              { "dbColumnName":"creation_date","relation":"tc_creation_date","dataType":"date","key":"TC creation date","type":"Attribute","isGroupable":"true","nlpFeed":"false","extractKeyword":false,"tokenize":false,"variableAlias":[] },
              { "dbColumnName":"module","relation":"tc_module","dataType":"string","key":"Module","type":"Attribute","isGroupable":"true","nlpFeed":"true","extractKeyword":false,"tokenize":false,"variableAlias":[] },
              { "dbColumnName":"update_date","relation":"tc_update_date","dataType":"date","key":"Updated date","type":"Attribute","isGroupable":"true","nlpFeed":"false","extractKeyword":false,"tokenize":false,"variableAlias":[] } 
             ]
}
},

{
"dbName":"itdp_manual",
"query":"select * from defect",         
"config":{
"primaryObj":{ "dbColumnNameList":["defect_uniqueid"],"key":"Defect"},
       "attributes"  : [
              { "dbColumnName":"defect_uniqueid","dataType":"id","relation":"def_id","key":"Defect id","type":"Attribute","isGroupable":"false","nlpFeed":"true","extractKeyword":false,"tokenize":false,"variableAlias":[] },
              { "dbColumnName":"defect_priority","relation":"def_priority","dataType":"string","key":"Priority","type":"Attribute","isGroupable":"true","nlpFeed":"true","extractKeyword":false,"tokenize":false,"variableAlias":[] },
              { "dbColumnName":"defect_severity","relation":"def_severity","dataType":"string","key":"Severity","type":"Attribute","isGroupable":"true","nlpFeed":"true","extractKeyword":false,"tokenize":false,"variableAlias":[] },
              { "dbColumnName":"defect_id","relation":"def_name","dataType":"string","key":"Defect name","isGroupable":"false","type":"Attribute","nlpFeed":"false","extractKeyword":false,"tokenize":false,"variableAlias":[] },
              { "dbColumnName":"project","relation":"def_project","dataType":"string","key":"Defect project","isGroupable":"true","type":"Attribute","nlpFeed":"true","extractKeyword":false,"tokenize":false,"variableAlias":[] },
              { "dbColumnName":"defect_fixedby","relation":"def_fixedby","dataType":"number","key":"User","primaryKey":["defect_fixedby"],"isGroupable":"true","type":"Object","nlpFeed":"true","extractKeyword":false,"alias":"Defect fixed by(User)","tokenize":false,"variableAlias":["Fixed","Closed"] },
              { "dbColumnName":"defect_detectedby","relation":"def_detectedby","dataType":"number","key":"User","primaryKey":["defect_detectedby"],"isGroupable":"true","type":"Object","nlpFeed":"true","extractKeyword":false,"alias":"Defect detected by(User)","tokenize":false,"variableAlias":["Detected","Opened"] },
              { "dbColumnName":"defect_status","relation":"def_status","dataType":"string","key":"Defect status","isGroupable":"true","type":"Attribute","nlpFeed":"true","extractKeyword":false,"tokenize":false,"variableAlias":[] },
              { "dbColumnName":"defect_detection_date","relation":"def_detection_date","dataType":"date","type":"Attribute","key":"Detection date","isGroupable":"true","nlpFeed":"false","extractKeyword":false,"tokenize":false,"variableAlias":[] },
              { "dbColumnName":"defect_closing_date","relation":"def_closing_date","dataType":"date","type":"Attribute","key":"Executed date","isGroupable":"true","nlpFeed":"false","extractKeyword":false,"tokenize":false,"variableAlias":[] },
              { "dbColumnName":"detected_in_phase","relation":"detected_in_phase","key":"Detected in phase","dataType":"string","type":"Attribute","isGroupable":"true","nlpFeed":"true","extractKeyword":false,"tokenize":false,"variableAlias":[] },
              { "dbColumnName":"module","relation":"def_module","dataType":"string","key":"Module","type":"Attribute","isGroupable":"true","nlpFeed":"true","extractKeyword":false,"tokenize":false,"variableAlias":[] },
              { "dbColumnName":"detected_in_build","relation":"detected_in_build","key":"Build","dataType":"string","type":"Object","primaryKey":["detected_in_build"],"isGroupable":"true","nlpFeed":"true","extractKeyword":false,"alias":"Defect in build","tokenize":false,"variableAlias":[] },
              { "dbColumnName":"defect_rootcause","relation":"def_rootcause","dataType":"string","type":"Attribute","key":"Root cause","isGroupable":"true","nlpFeed":"false","extractKeyword":false,"tokenize":false,"variableAlias":[] },
              { "dbColumnName":"testcase_id","relation":"def_causedby","dataType":"number","type":"Object","primaryKey":["testcase_id"],"key":"Test case","isGroupable":"true","nlpFeed":"true","extractKeyword":false,"tokenize":false,"alias":"Defect caused by(Test case)","variableAlias":[] }
                   ]
}
},

{
"dbName":"itdp_manual",
"query":"select * from req_details",         
"config":{
"primaryObj":{ "dbColumnNameList":["requniqueid"],"key":"Requirement"},
       "attributes"  : [
              {"dbColumnName":"requniqueid","relation":"requirement_id","dataType":"id","key":"Requirement id","type":"Attribute","isGroupable":"false","nlpFeed":"true","extractKeyword":false,"tokenize":false,"variableAlias":[] },
              {"dbColumnName":"req_id","relation":"req_name","dataType":"number","type":"Attribute","key":"Requirement name","isGroupable":"false","nlpFeed":"false","extractKeyword":false,"tokenize":false,"variableAlias":[] },
              {"dbColumnName":"project","relation":"req_project","dataType":"string","key":"Requirement project","type":"Attribute","isGroupable":"true","nlpFeed":"true","extractKeyword":false,"tokenize":false,"variableAlias":[] },
              {"dbColumnName":"reqpriority","relation":"req_priority","dataType":"string","key":"Priority","type":"Attribute","isGroupable":"true","nlpFeed":"true","extractKeyword":false,"tokenize":false,"variableAlias":[] },
              {"dbColumnName":"req_createdby","relation":"req_createdby","dataType":"number","key":"User","primaryKey":["req_createdby"],"type":"Object","isGroupable":"true","nlpFeed":"true","extractKeyword":false,"alias":"Req Created by(User)","tokenize":false,"variableAlias":[] },
              {"dbColumnName":"reqcomplexity","relation":"req_complexity","dataType":"number","key":"Requirement complexity","type":"Attribute","isGroupable":"true","nlpFeed":"true","extractKeyword":false,"tokenize":false,"variableAlias":[] },
              {"dbColumnName":"module","relation":"req_module","dataType":"string","key":"Module","type":"Attribute","isGroupable":"true","nlpFeed":"true","extractKeyword":false,"tokenize":false,"variableAlias":[] }
              ]
}
},

{
"dbName":"itdp_manual",
"query":"select * from builddata",         
"config":{
"primaryObj":{ "dbColumnNameList":["build_id"],"key":"Build"},
       "attributes"  : [
              { "dbColumnName":"build_id","relation":"build_id","dataType":"id","key":"Build id","type":"Attribute","isGroupable":"false","nlpFeed":"true","extractKeyword":false,"tokenize":false,"variableAlias":[] },
              { "dbColumnName":"build_date","relation":"build_date","dataType":"date","key":"Build date","isGroupable":"true","type":"Attribute","nlpFeed":"false","extractKeyword":false,"tokenize":false,"variableAlias":[] },
              { "dbColumnName":"status","relation":"build_status","dataType":"string","key":"Build status","isGroupable":"true","type":"Attribute","nlpFeed":"false","extractKeyword":false,"tokenize":false,"variableAlias":[] }  ]
}
},

{
"dbName":"itdp_manual",
"query":"select * from test_run",         
"config":{
       "primaryObj":{ "dbColumnNameList":["testrun_id"],"key":"Run"},
       "attributes"  : [
              { "dbColumnName":"testrun_id","relation":"run_id","dataType":"id","key":"Run id","type":"Attribute","isGroupable":"false","nlpFeed":"true","extractKeyword":false,"tokenize":false,"variableAlias":[] },
              { "dbColumnName":"schedule_name","relation":"schedule_name","dataType":"string","key":"Schedule name","type":"Attribute","isGroupable":"false","nlpFeed":"false","extractKeyword":false,"tokenize":false,"variableAlias":[] },
              { "dbColumnName":"release_name","relation":"release_name","dataType":"string","key":"Release name","type":"Attribute","isGroupable":"false","nlpFeed":"false","extractKeyword":false,"tokenize":false,"variableAlias":[] },
              { "dbColumnName":"tc_id","relation":"tc_id","dataType":"number","key":"Test case","isGroupable":"true","type":"Object","primaryKey":["tc_id"],"nlpFeed":"false","extractKeyword":false,"alias":"Tc id(Test case)","tokenize":false,"variableAlias":[] },
              { "dbColumnName":"executed_on","relation":"executed_on","dataType":"date","key":"TR Executed on","type":"Attribute","isGroupable":"true","nlpFeed":"false","extractKeyword":false,"tokenize":false,"variableAlias":[] },
              { "dbColumnName":"executed_by","relation":"executed_by","dataType":"number","key":"User","primaryKey":["executed_by"],"type":"Object","isGroupable":"true","nlpFeed":"true","extractKeyword":false,"alias":"Testrun executed by(User)","tokenize":false,"variableAlias":[] },
              { "dbColumnName":"planned_on","relation":"planned_on","dataType":"date","key":"TR Planned on","type":"Attribute","isGroupable":"true","nlpFeed":"false","extractKeyword":false,"tokenize":false,"variableAlias":[] },
              { "dbColumnName":"run_status","relation":"status","dataType":"string","key":"TR status","isGroupable":"true","type":"Attribute","nlpFeed":"false","extractKeyword":false,"tokenize":false,"variableAlias":[] }  ]
}
},
{

       "dbName":"itdp_manual",
      "query":"select * from reporte_details",
       "config":{
              "primaryObj" : { "dbColumnNameList":["reportee_id"],"key":"User" },
              "attributes"  : [
                     { "dbColumnName":"reportee_id","relation":"user_id","dataType":"id","key":"User id","type":"Attribute","isGroupable":"true","nlpFeed":"true","extractKeyword":false,"tokenize":false,"variableAlias":[] },
                     { "dbColumnName":"manager","relation":"manager_id","dataType":"string","key":"User","type":"Object","primaryKey":["manager"],"isGroupable":"true","nlpFeed":"true","extractKeyword":false,"alias":"Manager","tokenize":false,"variableAlias":[]}
                    
              ]
       }
},
{

       "dbName":"itdp_manual",
        "query":"select * from team",
       "config":{
              "primaryObj" : { "dbColumnNameList":["task_id"],"key":"Task" },
              "attributes"  : [
                     { "dbColumnName":"created_by","relation":"created_by","dataType":"id","key":"User","type":"Object","primaryKey":["created_by"],"isGroupable":"true","nlpFeed":"true","extractKeyword":false,"alias":"Created by(User)","tokenize":false,"variableAlias":[]},
                     { "dbColumnName":"task_id","relation":"task_id","dataType":"string","key":"Task id","type":"Attribute","isGroupable":"false","nlpFeed":"true","extractKeyword":false,"tokenize":false,"variableAlias":[]},
                     { "dbColumnName":"task_type","relation":"task_type","dataType":"string","key":"Task type","type":"Attribute","isGroupable":"true","nlpFeed":"true","extractKeyword":false,"tokenize":false,"variableAlias":[]},
                     { "dbColumnName":"task_description","relation":"task_description","dataType":"string","key":"Task description","type":"Attribute","isGroupable":"true","nlpFeed":"true","extractKeyword":false,"tokenize":false,"variableAlias":[]},
                     { "dbColumnName":"start_date","relation":"start_date","dataType":"date","key":"Start date","type":"Attribute","isGroupable":"true","nlpFeed":"true","extractKeyword":false,"tokenize":false,"variableAlias":[]},
                     { "dbColumnName":"task_status","relation":"task_status","dataType":"string","key":"Task status","type":"Attribute","isGroupable":"true","nlpFeed":"true","extractKeyword":false,"tokenize":false,"variableAlias":[]},
                     { "dbColumnName":"end_date","relation":"end_date","dataType":"date","key":"End date","type":"Attribute","isGroupable":"true","nlpFeed":"true","extractKeyword":false,"tokenize":false,"variableAlias":[]},
                     { "dbColumnName":"assigned_to","relation":"assigned_to","dataType":"number","key":"User","type":"Object","primaryKey":["assigned_to"],"isGroupable":"true","nlpFeed":"true","extractKeyword":false,"alias":"Assigned to(User)","tokenize":false,"variableAlias":[]},
                     { "dbColumnName":"back_up","relation":"back_up","dataType":"number","key":"User","type":"Object","primaryKey":["back_up"],"isGroupable":"true","nlpFeed":"true","extractKeyword":false,"alias":"Back up(User)","tokenize":false,"variableAlias":[]}
              ]
       }





}


]

}             


              





