[
{
"dbType":"mongo",
"dbName":"ALM_data",
"username":"",
"password":"",
"host ip":"localhost:27017",
"query":"tc",
"type":{
 "testCaseId":"test case id",
 "testCaseName":"test case name",
 "owner":"owner",
 "status":"status",
 "testCaseCreatedDate":"creation date"
 },
 "relations": [
 {
 "value1":"testCaseId",
 "relation":"has name",
 "value2":"testCaseName"
 },
 {
 "value1":"testCaseId",
 "relation":"has status",
 "value2":"status"
 },
 {
 "value1":"testCaseId",
 "relation":"has owner",
 "value2":"owner"
 },
 {
 "value1":"testCaseId",
 "relation":"created on",
 "value2":"testCaseCreatedDate"
 }
 ]
 },
 {
"dbType":"RDBMS",
"dbName":"raceux",
"username":"root",
"password":"root",
"host ip":"localhost:3306",
"query":"select * from tc_details",
"type":{
 "testcase_id":"test case id",
 "project":"project",
 "tc_priority":"priority",
 "TC_Name":"test case name",
 "riskclassify":"risk",
 "createdby":"user id"
 },
 "relations": [{ 
 "value1":"testcase_id",
 "relation":"belongs to",
 "value2":"project"
 },
 {
 "value1":"testcase_id",
 "relation":"has risk",
 "value2":"riskclassify"
 },
 {
 "value1":"testcase_id",
 "relation":"has name",
 "value2":"TC_Name"
 },
 {
 "value1":"testcase_id",
 "relation":"has priority",
 "value2":"tc_priority"
 },
 {
 "value1":"testcase_id",
 "relation":"created by",
 "value2":"createdby"
 }
 ]
 }
 ]