[
{
"dbName":"raceux",
"username":"root",
"password":"root",
"query":"select * from defect",
"type":{
 "defect_uniqueid":"defect id",
 "defect_id":"defect name",
 "defect_status":"defect status",
 "defect_description":"defect description",
 "defect_severity":"defect severity",
 "defect_priority":"defect priority",
 "project":"defect project",
 "logicaldel":"defect deleted",
 "defect_iddis":"defect display name",
 "defect_detection_date":"defect detection date",
 "defect_closing_date":"defect closing date",
 "defect_rootcause":"defect root cause",
 "defect_detectedby":"user id",
 "modified":"defect modified",
 "defect_modifiedCount":"defect modified count"
 },
  "relations": [{ 
 "value1":"defect_uniqueid",
 "relation":"has name",
 "value2":"defect_id"
 },
 { 
 "value1":"defect_uniqueid",
 "relation":"has status",
 "value2":"defect_status"
 },
 { 
 "value1":"defect_uniqueid",
 "relation":"has description",
 "value2":"defect_description"
 },
 { 
 "value1":"defect_uniqueid",
 "relation":"has severity",
 "value2":"defect_severity"
 },
 { 
 "value1":"defect_uniqueid",
 "relation":"has priority",
 "value2":"defect_priority"
 },
 { 
 "value1":"defect_uniqueid",
 "relation":"belongs to",
 "value2":"project"
 },
 { 
 "value1":"defect_uniqueid",
 "relation":"is deleted",
 "value2":"logicaldel"
 },
 { 
 "value1":"defect_uniqueid",
 "relation":"has display name",
 "value2":"defect_iddis"
 },
 { 
 "value1":"defect_uniqueid",
 "relation":"detected on",
 "value2":"defect_detection_date"
 },
 { 
 "value1":"defect_uniqueid",
 "relation":"closed on",
 "value2":"defect_closing_date"
 },
 { 
 "value1":"defect_uniqueid",
 "relation":"because of",
 "value2":"defect_rootcause"
 },
 { 
 "value1":"defect_uniqueid",
 "relation":"detected by",
 "value2":"defect_detectedby"
 },
 { 
 "value1":"defect_uniqueid",
 "relation":"is modified",
 "value2":"modified"
 },
 { 
 "value1":"defect_uniqueid",
 "relation":"modified count",
 "value2":"defect_modifiedCount"
 }
 ]
 }
 ]
