[
{
"dbType":"RDBMS",
"dbName":"raceux",
"username":"root",
"password":"root",
"host ip":"localhost:3306",
"query":"select * from tc_details",
"type":{
 "testcase_id":"test case id",
 "project":"project",
 "tc_priority":"priority",
 "TC_Name":"test case name",
 "riskclassify":"risk",
 "createdby":"user id",
 "complexity":"test case complexity"
 },
 "relations": [{ 
 "value1":"testcase_id",
 "relation":"belongs to",
 "value2":"project"
 },
 {
 "value1":"testcase_id",
 "relation":"has risk",
 "value2":"riskclassify"
 },
 {
 "value1":"testcase_id",
 "relation":"has name",
 "value2":"TC_Name"
 },
 {
 "value1":"testcase_id",
 "relation":"has priority",
 "value2":"tc_priority"
 },
 {
 "value1":"testcase_id",
 "relation":"created by",
 "value2":"createdby"
 },
 { 
 "value1":"testcase_id",
 "relation":"has complexity",
 "value2":"complexity"
 }
 ]
 }
 ]