{
"dbType":"RDBMS",

"username":"root",
"password":"root",
"host":"10.219.161.191:3308",
"cayleyDirectory":"D:\\newcayley",
"cayleyConfig":"cayley.cfg",
"cayleyLogfileDirectory":"D:\\newcayley\\tmp\\def",
"configTable" :
[{
"dbName":"new_2mar",
"query":"select * from lab_report",         
"config":{
       "primaryObj":{ "dbColumnNameList":["Test_ID"],"key":"Testcase" },
       "attributes"  : [
                     { "dbColumnName":"Config_ID","relation":"config_id","dataType":"string","key":"Configure ID","type":"Attribute","isGroupable":"false","nlpFeed":"true","extractKeyword":false,"tokenize":false,"variableAlias":[]  },
                     { "dbColumnName":"Test_Name","relation":"test_name","dataType":"string","key":"Test Name","type":"Attribute","isGroupable":"false","nlpFeed":"false","extractKeyword":false,"tokenize":false,"variableAlias":[] },
                     { "dbColumnName":"Subject","relation":"subject","dataType":"string","key":"Subject","type":"Attribute","isGroupable":"false","nlpFeed":"false","extractKeyword":false,"tokenize":false,"variableAlias":[] },
                     { "dbColumnName":"Scope_ID","relation":"scope_id","dataType":"string","key":"Scope ID","type":"Attribute","isGroupable":"false","nlpFeed":"true","extractKeyword":false,"tokenize":false,"variableAlias":[] },
                     { "dbColumnName":"Clarity_ID","relation":"clarity_id","dataType":"string","key":"Clarity ID","type":"Attribute","isGroupable":"false","nlpFeed":"true","extractKeyword":false,"tokenize":false,"variableAlias":[] },
                     { "dbColumnName":"Application","relation":"application","dataType":"string","key":"Application","type":"Attribute","isGroupable":"true","nlpFeed":"true","extractKeyword":false,"tokenize":false,"variableAlias":[] },
                     { "dbColumnName":"Release_Date","relation":"release_date","dataType":"date","key":"Release Date","type":"Attribute","isGroupable":"true","nlpFeed":"false","extractKeyword":false,"tokenize":false,"variableAlias":[] },
                     { "dbColumnName":"Test_Case_Owner","relation":"tc_owner","dataType":"string","key":"Test Case Owner","type":"Attribute","isGroupable":"true","nlpFeed":"true","extractKeyword":false,"tokenize":false,"variableAlias":[] },
                     { "dbColumnName":"Test_Case_Reviewer","relation":"tc_reviewer","dataType":"string","key":"Test Case Reviewer","type":"Attribute","isGroupable":"true","nlpFeed":"true","extractKeyword":false,"tokenize":false,"variableAlias":[] },
                     { "dbColumnName":"Priority","relation":"priority","dataType":"string","key":"Priority","type":"Attribute","isGroupable":"true","nlpFeed":"false","extractKeyword":false,"tokenize":false,"variableAlias":[] },
                     { "dbColumnName":"Execution_Status","relation":"exec_status","dataType":"string","key":"Execution Status","type":"Attribute","isGroupable":"true","nlpFeed":"false","extractKeyword":false,"tokenize":false,"variableAlias":[] },
                     { "dbColumnName":"Exec_Date","relation":"exec_date","dataType":"date","key":"Execution Date","type":"Attribute","isGroupable":"true","nlpFeed":"false","extractKeyword":false,"tokenize":false,"variableAlias":[] },
                     { "dbColumnName":"Test_ID","relation":"test_id","dataType":"id","key":"Test ID","type":"Attribute","isGroupable":"false","nlpFeed":"true","extractKeyword":false,"tokenize":false,"variableAlias":[] }
                    ]
}
},
{
"dbName":"new_2mar",
"query":"select * from defect",         
"config":{
       "primaryObj":{ "dbColumnNameList":["Defect_ID"],"key":"Defect" },
       "attributes"  : [
                     { "dbColumnName":"Defect_ID","relation":"defect_id","dataType":"id","key":"Defect ID","type":"Attribute","isGroupable":"false","nlpFeed":"true","extractKeyword":false,"tokenize":false,"variableAlias":[]  },
                     { "dbColumnName":"Clarity_ID","relation":"clarity_ID","dataType":"string","key":"Clarity ID","type":"Attribute","isGroupable":"false","nlpFeed":"true","extractKeyword":false,"tokenize":false,"variableAlias":[] },
                     { "dbColumnName":"Scope_ID","relation":"scope_ID","dataType":"string","key":"Scope ID","type":"Attribute","isGroupable":"false","nlpFeed":"true","extractKeyword":false,"tokenize":false,"variableAlias":[] },
                     { "dbColumnName":"Detected_in_Release","relation":"detected_in_release","dataType":"date","key":"Detected in Release","type":"Attribute","isGroupable":"true","nlpFeed":"false","extractKeyword":false,"tokenize":false,"variableAlias":[] },
                     { "dbColumnName":"Detected_on_Date","relation":"detected_on_date","dataType":"date","key":"Detected on Date","type":"Attribute","isGroupable":"true","nlpFeed":"false","extractKeyword":false,"tokenize":false,"variableAlias":[] },
                     { "dbColumnName":"Target_Release","relation":"target_release","dataType":"date","key":"Target Release","type":"Attribute","isGroupable":"true","nlpFeed":"false","extractKeyword":false,"tokenize":false,"variableAlias":[] },
                     { "dbColumnName":"Closing_Date","relation":"closing_date","dataType":"date","key":"Closing Date","type":"Attribute","isGroupable":"true","nlpFeed":"false","extractKeyword":false,"tokenize":false,"variableAlias":[] },
                     { "dbColumnName":"Summary","relation":"summary","dataType":"string","key":"Summary","type":"Attribute","isGroupable":"false","nlpFeed":"false","extractKeyword":false,"tokenize":false,"variableAlias":[] },
                     { "dbColumnName":"Severity","relation":"severity","dataType":"string","key":"Severity","type":"Attribute","isGroupable":"true","nlpFeed":"true","extractKeyword":false,"tokenize":false,"variableAlias":[] },
                     { "dbColumnName":"Status","relation":"status","dataType":"string","key":"Status","type":"Attribute","isGroupable":"true","nlpFeed":"true","extractKeyword":false,"tokenize":false,"variableAlias":[] },
                     { "dbColumnName":"Actual_Fix_Time","relation":"actual_fix_time","dataType":"string","key":"Actual Fix Time","type":"Attribute","isGroupable":"false","nlpFeed":"false","extractKeyword":false,"tokenize":false,"variableAlias":[] },
                     { "dbColumnName":"Application","relation":"application","dataType":"string","key":"Application","type":"Attribute","isGroupable":"true","nlpFeed":"true","extractKeyword":false,"tokenize":false,"variableAlias":[] },
                     { "dbColumnName":"Detected_By","relation":"detected_by","dataType":"string","key":"Detected By","type":"Attribute","isGroupable":"true","nlpFeed":"true","extractKeyword":false,"tokenize":false,"variableAlias":[] },
                     { "dbColumnName":"Assigned_To","relation":"assigned_to","dataType":"string","key":"Assigned To","type":"Attribute","isGroupable":"true","nlpFeed":"true","extractKeyword":false,"tokenize":false,"variableAlias":[] },
                     { "dbColumnName":"Primary_Resolution","relation":"primary_resolution","dataType":"string","key":"Primary Resolution","type":"Attribute","isGroupable":"true","nlpFeed":"true","extractKeyword":false,"tokenize":false,"variableAlias":[] },
                     { "dbColumnName":"Environment","relation":"environment","dataType":"string","key":"Environment","type":"Attribute","isGroupable":"true","nlpFeed":"false","extractKeyword":false,"tokenize":false,"variableAlias":[] }
                     
                    ]
}
},
{
"dbName":"new_2mar",
"query":"select * from join_table ",
                                
"config":{
                "primaryObj":{ "dbColumnNameList":["Defect_ID"],"key":"Defect"},
                "attributes"        : [
                     { "dbColumnName":"Defect_ID","relation":"defect_id","dataType":"id","key":"Defect ID","type":"Attribute","isGroupable":"false","nlpFeed":"true","extractKeyword":false,"tokenize":false,"variableAlias":[]  },
                     { "dbColumnName":"Test_ID","relation":"caused_by","dataType":"number","key":"Testcase","type":"Object","primaryKey":["Test_ID"],"isGroupable":"false","nlpFeed":"true","alias":"Defect caused by(Test case)","extractKeyword":false,"tokenize":false,"variableAlias":[]}
                
                
                                     ]
}
}
]
}
