 {
"dbType":"RDBMS",

"username":"root",
"password":"root",
"host":"localhost:3308",
"cayleyDirectory":"D:\\newcayley",
"cayleyConfig":"cayley.cfg",
"cayleyLogfileDirectory":"D:\\newcayley\\tmp\\",
"configTable" :
[{
"dbName":"my_db",
"query":"SELECT DISTINCT * FROM member_data WHERE B_ALT_ID IN('03653348210','03653311213','02824586216','02824555914')",		
"config":{
	"primaryObj":{ "dbColumnNameList":["B_ALT_ID"],"key":"User"},
	"attributes"	: [
		{ "dbColumnName":"B_ALT_ID","relation":"user_alt_id","dataType":"id","key":"User Alternate id","type":"Attribute","isGroupable":"false","nlpFeed":"true","extractKeyword":false,"tokenize":false,"variableAlias":[]},
		{ "dbColumnName":"B_SSN_NUM","relation":"user_ssn_number","dataType":"number","key":"User SSN number","type":"Attribute","isGroupable":"false","nlpFeed":"true","extractKeyword":false,"tokenize":false,"variableAlias":[]},
		{ "dbColumnName":"B_FIRST_NAM","relation":"user_firstname","dataType":"string","key":"User firstname","type":"Attribute","isGroupable":"false","nlpFeed":"true","extractKeyword":false,"tokenize":false,"variableAlias":[]},
		{ "dbColumnName":"B_LAST_NAM","relation":"user_lastname","dataType":"string","key":"User lastname","isGroupable":"false","type":"Attribute","nlpFeed":"false","extractKeyword":false,"tokenize":false,"variableAlias":[]},
		{ "dbColumnName":"B_DOB_DT","relation":"user_dob","dataType":"date","key":"User DOB","isGroupable":"false","type":"Attribute","nlpFeed":"false","extractKeyword":false,"tokenize":false,"variableAlias":[]},
		{ "dbColumnName":"B_GENDER_CD","relation":"user_gender","dataType":"string","key":"User gender","isGroupable":"false","type":"Attribute","nlpFeed":"false","extractKeyword":false,"tokenize":false,"variableAlias":[]}
		
		    ]
}
}
 ]
 }



