{
"dbType":"Mongo",
"username":"",
"password":"",
"host":"127.0.0.1",
"port":"27017",
"cayleyDirectory":"C:\\Tools\\cayley_0.7.7_windows_amd64\\run\\data",
"cayleyConfig":"cayley.cfg",
"cayleyLogfileDirectory":"C:\\Tools\\cayley_0.7.7_windows_amd64\\run\\tmp",

"configTable" :
[
{
"dbName":"iDashboard_intelligent",
"collectionquery":["Requirements","levelId"],         
"config":{
       "primaryObj":{ "dbColumnNameList":["reqID","level2"],"key":"Requirement" },
       "attributes"  : [
                    
                     { "dbColumnName":"reqID","relation":"req_id","dataType":"id","key":"Requirement Id","type":"Attribute","isGroupable":"false","nlpFeed":"true","extractKeyword":false,"tokenize":false,"variableAlias":[] },
                     
                     { "dbColumnName":"reqType","relation":"req_type","dataType":"string","key":"Requirement Type","type":"Attribute","isGroupable":"true","nlpFeed":"true","extractKeyword":false,"tokenize":false,"variableAlias":[] },
                     { "dbColumnName":"status","relation":"req_status","dataType":"string","key":"Requirement Status","type":"Attribute","isGroupable":"true","nlpFeed":"true","extractKeyword":false,"tokenize":false,"variableAlias":[] },
                     { "dbColumnName":"priority","relation":"req_priority","dataType":"string","key":"Priority","type":"Attribute","isGroupable":"true","nlpFeed":"true","extractKeyword":false,"tokenize":false,"variableAlias":[] },
                     { "dbColumnName":"creationTime","relation":"creation_time","dataType":"date","key":"Creation Time","type":"Attribute","isGroupable":"true","nlpFeed":"true","extractKeyword":false,"tokenize":false,"variableAlias":[] },
                     { "dbColumnName":"lastModified","relation":"last_modified","dataType":"date","key":"Last Modified","type":"Attribute","isGroupable":"true","nlpFeed":"false","extractKeyword":false,"tokenize":false,"variableAlias":[] },
                      { "dbColumnName":"level2","relation":"level_2","dataType":"string","key":"Project","type":"Attribute","isGroupable":"true","nlpFeed":"true","extractKeyword":false,"tokenize":false,"variableAlias":[] }
                     
              
                  ],
                  
                  "fields":[ [ "levelId","reqID","reqType","status","priority","creationTime","lastModified" ],["levelId","level1","level2","level3","SourceTool"] ]
}


},

{
"dbName":"iDashboard_intelligent",
"collectionquery":["TestCases","levelId"],         
"config":{
       "primaryObj":{ "dbColumnNameList":["testID","level2"],"key":"Test case" },
       "attributes"  : [
                    
                     { "dbColumnName":"testID","relation":"tc_id","dataType":"id","key":"Testcase Id","type":"Attribute","isGroupable":"false","nlpFeed":"true","extractKeyword":false,"tokenize":false,"variableAlias":[] },
                     { "dbColumnName":"reqId","relation":"req_id","dataType":"id","key":"Requirement Id","type":"Attribute","isGroupable":"false","nlpFeed":"true","extractKeyword":false,"tokenize":false,"variableAlias":[] },
                     { "dbColumnName":"testName","relation":"tc_name","dataType":"string","key":"Testcase Name","type":"Attribute","isGroupable":"false","nlpFeed":"true","extractKeyword":false,"tokenize":false,"variableAlias":[] },
                     { "dbColumnName":"testType","relation":"tc_type","dataType":"string","key":"Testcase Type","type":"Attribute","isGroupable":"true","nlpFeed":"true","extractKeyword":false,"tokenize":false,"variableAlias":[] },
                     { "dbColumnName":"testDesigner","relation":"testdesigner","dataType":"string","key":"Test Designer","type":"Attribute","isGroupable":"true","nlpFeed":"true","extractKeyword":false,"tokenize":false,"variableAlias":[] },
                     { "dbColumnName":"testDesignStatus","relation":"teststatus","dataType":"string","key":"Testdesign Status","type":"Attribute","isGroupable":"true","nlpFeed":"true","extractKeyword":false,"tokenize":false,"variableAlias":[] },
                      { "dbColumnName":"testCreationDate","relation":"testcreation_date","dataType":"date","key":"Testcreation Date","type":"Attribute","isGroupable":"true","nlpFeed":"false","extractKeyword":false,"tokenize":false,"variableAlias":[] },
                      { "dbColumnName":"level2","relation":"level_2","dataType":"string","key":"Project","type":"Attribute","isGroupable":"true","nlpFeed":"true","extractKeyword":false,"tokenize":false,"variableAlias":[] }
                     
              
                  ],
                   "fields":[ [ "levelId","testID","reqId","testName","testType","testDesigner","testDesignStatus","testCreationDate" ],["levelId","level1","level2","level3","SourceTool"] ]
                  
}


},

{
"dbName":"iDashboard_intelligent",
"collectionquery":["Defect","levelId"],         
"config":{
       "primaryObj":{ "dbColumnNameList":["defectId","level2"],"key":"Defect" },
       "attributes"  : [
                     { "dbColumnName":"defectId","relation":"defect_id","dataType":"id","key":"Defect_Id","type":"Attribute","isGroupable":"false","nlpFeed":"true","extractKeyword":false,"tokenize":false,"variableAlias":[]  },
                     
                    
                     { "dbColumnName":"severity","relation":"def_severity","dataType":"string","key":"Severity","type":"Attribute","isGroupable":"true","nlpFeed":"true","extractKeyword":false,"tokenize":false,"variableAlias":[] },
                     { "dbColumnName":"priority","relation":"def_priority","dataType":"string","key":"Priority","type":"Attribute","isGroupable":"true","nlpFeed":"true","extractKeyword":false,"tokenize":false,"variableAlias":[] },
                     { "dbColumnName":"status","relation":"def_status","dataType":"string","key":"Status","type":"Attribute","isGroupable":"true","nlpFeed":"true","extractKeyword":false,"tokenize":false,"variableAlias":[] },
                     { "dbColumnName":"opendate","relation":"open_date","dataType":"date","key":"Open date","type":"Attribute","isGroupable":"true","nlpFeed":"true","extractKeyword":false,"tokenize":false,"variableAlias":[] },
                     { "dbColumnName":"closeddate","relation":"closed_date","dataType":"date","key":"Closed date","type":"Attribute","isGroupable":"true","nlpFeed":"true","extractKeyword":false,"tokenize":false,"variableAlias":[] },
                     { "dbColumnName":"assignedto","relation":"assigned_to","dataType":"id","key":"Assigned to","type":"Attribute","isGroupable":"true","nlpFeed":"true","extractKeyword":false,"tokenize":false,"variableAlias":[] },
                     { "dbColumnName":"similardefects","relation":"similar_defects","dataType":"string","type":"Attribute","key":"SimilarDefect","isGroupable":"true","nlpFeed":"false","extractKeyword":false,"tokenize":false,"variableAlias":[] },
              		 { "dbColumnName":"similardefectscount","relation":"similar_defects_count","dataType":"string","type":"Attribute","key":"SimilarDefectCount","isGroupable":"false","nlpFeed":"false","extractKeyword":false,"tokenize":false,"variableAlias":[] },
                     { "dbColumnName":"level2","relation":"level_2","dataType":"string","key":"Project","type":"Attribute","isGroupable":"true","nlpFeed":"true","extractKeyword":false,"tokenize":false,"variableAlias":[] }
                    
                  ],
                  "fields":[ [ "levelId","defectId","severity","priority","status","opendate","closeddate","assignedto","similardefects" ,"similardefectscount"],["levelId","level1","level2","level3","SourceTool"] ]
                  
}


} ,

{
"dbName":"iDashboard_intelligent",
"collectionquery":["Testexecution","levelId"],         
"config":{
       "primaryObj":{ "dbColumnNameList":["testID","level2"],"key":"Testexecution" },
       "attributes"  : [
                     { "dbColumnName":"levelId","relation":"level_id","dataType":"id","key":"Level Id","type":"Attribute","isGroupable":"false","nlpFeed":"true","extractKeyword":false,"tokenize":false,"variableAlias":[]  },
                     { "dbColumnName":"testID","relation":"tc_id","dataType":"id","key":"Testcase Id","type":"Attribute","isGroupable":"false","nlpFeed":"true","extractKeyword":false,"tokenize":false,"variableAlias":[] },
                     { "dbColumnName":"defectId","relation":"defect_id","dataType":"id","key":"Defect_Id","type":"Attribute","isGroupable":"false","nlpFeed":"true","extractKeyword":false,"tokenize":false,"variableAlias":[]  },
                     
                     { "dbColumnName":"testName","relation":"tc_name","dataType":"string","key":"Testcase Name","type":"Attribute","isGroupable":"false","nlpFeed":"true","extractKeyword":false,"tokenize":false,"variableAlias":[] },
                     { "dbColumnName":"testType","relation":"tc_type","dataType":"string","key":"Testcase Type","type":"Attribute","isGroupable":"true","nlpFeed":"true","extractKeyword":false,"tokenize":false,"variableAlias":[] },
                     { "dbColumnName":"testTester","relation":"testtester","dataType":"string","key":"Test Tester","type":"Attribute","isGroupable":"true","nlpFeed":"true","extractKeyword":false,"tokenize":false,"variableAlias":[] },
                     { "dbColumnName":"testExecutionStatus","relation":"testexestatus","dataType":"string","key":"Testexecution Status","type":"Attribute","isGroupable":"true","nlpFeed":"true","extractKeyword":false,"tokenize":false,"variableAlias":[] },
                      { "dbColumnName":"testExecutionDate","relation":"testexecution_date","dataType":"date","key":"Testexecution Date","type":"Attribute","isGroupable":"true","nlpFeed":"false","extractKeyword":false,"tokenize":false,"variableAlias":[] },
                       { "dbColumnName":"level2","relation":"level_2","dataType":"string","key":"Project","type":"Attribute","isGroupable":"true","nlpFeed":"true","extractKeyword":false,"tokenize":false,"variableAlias":[] }
                      
                     
              
                  ],
                   "fields":[ [ "levelId","testID","defectId","testDescription","testName","testType","testTester","testExecutionStatus","testExecutionDate","testIteration"],["levelId","level1","level2","level3","SourceTool"] ]
                  
}


}
]
}
