{
"dbType":"Mongo",
"username":"",
"password":"",
"host":"10.219.161.175",
"port":"27017",
"cayleyDirectory":"D:\\newcayley",
"cayleyConfig":"cayley.cfg",
"cayleyLogfileDirectory":"D:\newcayley\tmp\newnqfile",
	
"configTable" : 
[{
	"dbName":"local",
	"collectionquery":["users"],
	       "config":{
	              "primaryObj" : { "dbColumnNameList":["u_username"],"key":"User" },
	              "attributes"  : [
	                     { "dbColumnName":"u_username","relation":"user_id","dataType":"id","key":"User id","type":"Attribute","isGroupable":"true","nlpFeed":"true","extractKeyword":false,"tokenize":false,"variableAlias":[] },
	                     { "dbColumnName":"u_firstname","relation":"user_firstname","dataType":"string","key":"User firstname","type":"Attribute","isGroupable":"false","nlpFeed":"true","extractKeyword":false,"tokenize":true,"variableAlias":[]},
	                     { "dbColumnName":"u_lastname","relation":"user_lastname","dataType":"string","key":"User lastname","type":"Attribute","isGroupable":"false","nlpFeed":"true","extractKeyword":false,"tokenize":true,"variableAlias":[]},
	                     { "dbColumnName":"u_mailid","relation":"email_id","dataType":"string","key":"Email id","type":"Attribute","isGroupable":"false","nlpFeed":"true","extractKeyword":false,"tokenize":false,"variableAlias":[]},
	                     { "dbColumnName":"u_country","relation":"user_country","dataType":"string","key":"User country","type":"Attribute","isGroupable":"false","nlpFeed":"true","extractKeyword":false,"tokenize":false,"variableAlias":[]}
	              ]
	       }
 },
 {
"dbName":"local",
	"collectionquery":["defect","def_tc"],
"config":{
	"primaryObj":{ "dbColumnNameList":["defect_uniqueid","project"],"key":"Defect"},
	"attributes"	: [
		{ "dbColumnName":"defect_uniqueid","relation":"def_id","dataType":"id","key":"Defect id","type":"Attribute","isGroupable":"false","nlpFeed":"true","extractKeyword":false,"tokenize":false,"variableAlias":[]},
		{ "dbColumnName":"defect_priority","relation":"def_priority","dataType":"string","key":"Defect priority","type":"Attribute","isGroupable":"true","nlpFeed":"true","extractKeyword":false,"tokenize":false,"variableAlias":[]},
		{ "dbColumnName":"defect_severity","relation":"def_severity","dataType":"string","key":"Defect severity","type":"Attribute","isGroupable":"true","nlpFeed":"true","extractKeyword":false,"tokenize":false,"variableAlias":[]},
		{ "dbColumnName":"defect_id","relation":"def_name","dataType":"string","key":"Defect name","isGroupable":"false","type":"Attribute","nlpFeed":"false","extractKeyword":false,"tokenize":false,"variableAlias":[]},
		{ "dbColumnName":"project","relation":"def_project","dataType":"string","key":"Project","isGroupable":"true","type":"Attribute","nlpFeed":"true","extractKeyword":false,"tokenize":false,"variableAlias":[]},
		{ "dbColumnName":"defect_fixedby","relation":"def_fixedby","dataType":"number","key":"User","isGroupable":"true","type":"Object","primaryKey":["defect_fixedby"],"nlpFeed":"true","extractKeyword":false,"alias":"Defect fixed by(User)","tokenize":false,"variableAlias":["fixed","closed"]},
		{ "dbColumnName":"defect_detectedby","relation":"def_detectedby","dataType":"number","key":"User","isGroupable":"true","type":"Object","primaryKey":["defect_detectedby"],"nlpFeed":"true","extractKeyword":false,"alias":"Defect detected by(User)","tokenize":false,"variableAlias":["detected","opened"]},
		{ "dbColumnName":"defect_status","relation":"def_status","dataType":"string","key":"Defect status","isGroupable":"true","type":"Attribute","nlpFeed":"true","extractKeyword":false,"tokenize":false,"variableAlias":[]},
		{ "dbColumnName":"tc_name","relation":"tc_name","dataType":"String","type":"Attribute","key":"TC name","isGroupable":"false","nlpFeed":"false","extractKeyword":false,"tokenize":false,"variableAlias":[] },
		{ "dbColumnName":"defect_detection_date","relation":"def_detection_date","dataType":"date","type":"Attribute","key":"Defect detection date","isGroupable":"true","nlpFeed":"false","extractKeyword":false,"tokenize":false,"variableAlias":[]},
		{ "dbColumnName":"defect_closing_date","relation":"def_closing_date","dataType":"date","type":"Attribute","key":"Defect closing date","isGroupable":"true","nlpFeed":"false","extractKeyword":false,"tokenize":false,"variableAlias":[]}
 
 ],
 
  "fields":[ [ "defect_id","defect_uniqueid","defect_priority","defect_severity","project","defect_fixedby","defect_detectedby","defect_status","defect_detection_date","defect_closing_date" ],["defect_id","tc_name","project"] ]
  
 }
 
 },
 {
 "dbName":"local",
	"collectionquery":["tc"],
 "config":{
	"primaryObj":{ "dbColumnNameList":["testcase_id","project"],"key":"Test case"},
	"attributes"	: [
		{ "dbColumnName":"testcase_id","dataType":"id","relation":"tc_id","key":"Testcase id","type":"Attribute","isGroupable":"false","nlpFeed":"true","extractKeyword":false,"tokenize":false,"variableAlias":[]},
		{ "dbColumnName":"TC_Name","relation":"tc_name","dataType":"string","key":"TC Name","type":"Attribute","isGroupable":"false","nlpFeed":"false","extractKeyword":false,"tokenize":false,"variableAlias":[]},
		{ "dbColumnName":"creation_date","relation":"creation_date","dataType":"date","key":"TC creation date","isGroupable":"true","type":"Attribute","nlpFeed":"false","extractKeyword":false,"tokenize":false,"variableAlias":[]},
		{ "dbColumnName":"project","relation":"tc_project","dataType":"string","key":"Project","isGroupable":"true","type":"Attribute","nlpFeed":"true","extractKeyword":false,"alias":"Project","tokenize":false,"variableAlias":[]},
		{ "dbColumnName":"tc_priority","relation":"tc_priority","dataType":"string","key":"TC priority","isGroupable":"true","type":"Attribute","nlpFeed":"true","extractKeyword":false,"tokenize":false,"variableAlias":[]},
		{ "dbColumnName":"criticality","relation":"criticality","dataType":"string","key":"Criticality","isGroupable":"true","type":"Attribute","nlpFeed":"true","extractKeyword":false,"tokenize":false,"variableAlias":[]},
		{ "dbColumnName":"tc_createdby","relation":"tc_createdby","dataType":"number","key":"User","type":"Object","primaryKey":["tc_createdby"],"isGroupable":"true","nlpFeed":"true","extractKeyword":false,"alias":"Tc created by","tokenize":false,"variableAlias":[]},
		{ "dbColumnName":"Type","relation":"type","dataType":"string","key":"Is Auto","isGroupable":"true","type":"Attribute","nlpFeed":"true","extractKeyword":false,"tokenize":false,"variableAlias":[]},
		{ "dbColumnName":"autotech","relation":"automation_technology","dataType":"string","key":"Automation technology","type":"Attribute","isGroupable":"true","nlpFeed":"true","extractKeyword":false,"tokenize":false,"variableAlias":[]},
		{ "dbColumnName":"update_date","relation":"tc_update_date","dataType":"date","key":"Updated date","type":"Attribute","isGroupable":"true","nlpFeed":"false","extractKeyword":false,"tokenize":false,"variableAlias":[]}  
		 ]
 
 }
 
},
{

"dbName":"local",
	"collectionquery":["req","req_tc"],

"config":{
	"primaryObj":{ "dbColumnNameList":["requniqueid","project"],"key":"Requirement"},
	"attributes"	: [
		{ "dbColumnName":"requniqueid","dataType":"id","relation":"req_id","key":"Requirement id","type":"Attribute","isGroupable":"false","nlpFeed":"true","extractKeyword":false,"tokenize":false,"variableAlias":[]},
		{ "dbColumnName":"tc_name","relation":"tc_name","dataType":"String","type":"Attribute","key":"TC name","isGroupable":"false","nlpFeed":"false","extractKeyword":false,"tokenize":false,"variableAlias":[]},
		{ "dbColumnName":"reqpriority","relation":"req_priority","dataType":"string","key":"Requirement priority","type":"Attribute","isGroupable":"true","nlpFeed":"true","extractKeyword":false,"tokenize":false,"variableAlias":[]},
		{ "dbColumnName":"req_id","relation":"req_name","dataType":"string","key":"Requirement name","isGroupable":"false","type":"Attribute","nlpFeed":"false","extractKeyword":false,"tokenize":false,"variableAlias":[]},
		{ "dbColumnName":"project","relation":"req_project","dataType":"string","key":"Project","isGroupable":"true","type":"Attribute","nlpFeed":"true","extractKeyword":false,"alias":"Project","tokenize":false,"variableAlias":[]},
		{ "dbColumnName":"createdby","relation":"req_createdby","dataType":"number","key":"User","isGroupable":"true","type":"Object","primaryKey":["createdby"],"nlpFeed":"true","extractKeyword":false,"alias":"Requirement created by(User)","tokenize":false,"variableAlias":[]}
		
		     ],
		     
		       "fields":[[ "req_id","reqpriority","requniqueid","project","createdby"],["req_id","tc_name","project"] ]
}



},

{
  "dbName":"local",
	"collectionquery":["schedule"],
"config":{
	"primaryObj":{ "dbColumnNameList":["run_id","r_project"],"key":"Schedule"},
	"attributes"	: [
		{ "dbColumnName":"run_id","relation":"schedule_name","dataType":"string","key":"Schedule name","type":"Attribute","isGroupable":"false","nlpFeed":"false","extractKeyword":false,"tokenize":false,"variableAlias":[]},
		{ "dbColumnName":"r_runby","relation":"created_by","dataType":"number","key":"User","type":"Object","primaryKey":["r_runby"],"isGroupable":"true","nlpFeed":"true","extractKeyword":false,"alias":"Schedule created by(User)","tokenize":false,"variableAlias":[]},
		{ "dbColumnName":"r_project","relation":"schedule_project","dataType":"string","key":"Project","type":"Attribute","isGroupable":"true","nlpFeed":"true","extractKeyword":false,"tokenize":false,"variableAlias":[]}
	
		     ]
}
},
{


 "dbName":"local",
	"collectionquery":["release"],
"config":{
	"primaryObj":{ "dbColumnNameList":["run_name","r_project","run_id"],"key":"Release"},
	"attributes"	: [
		{ "dbColumnName":"run_id","relation":"schedule_name","dataType":"string","key":"Schedule Name","type":"Attribute","isGroupable":"false","nlpFeed":"true","extractKeyword":false,"tokenize":false,"variableAlias":[]},
		{ "dbColumnName":"run_name","relation":"release_name","dataType":"string","key":"Release Name","type":"Attribute","isGroupable":"false","nlpFeed":"false","extractKeyword":false,"tokenize":false,"variableAlias":[]},
		{ "dbColumnName":"r_project","relation":"release_project","dataType":"string","key":"Project","isGroupable":"true","type":"Attribute","nlpFeed":"true","extractKeyword":false,"tokenize":false,"variableAlias":[]}
		]

}





}
  ] }