{
"dbType":"RDBMS", 
"dbName":"raceux",
"username":"root",
"password":"root",
"host":"localhost:3306",
"query":"select * from test_run",
		
"config":{
	"primaryObj":{ "dbColumnNameList":["testrun_id"],"key":"Run"},
	"attributes"	: [
		{ "dbColumnName":"testrun_id","relation":"run_id","dataType":"id","key":"Run id","type":"Attribute","isGroupable":"false","nlpFeed":"true","extractKeyword":false},
		{ "dbColumnName":"schedule_name","relation":"schedule_name","dataType":"string","key":"Schedule name","type":"Attribute","isGroupable":"false","nlpFeed":"false","extractKeyword":false},
		{ "dbColumnName":"release_name","relation":"release_name","dataType":"string","key":"Release name","type":"Attribute","isGroupable":"false","nlpFeed":"false","extractKeyword":false},
		{ "dbColumnName":"tc_id","relation":"tc_id","dataType":"number","key":"Test case","isGroupable":"true","type":"Object","nlpFeed":"false","extractKeyword":false,"alias":"Tc id"},
		{ "dbColumnName":"executed_on","relation":"executed_on","dataType":"Date","key":"TR Executed on","type":"Attribute","isGroupable":"true","nlpFeed":"false","extractKeyword":false},
		{ "dbColumnName":"executed_by","relation":"executed_by","dataType":"number","key":"User","type":"Object","isGroupable":"true","nlpFeed":"true","extractKeyword":false,"alias":"Testrun executed by"},
		{ "dbColumnName":"planned_on","relation":"planned_on","dataType":"date","key":"TR Planned on","type":"Attribute","isGroupable":"true","nlpFeed":"false","extractKeyword":false},
		{ "dbColumnName":"run_status","relation":"status","dataType":"string","key":"TR status","isGroupable":"true","type":"Attribute","nlpFeed":"false","extractKeyword":false}  ]
}
}


