{
"dbType":"RDBMS", 
"dbName":"raceux",
"username":"root",
"password":"root",
"host":"localhost:3306",
"query":"select * from defect where project='proj0000000001'; ",
		
"config":{
	"primaryObj":{ "dbColumnNameList":["defect_uniqueid"],"key":"defect"},
	"attributes"	: [
		{ "dbColumnName":"defect_uniqueid","relation":"defect_id","key":"defect id","type":"Attribute","isGroupable":"false","nlpFeed":"true","extractKeyword":false},
		{ "dbColumnName":"defect_priority","relation":"defect_priority","key":"priority","type":"Attribute","isGroupable":"true","nlpFeed":"true","extractKeyword":false},
		{ "dbColumnName":"defect_severity","relation":"defect_severity","key":"severity","type":"Attribute","isGroupable":"true","nlpFeed":"true","extractKeyword":false},
		{ "dbColumnName":"defect_id","relation":"defect_name","key":"defect name","isGroupable":"false","type":"Attribute","nlpFeed":"false","extractKeyword":false},
		{ "dbColumnName":"project","relation":"defect_project","key":"project","isGroupable":"true","type":"Attribute","nlpFeed":"true","extractKeyword":false},
		{ "dbColumnName":"defect_fixedby","relation":"defect_fixedby","key":"user","isGroupable":"true","type":"Object","nlpFeed":"false","extractKeyword":false},
		{ "dbColumnName":"defect_detectedby","relation":"defect_detectedby","key":"user","isGroupable":"true","type":"Object","nlpFeed":"false","extractKeyword":false},
		{ "dbColumnName":"defect_status","relation":"defect_status","key":"defect status","isGroupable":"true","type":"Attribute","nlpFeed":"true","extractKeyword":false},
		{ "dbColumnName":"defect_detection_date","relation":"defect_detection_date","type":"Attribute","key":"detection date","isGroupable":"false","nlpFeed":"false","extractKeyword":false},
		{ "dbColumnName":"defect_closing_date","relation":"defect_closing_date","type":"Attribute","key":"closing date","isGroupable":"false","nlpFeed":"false","extractKeyword":false},
		{ "dbColumnName":"defect_rootcause","relation":"defect_rootcause","type":"Attribute","key":"root cause","isGroupable":"false","nlpFeed":"false","extractKeyword":false}     ]
}
}


