{
"dbType":"RDBMS",
"dbName":"raceux",
"username":"root",
"password":"root",
"host":"localhost:3306",
"query":"select * from tc_details where project='proj0000000001';",

"config":{
	"primaryObj":{ "dbColumnNameList":["testcase_id"],"key":"test case"},
	"attributes"	: [
		{ "dbColumnName":"testcase_id","relation":"testcase_id","key":"testcase id","type":"Attribute","isGroupable":"false","nlpFeed":"true","extractKeyword":false},
		{ "dbColumnName":"project","relation":"tc_project","key":"project","type":"Attribute","isGroupable":"true","nlpFeed":"true","extractKeyword":false},
		{ "dbColumnName":"tc_priority","relation":"tc_priority","key":"priority","type":"Attribute","isGroupable":"true","nlpFeed":"true","extractKeyword":false},
		{ "dbColumnName":"tc_name","relation":"tc_name","key":"tc name","type":"Attribute","isGroupable":"false","nlpFeed":"false","extractKeyword":false},
		{ "dbColumnName":"criticality","relation":"tc_criticality","key":"criticality","type":"Attribute","isGroupable":"true","nlpFeed":"true","extractKeyword":false},
		{ "dbColumnName":"autotech","relation":"tc_autotech","key":"tc autotech","type":"Attribute","isGroupable":"true","nlpFeed":"true","extractKeyword":false},
		{ "dbColumnName":"tc_createdby","relation":"tc_createdby","key":"user","type":"Object","isGroupable":"true","nlpFeed":"false","extractKeyword":false},
		{ "dbColumnName":"tc_executedby","relation":"tc_executedby","key":"user","type":"Object","isGroupable":"true","nlpFeed":"false","extractKeyword":false},
		{ "dbColumnName":"creation_date","relation":"tc_creation_date","key":"creation date","type":"Attribute","isGroupable":"false","nlpFeed":"false","extractKeyword":false},
		{ "dbColumnName":"update_date","relation":"tc_update_date","key":"updated date","type":"Attribute","isGroupable":"false","nlpFeed":"false","extractKeyword":false}  ]

 }
 }
 
