{
       "dbType":"RDBMS",
       "dbName":"raceux",
       "username":"root",
       "password":"root",
       "host":"localhost:3306",
         "dbName":"raceux",
       "query":"select * from users",
       "config":{
              "primaryObj" : { "dbColumnNameList":["username"],"key":"User" },
              "attributes"  : [
                     { "dbColumnName":"username","relation":"user_id","dataType":"id","key":"User id","type":"Attribute","isGroupable":"true","nlpFeed":"true","extractKeyword":false,"tokenize":false },
                     { "dbColumnName":"firstname","relation":"user_firstname","dataType":"string","key":"User firstname","type":"Attribute","isGroupable":"false","nlpFeed":"true","extractKeyword":false,"tokenize":firstname},
                     { "dbColumnName":"lastname","relation":"user_lastname","dataType":"string","key":"User lastname","type":"Attribute","isGroupable":"false","nlpFeed":"true","extractKeyword":false,"tokenize":lastname},
                     { "dbColumnName":"email","relation":"email_id","dataType":"string","key":"Email id","type":"Attribute","isGroupable":"false","nlpFeed":"false","extractKeyword":false,"tokenize":false},
                     { "dbColumnName":"joindate","relation":"user_joindate","dataType":"date","key":"User joindate","type":"Attribute","isGroupable":"false","nlpFeed":"false","extractKeyword":false,"tokenize":false},
                     { "dbColumnName":"geography","relation":"user_geography","dataType":"string","key":"User geography","type":"Attribute","isGroupable":"false","nlpFeed":"true","extractKeyword":false,"tokenize":false}
              ]
       }
}
