{
"dbType":"RDBMS", 
"dbName":"raceux",
"username":"root",
"password":"root",
"host":"localhost:3306",
"query":"select * from builddata",
		
"config":{
	"primaryObj":{ "dbColumnNameList":["build_id"],"key":"Build"},
	"attributes"	: [
		{ "dbColumnName":"build_id","relation":"build_id","dataType":"id","key":"Build id","type":"Attribute","isGroupable":"false","nlpFeed":"true","extractKeyword":false},
		{ "dbColumnName":"build_date","relation":"date","dataType":"date","key":"Build date","isGroupable":"true","type":"Attribute","nlpFeed":"false","extractKeyword":false},
		{ "dbColumnName":"status","relation":"build_status","dataType":"string","key":"Build status","isGroupable":"true","type":"Attribute","nlpFeed":"false","extractKeyword":false}  ]
}
}


