{
"dbType":"RDBMS",
"dbName":"raceux",
"username":"root",
"password":"root",
"host":"localhost:3306",
"query":"select * from req_details where project='proj0000000001';",
 
"config":{
	"primaryObj":{ "dbColumnNameList":["requniqueid"],"key":"requirement"},
	"attributes"	: [
		{"dbColumnName":"requniqueid","relation":"requirement_id","key":"requirement id","type":"Attribute","isGroupable":"false","nlpFeed":"true","extractKeyword":false},
		{"dbColumnName":"req_id","relation":"req_name","type":"Attribute","key":"req name","isGroupable":"false","nlpFeed":"false","extractKeyword":false},
		{"dbColumnName":"project","relation":"project","key":"project","type":"Attribute","isGroupable":"true","nlpFeed":"true","extractKeyword":false},
		{"dbColumnName":"reqpriority","relation":"req_priority","key":"priority","type":"Attribute","isGroupable":"true","nlpFeed":"true","extractKeyword":false},
		{"dbColumnName":"req_createdby","relation":"req_createdby","key":"user","type":"Object","isGroupable":"true","nlpFeed":"false","extractKeyword":false},
		{"dbColumnName":"reqcomplexity","relation":"req_complexity","key":"complexity","type":"Attribute","isGroupable":"true","nlpFeed":"true","extractKeyword":false},
		{"dbColumnName":"update_date","relation":"update_date","key":"update date","type":"Attribute","isGroupable":"false","nlpFeed":"false","extractKeyword":false}    ] 
 }
 }

