{
"dbType":"Mongo",
"username":"",
"password":"",
"host":"10.219.211.31",
"port":"27017",
"cayleyDirectory":"D:\\Development_Avecto\\newcayley\\data",
"cayleyConfig":"cayley.cfg",
"cayleyLogfileDirectory":"D:\\Development_Avecto\\newcayley\\tmp\\iddata",

"configTable" :
[
{
"dbName":"iDashboard",
"collectionquery":["TestCases"],         
"config":{
       "primaryObj":{ "dbColumnNameList":["testID"],"key":"Testcase" },
       "attributes"  : [
                    
					 { "dbColumnName":"levelId","relation":"level_id","dataType":"id","key":"Level Id","type":"Attribute","isGroupable":"false","nlpFeed":"true","extractKeyword":false,"tokenize":false,"variableAlias":[]  },
                     { "dbColumnName":"testID","relation":"tc_id","dataType":"id","key":"Testcase Id","type":"Attribute","isGroupable":"false","nlpFeed":"true","extractKeyword":false,"tokenize":false,"variableAlias":[] },
                     { "dbColumnName":"testName","relation":"tc_name","dataType":"string","key":"Testcase Name","type":"Attribute","isGroupable":"false","nlpFeed":"true","extractKeyword":false,"tokenize":false,"variableAlias":[] },
                     { "dbColumnName":"testType","relation":"tc_type","dataType":"string","key":"Testcase Type","type":"Attribute","isGroupable":"true","nlpFeed":"true","extractKeyword":false,"tokenize":false,"variableAlias":[] },
                     { "dbColumnName":"testDesigner","relation":"testdesigner","dataType":"string","key":"Test Designer","type":"Attribute","isGroupable":"true","nlpFeed":"true","extractKeyword":false,"tokenize":false,"variableAlias":[] },
                     { "dbColumnName":"testDesignStatus","relation":"teststatus","dataType":"string","key":"Testdesign Status","type":"Attribute","isGroupable":"true","nlpFeed":"true","extractKeyword":false,"tokenize":false,"variableAlias":[] },
                     { "dbColumnName":"testCreationDate","relation":"testcreation_date","dataType":"date","key":"Testcreation Date","type":"Attribute","isGroupable":"true","nlpFeed":"false","extractKeyword":false,"tokenize":false,"variableAlias":[] }
                     
              
                  ],
                   "fields":[ ]
                  
}


},

{
"dbName":"iDashboard",
"collectionquery":["Defects"],         
"config":{
       "primaryObj":{ "dbColumnNameList":["defectId"],"key":"Defect" },
       "attributes"  : [
	   
					 { "dbColumnName":"levelId","relation":"level_id","dataType":"id","key":"Level Id","type":"Attribute","isGroupable":"false","nlpFeed":"true","extractKeyword":false,"tokenize":false,"variableAlias":[]  },
                     { "dbColumnName":"defectId","relation":"defect_id","dataType":"id","key":"Defect_Id","type":"Attribute","isGroupable":"false","nlpFeed":"true","extractKeyword":false,"tokenize":false,"variableAlias":[]  },
                     { "dbColumnName":"severity","relation":"def_severity","dataType":"string","key":"Severity","type":"Attribute","isGroupable":"true","nlpFeed":"true","extractKeyword":false,"tokenize":false,"variableAlias":[] },
                     { "dbColumnName":"priority","relation":"def_priority","dataType":"string","key":"Priority","type":"Attribute","isGroupable":"true","nlpFeed":"true","extractKeyword":false,"tokenize":false,"variableAlias":[] },
                     { "dbColumnName":"status","relation":"def_status","dataType":"string","key":"Status","type":"Attribute","isGroupable":"true","nlpFeed":"true","extractKeyword":false,"tokenize":false,"variableAlias":[] },
                     { "dbColumnName":"opendate","relation":"open_date","dataType":"date","key":"Open date","type":"Attribute","isGroupable":"true","nlpFeed":"true","extractKeyword":false,"tokenize":false,"variableAlias":[] },
                     { "dbColumnName":"closeddate","relation":"closed_date","dataType":"date","key":"Closed date","type":"Attribute","isGroupable":"true","nlpFeed":"true","extractKeyword":false,"tokenize":false,"variableAlias":[] },
                     { "dbColumnName":"assignedto","relation":"assigned_to","dataType":"string","key":"Assigned to","type":"Attribute","isGroupable":"true","nlpFeed":"true","extractKeyword":false,"tokenize":false,"variableAlias":[] }
              
                  ],
                  "fields":[ ]
                  
}


} ,

{
"dbName":"iDashboard",
"collectionquery":["TestExecution"],         
"config":{
       "primaryObj":{ "dbColumnNameList":["testID"],"key":"Testexecution" },
       "attributes"  : [
                     { "dbColumnName":"levelId","relation":"level_id","dataType":"id","key":"Level Id","type":"Attribute","isGroupable":"false","nlpFeed":"true","extractKeyword":false,"tokenize":false,"variableAlias":[]  },
                     { "dbColumnName":"testID","relation":"tc_id","dataType":"id","key":"Testcase Id","type":"Attribute","isGroupable":"false","nlpFeed":"true","extractKeyword":false,"tokenize":false,"variableAlias":[] },
                     { "dbColumnName":"testDescription","relation":"tc_desc","dataType":"string","key":"Testcase Description","type":"Attribute","isGroupable":"false","nlpFeed":"true","extractKeyword":false,"tokenize":false,"variableAlias":[] },
                     { "dbColumnName":"testName","relation":"tc_name","dataType":"string","key":"Testcase Name","type":"Attribute","isGroupable":"false","nlpFeed":"true","extractKeyword":false,"tokenize":false,"variableAlias":[] },
                     { "dbColumnName":"testType","relation":"tc_type","dataType":"string","key":"Testcase Type","type":"Attribute","isGroupable":"true","nlpFeed":"true","extractKeyword":false,"tokenize":false,"variableAlias":[] },
                     { "dbColumnName":"testTester","relation":"testtester","dataType":"string","key":"Test Tester","type":"Attribute","isGroupable":"true","nlpFeed":"true","extractKeyword":false,"tokenize":false,"variableAlias":[] },
                     { "dbColumnName":"testExecutionStatus","relation":"testexestatus","dataType":"string","key":"Testexecution Status","type":"Attribute","isGroupable":"true","nlpFeed":"true","extractKeyword":false,"tokenize":false,"variableAlias":[] },
                     { "dbColumnName":"testExecutionDate","relation":"testexecution_date","dataType":"date","key":"Testexecution Date","type":"Attribute","isGroupable":"true","nlpFeed":"false","extractKeyword":false,"tokenize":false,"variableAlias":[] },
                     { "dbColumnName":"testIteration","relation":"testiteration","dataType":"number","key":"Test Iteration","type":"Attribute","isGroupable":"true","nlpFeed":"false","extractKeyword":false,"tokenize":false,"variableAlias":[] }
                      
                  ],
                   "fields":[ ]
                  
}


}
]
}
