{
"dbType":"RDBMS", 
"dbName":"login",
"username":"root",
"password":"password",
"host":"localhost:3306",
"query":"select * from player_info",
		
"config":{
	"primaryObj":{ "dbColumnNameList":["Player_ID"],"key":"Player"},
	"attributes"	: [
		{ "dbColumnName":"Player_ID","relation":"play_id","dataType":"id","key":"Player id","type":"Attribute","isGroupable":"false","nlpFeed":"true","extractKeyword":false},
		{ "dbColumnName":"Player_Name","relation":"player_name","dataType":"string","key":"Player name","type":"Attribute","isGroupable":"false","nlpFeed":"true","extractKeyword":false},
		{ "dbColumnName":"Player_Type","relation":"player_type","dataType":"string","key":"Player type","type":"Attribute","isGroupable":"true","nlpFeed":"false","extractKeyword":false},
		{ "dbColumnName":"Total_Matches","relation":"total_matches","dataType":"number","key":"Total matches","isGroupable":"false","type":"Attribute","nlpFeed":"false","extractKeyword":false},
		{ "dbColumnName":"Runs_Scored","relation":"runs_scored","dataType":"number","key":"Runs scored","type":"Attribute","isGroupable":"false","nlpFeed":"false","extractKeyword":false},
		{ "dbColumnName":"Country","relation":"player_country","dataType":"string","key":"Country","type":"Object","isGroupable":"true","nlpFeed":"true","extractKeyword":false},
		{ "dbColumnName":"Average_Score","relation":"average_score","dataType":"number","key":"Average Score","type":"Attribute","isGroupable":"false","nlpFeed":"false","extractKeyword":false},
		{ "dbColumnName":"Wickets_Taken","relation":"wickets_taken","dataType":"number","key":"Wickets","isGroupable":"false","type":"Attribute","nlpFeed":"false","extractKeyword":false},
		{ "dbColumnName":"Bowling_Average","relation":"bowling_average","dataType":"number","key":"Bowling Average","isGroupable":"false","type":"Attribute","nlpFeed":"false","extractKeyword":false},
		{ "dbColumnName":"Bowling_Economy","relation":"bowling_economy","dataType":"number","key":"Bowling Economy","isGroupable":"false","type":"Attribute","nlpFeed":"false","extractKeyword":false},
		{ "dbColumnName":"Strike_Rate","relation":"strike_rate","dataType":"number","key":"Strike Rate","isGroupable":"false","type":"Attribute","nlpFeed":"false","extractKeyword":false},
		{ "dbColumnName":"Bowling_Style","relation":"bowling_style","dataType":"string","key":"Bowling Style","isGroupable":"true","type":"Attribute","nlpFeed":"true","extractKeyword":false},
		{ "dbColumnName":"No_of_50s","relation":"no_of_50s","dataType":"number","key":"50s Scored","isGroupable":"false","type":"Attribute","nlpFeed":"false","extractKeyword":false},
		{ "dbColumnName":"No_of_100s","relation":"no_of_100s","dataType":"number","key":"100s Scored","isGroupable":"false","type":"Attribute","nlpFeed":"false","extractKeyword":false}]
}
}


