{
"dbType":"RDBMS", 
"dbName":"new_database_qbot",
"username":"root",
"password":"root",
"host":"localhost:3306",
"query":"select * from schedulerun ",
		
"config":{
	"primaryObj":{ "dbColumnNameList":["run_name","r_project","run_id"],"key":"Release"},
	"attributes"	: [
		{ "dbColumnName":"run_id","relation":"schedule_name","dataType":"string","key":"Schedule Name","type":"Attribute","isGroupable":"false","nlpFeed":"true","extractKeyword":false},
		{ "dbColumnName":"run_name","relation":"release_name","dataType":"string","key":"Release Name","type":"Attribute","isGroupable":"false","nlpFeed":"false","extractKeyword":false},
		{ "dbColumnName":"r_project","relation":"release_project","dataType":"string","key":"Project","isGroupable":"true","type":"Attribute","nlpFeed":"true","extractKeyword":false}
		]
}
}



