{
       "dbType":"RDBMS",
       "dbName":"newsampledb",
       "username":"root",
       "password":"root",
       "host":"localhost:3306",
       "query":"select * from reporte_details",
       "config":{
              "primaryObj" : { "dbColumnNameList":["reportee_id"],"key":"User" },
              "attributes"  : [
                     { "dbColumnName":"reportee_id","relation":"user_id","dataType":"id","key":"User id","type":"Attribute","isGroupable":"true","nlpFeed":"true","extractKeyword":false },
                     { "dbColumnName":"manager","relation":"manager_id","dataType":"number","key":"User","type":"Object","isGroupable":"true","nlpFeed":"true","extractKeyword":false,"alias":"Manager"}
                    
              ]
       }
}
