{
"dbType":"RDBMS",
"dbName":"new_database_qbot",
"username":"root",
"password":"root",
"host":"localhost:3306",
"query":"SELECT a.tc_name,requniqueid,reqpriority,req_id,a.project,a.createdby,b.testcase_id FROM (SELECT req_tc_map.tc_name,req_details.requniqueid,
req_details.reqpriority,req_details.req_id,req_details.project,req_details.createdby FROM req_tc_map RIGHT JOIN 
req_details ON req_tc_map.req_id=req_details.req_id ) a,tc_details b WHERE a.tc_name=b.tc_name AND a.project=b.project",
		
"config":{
	"primaryObj":{ "dbColumnNameList":["requniqueid","project"],"key":"Requirement"},
	"attributes"	: [
		{ "dbColumnName":"requniqueid","dataType":"id","relation":"req_id","key":"Requirement id","type":"Attribute","isGroupable":"false","nlpFeed":"true","extractKeyword":false},
		{ "dbColumnName":"testcase_id","relation":"req_tc","dataType":"string","key":"Test case","type":"Object","primaryKey":["testcase_id","project"],"isGroupable":"true","nlpFeed":"true","extractKeyword":false,"alias":"Test case"},
		{ "dbColumnName":"reqpriority","relation":"req_priority","dataType":"string","key":"Requirement priority","type":"Attribute","isGroupable":"true","nlpFeed":"true","extractKeyword":false},
		{ "dbColumnName":"req_id","relation":"req_name","dataType":"string","key":"Requirement name","isGroupable":"false","type":"Attribute","nlpFeed":"false","extractKeyword":false},
		{ "dbColumnName":"project","relation":"req_project","dataType":"string","key":"Project","isGroupable":"true","type":"Attribute","nlpFeed":"true","extractKeyword":false,"alias":"Project"},
		{ "dbColumnName":"createdby","relation":"req_createdby","dataType":"number","key":"User","isGroupable":"true","type":"Object","primaryKey":["createdby"],"nlpFeed":"true","extractKeyword":false,"alias":"Requirement created by(User)"}
		
		     ]
}
}



