{
"dbType":"RDBMS", 
"dbName":"new_database_qbot",
"username":"root",
"password":"root",
"host":"localhost:3306",
"query":"select * from schedulerun ",
		
"config":{
	"primaryObj":{ "dbColumnNameList":["run_id","r_project"],"key":"Schedule"},
	"attributes"	: [
		{ "dbColumnName":"run_id","relation":"schedule_name","dataType":"string","key":"Schedule name","type":"Attribute","isGroupable":"false","nlpFeed":"false","extractKeyword":false},
		{ "dbColumnName":"r_runby","relation":"created_by","dataType":"number","key":"User","type":"Object","primaryKey":["r_runby"],"isGroupable":"true","nlpFeed":"true","extractKeyword":false,"alias":"Schedule created by(User)"},
		{ "dbColumnName":"r_project","relation":"schedule_project","dataType":"string","key":"Project","type":"Attribute","isGroupable":"true","nlpFeed":"true","extractKeyword":false}
	
		     ]
}
}



