{
"dbType":"RDBMS", 
"dbName":"new_database_qbot",
"username":"root",
"password":"root",
"host":"localhost:3306",
"query":"SELECT a.TC_id ,Release_Name,a.project,tester,Exn_Time,status,b.testcase_id FROM (SELECT TC_id ,Release_Name,project,tester,Exn_Time,STATUS
 FROM mnrelease_details UNION SELECT TC_id,Release_Name,project,tst_system,Exn_Time,STATUS FROM release_details) a,tc_details b WHERE a.TC_id=b.tc_name AND a.project=b.project",
		
"config":{
	"primaryObj":{ "dbColumnNameList":["Release_Name","testcase_id","project"],"key":"TC Run"},
	"attributes"	: [
		{ "dbColumnName":"Release_Name","relation":"release_name","dataType":"string","key":"Release Name","type":"Attribute","isGroupable":"false","nlpFeed":"false","extractKeyword":false},
		{ "dbColumnName":"testcase_id","relation":"testcase_id","dataType":"string","key":"Test case","type":"Object","primaryKey":["testcase_id","project"],"isGroupable":"true","nlpFeed":"true","extractKeyword":false,"alias":"Test case"},
		{ "dbColumnName":"tester","relation":"executed_by","dataType":"number","key":"User","type":"Object","primaryKey":["tester"],"isGroupable":"true","nlpFeed":"true","extractKeyword":false,"alias":"Run executed by(User)"},
		{ "dbColumnName":"Exn_Time","relation":"executed_on","dataType":"date","key":"Executed on","isGroupable":"true","type":"Attribute","nlpFeed":"false","extractKeyword":false},
		{ "dbColumnName":"project","relation":"run_project","dataType":"string","key":"Project","isGroupable":"true","type":"Attribute","nlpFeed":"true","extractKeyword":false,"alias":"Project"},
		{ "dbColumnName":"status","relation":"status","dataType":"string","key":"Status","isGroupable":"true","type":"Attribute","nlpFeed":"true","extractKeyword":false}
		
		     ]
}
}



