{
"dbType":"RDBMS",
"username":"root",
"password":"root",
"host":"10.219.161.191:3308",
"cayleyDirectory":"D:\\newcayley",
"cayleyConfig":"cayley.cfg",
"cayleyLogfileDirectory":"D:\\newcayley\\tmp\\def",
"configTable" : 
[{
	"dbName":"itdp_local",
 "query":"select * from tc_details ",
 "config":{
	"primaryObj":{ "dbColumnNameList":["testcase_id","project"],"key":"Test case"},
	"attributes"	: [
		{ "dbColumnName":"testcase_id","dataType":"id","relation":"tc_id","key":"Testcase id","type":"Attribute","isGroupable":"false","nlpFeed":"true","extractKeyword":false,"tokenize":false,"variableAlias":[]},
		{ "dbColumnName":"TC_Name","relation":"tc_name","dataType":"string","key":"TC Name","type":"Attribute","isGroupable":"false","nlpFeed":"false","extractKeyword":false,"tokenize":false,"variableAlias":[]},
		{ "dbColumnName":"creation_date","relation":"creation_date","dataType":"date","key":"TC creation date","isGroupable":"true","type":"Attribute","nlpFeed":"false","extractKeyword":false,"tokenize":false,"variableAlias":[]},
		{ "dbColumnName":"project","relation":"tc_project","dataType":"string","key":"Project","isGroupable":"true","type":"Attribute","nlpFeed":"true","extractKeyword":false,"alias":"Project","tokenize":false,"variableAlias":[]},
		{ "dbColumnName":"tc_priority","relation":"tc_priority","dataType":"string","key":"TC priority","isGroupable":"true","type":"Attribute","nlpFeed":"true","extractKeyword":false,"tokenize":false,"variableAlias":[]},
		{ "dbColumnName":"criticality","relation":"criticality","dataType":"string","key":"Criticality","isGroupable":"true","type":"Attribute","nlpFeed":"true","extractKeyword":false,"tokenize":false,"variableAlias":[]},
		{ "dbColumnName":"tc_createdby","relation":"tc_createdby","dataType":"number","key":"User","type":"Object","primaryKey":["tc_createdby"],"isGroupable":"true","nlpFeed":"true","extractKeyword":false,"alias":"Tc created by","tokenize":false,"variableAlias":[]},
		{ "dbColumnName":"Type","relation":"type","dataType":"string","key":"Is Auto","isGroupable":"true","type":"Attribute","nlpFeed":"true","extractKeyword":false,"tokenize":false,"variableAlias":[]},
		{ "dbColumnName":"autotech","relation":"automation_technology","dataType":"string","key":"Automation technology","type":"Attribute","isGroupable":"true","nlpFeed":"true","extractKeyword":false,"tokenize":false,"variableAlias":[]},
		{ "dbColumnName":"update_date","relation":"tc_update_date","dataType":"date","key":"Updated date","type":"Attribute","isGroupable":"true","nlpFeed":"false","extractKeyword":false,"tokenize":false,"variableAlias":[]}  
		 ]
 
 }
 

}

 
]
}
