{
"dbType":"RDBMS", 
"dbName":"login",
"username":"root",
"password":"password",
"host":"localhost:3306",
"query":"select * from venue_details",
		
"config":{
	"primaryObj":{ "dbColumnNameList":["Stadium_Name"],"key":"Venue"},
	"attributes"	: [
		{ "dbColumnName":"Country","relation":"stadium_country","dataType":"string","key":"Country","type":"Object","isGroupable":"false","nlpFeed":"true","extractKeyword":false},
		{ "dbColumnName":"Ground_Diameter","relation":"ground_diameter","dataType":"number","key":"Ground Diameter","type":"Attribute","isGroupable":"false","nlpFeed":"false","extractKeyword":false},
		{ "dbColumnName":"Stadium_Capacity","relation":"stadium_capacity","dataType":"number","key":"Stadium Capacity","type":"Attribute","isGroupable":"false","nlpFeed":"false","extractKeyword":false},
		{ "dbColumnName":"Matches_Played","relation":"matches_played","dataType":"number","key":"Matches Played","isGroupable":"false","type":"Attribute","nlpFeed":"false","extractKeyword":false},
		{ "dbColumnName":"Stadium_Name","relation":"stadium_name","dataType":"string","key":"Stadium Name","isGroupable":"false","type":"Attribute","nlpFeed":"true","extractKeyword":false}]
}
}