{"_id":{"$oid":"5d89b10ae896c8d311eb31c3"},"_class":"org.json.simple.JSONObject","jobName":"main \u003e aila-fortify-scan","builds":[{"timeStamp":{"$date":"2019-12-15T00:05:07.265Z"},"startTime":{"$date":"2019-12-15T00:05:07.265Z"},"endTime":{"$date":"2019-12-15T00:09:13.265Z"},"buildNumber":"6","buildUrl":"http://ec2-34-212-9-250.us-west-2.compute.amazonaws.com:8080/job/aila-fortify-scan/6/","result":"SUCCESS","duration":"246296"},{"timeStamp":{"$date":"2019-12-15T00:05:07.265Z"},"startTime":{"$date":"2019-12-15T00:05:07.265Z"},"endTime":{"$date":"2019-12-15T00:09:13.265Z"},"buildNumber":"5","buildUrl":"http://ec2-34-212-9-250.us-west-2.compute.amazonaws.com:8080/job/aila-fortify-scan/5/","result":"SUCCESS","duration":"246296"},{"timeStamp":{"$date":"2019-12-14T23:47:33.813Z"},"startTime":{"$date":"2019-12-14T23:47:33.813Z"},"endTime":{"$date":"2019-12-14T23:51:53.813Z"},"buildNumber":"4","buildUrl":"http://ec2-34-212-9-250.us-west-2.compute.amazonaws.com:8080/job/aila-fortify-scan/4/","result":"SUCCESS","duration":"260491"},{"timeStamp":{"$date":"2019-12-13T05:43:29.278Z"},"startTime":{"$date":"2019-12-13T05:43:29.278Z"},"endTime":{"$date":"2019-12-13T05:47:33.278Z"},"buildNumber":"3","buildUrl":"http://ec2-34-212-9-250.us-west-2.compute.amazonaws.com:8080/job/aila-fortify-scan/3/","result":"FAILURE","duration":"244620"},{"timeStamp":{"$date":"2019-12-13T04:34:07.514Z"},"startTime":{"$date":"2019-12-13T04:34:07.514Z"},"endTime":{"$date":"2019-12-13T04:48:19.514Z"},"buildNumber":"2","buildUrl":"http://ec2-34-212-9-250.us-west-2.compute.amazonaws.com:8080/job/aila-fortify-scan/2/","result":"SUCCESS","duration":"852410"},{"timeStamp":{"$date":"2019-11-12T14:16:25.043Z"},"startTime":{"$date":"2019-11-12T14:16:25.043Z"},"endTime":{"$date":"2019-11-12T14:28:17.043Z"},"buildNumber":"1","buildUrl":"http://ec2-34-212-9-250.us-west-2.compute.amazonaws.com:8080/job/aila-fortify-scan/1/","result":"FAILURE","duration":"712416"}],"joburl":"http://ec2-34-212-9-250.us-west-2.compute.amazonaws.com:8080/job/aila-fortify-scan/"}
{"_id":{"$oid":"5d89b10ae896c8d311eb31c4"},"_class":"org.json.simple.JSONObject","jobName":"main \u003e dcoe-devops-demo","builds":[{"timeStamp":{"$date":"2019-12-16T13:36:39.020Z"},"startTime":{"$date":"2019-12-16T13:36:39.020Z"},"endTime":{"$date":"2019-12-16T13:36:56.020Z"},"buildNumber":"118","buildUrl":"http://ec2-34-212-9-250.us-west-2.compute.amazonaws.com:8080/job/dcoe-devops-demo/118/","result":"FAILURE","duration":"17620"},{"timeStamp":{"$date":"2019-04-18T13:10:11.184Z"},"startTime":{"$date":"2019-04-18T13:10:11.184Z"},"endTime":{"$date":"2019-04-18T13:12:51.184Z"},"buildNumber":"116","buildUrl":"http://ec2-34-212-9-250.us-west-2.compute.amazonaws.com:8080/job/dcoe-devops-demo/116/","result":"SUCCESS","duration":"160447"}],"joburl":"http://ec2-34-212-9-250.us-west-2.compute.amazonaws.com:8080/job/dcoe-devops-demo/"}
{"_id":{"$oid":"5d89b10ae896c8d311eb31c5"},"_class":"org.json.simple.JSONObject","jobName":"main \u003e idashboard_fortify","builds":[{"timeStamp":{"$date":"2019-05-28T09:47:40.903Z"},"startTime":{"$date":"2019-05-28T09:47:40.903Z"},"endTime":{"$date":"2019-05-28T10:16:53.903Z"},"buildNumber":"6","buildUrl":"http://ec2-34-212-9-250.us-west-2.compute.amazonaws.com:8080/job/idashboard_fortify/6/","result":"SUCCESS","duration":"1753450"},{"timeStamp":{"$date":"2019-05-28T07:18:48.210Z"},"startTime":{"$date":"2019-05-28T07:18:48.210Z"},"endTime":{"$date":"2019-05-28T07:49:14.210Z"},"buildNumber":"5","buildUrl":"http://ec2-34-212-9-250.us-west-2.compute.amazonaws.com:8080/job/idashboard_fortify/5/","result":"SUCCESS","duration":"1826411"},{"timeStamp":{"$date":"2019-05-27T09:27:25.436Z"},"startTime":{"$date":"2019-05-27T09:27:25.436Z"},"endTime":{"$date":"2019-05-27T10:17:44.436Z"},"buildNumber":"4","buildUrl":"http://ec2-34-212-9-250.us-west-2.compute.amazonaws.com:8080/job/idashboard_fortify/4/","result":"SUCCESS","duration":"3019728"},{"timeStamp":{"$date":"2019-05-15T08:37:54.213Z"},"startTime":{"$date":"2019-05-15T08:37:54.213Z"},"endTime":{"$date":"2019-05-15T09:02:07.213Z"},"buildNumber":"3","buildUrl":"http://ec2-34-212-9-250.us-west-2.compute.amazonaws.com:8080/job/idashboard_fortify/3/","result":"SUCCESS","duration":"1453576"},{"timeStamp":{"$date":"2019-05-14T08:51:21.548Z"},"startTime":{"$date":"2019-05-14T08:51:21.548Z"},"endTime":{"$date":"2019-05-14T09:37:21.548Z"},"buildNumber":"2","buildUrl":"http://ec2-34-212-9-250.us-west-2.compute.amazonaws.com:8080/job/idashboard_fortify/2/","result":"SUCCESS","duration":"2760133"},{"timeStamp":{"$date":"2019-05-14T08:25:41.814Z"},"startTime":{"$date":"2019-05-14T08:25:41.814Z"},"endTime":{"$date":"2019-05-14T08:46:47.814Z"},"buildNumber":"1","buildUrl":"http://ec2-34-212-9-250.us-west-2.compute.amazonaws.com:8080/job/idashboard_fortify/1/","result":"FAILURE","duration":"1266080"}],"joburl":"http://ec2-34-212-9-250.us-west-2.compute.amazonaws.com:8080/job/idashboard_fortify/"}
{"_id":{"$oid":"5d89b10ae896c8d311eb31c6"},"_class":"org.json.simple.JSONObject","jobName":"main \u003e idashboard_fortify_coderefactor","builds":[{"timeStamp":{"$date":"2019-10-15T10:54:23.255Z"},"startTime":{"$date":"2019-10-15T10:54:23.255Z"},"endTime":{"$date":"2019-10-15T11:35:43.255Z"},"buildNumber":"31","buildUrl":"http://ec2-34-212-9-250.us-west-2.compute.amazonaws.com:8080/job/idashboard_fortify_coderefactor/31/","result":"SUCCESS","duration":"2480346"},{"timeStamp":{"$date":"2019-06-12T11:44:13.993Z"},"startTime":{"$date":"2019-06-12T11:44:13.993Z"},"endTime":{"$date":"2019-06-12T12:23:40.993Z"},"buildNumber":"30","buildUrl":"http://ec2-34-212-9-250.us-west-2.compute.amazonaws.com:8080/job/idashboard_fortify_coderefactor/30/","result":"SUCCESS","duration":"2367036"},{"timeStamp":{"$date":"2019-06-12T05:26:02.982Z"},"startTime":{"$date":"2019-06-12T05:26:02.982Z"},"endTime":{"$date":"2019-06-12T06:04:19.982Z"},"buildNumber":"29","buildUrl":"http://ec2-34-212-9-250.us-west-2.compute.amazonaws.com:8080/job/idashboard_fortify_coderefactor/29/","result":"SUCCESS","duration":"2297268"},{"timeStamp":{"$date":"2019-06-06T07:03:39.634Z"},"startTime":{"$date":"2019-06-06T07:03:39.634Z"},"endTime":{"$date":"2019-06-06T07:43:46.634Z"},"buildNumber":"28","buildUrl":"http://ec2-34-212-9-250.us-west-2.compute.amazonaws.com:8080/job/idashboard_fortify_coderefactor/28/","result":"SUCCESS","duration":"2407369"},{"timeStamp":{"$date":"2019-06-05T06:02:59.255Z"},"startTime":{"$date":"2019-06-05T06:02:59.255Z"},"endTime":{"$date":"2019-06-05T06:41:34.255Z"},"buildNumber":"27","buildUrl":"http://ec2-34-212-9-250.us-west-2.compute.amazonaws.com:8080/job/idashboard_fortify_coderefactor/27/","result":"SUCCESS","duration":"2315436"}],"joburl":"http://ec2-34-212-9-250.us-west-2.compute.amazonaws.com:8080/job/idashboard_fortify_coderefactor/"}
{"_id":{"$oid":"5d89b10ae896c8d311eb31c7"},"_class":"org.json.simple.JSONObject","jobName":"main \u003e qi-bots-py-build","builds":[{"timeStamp":{"$date":"2019-12-20T14:37:00.476Z"},"startTime":{"$date":"2019-12-20T14:37:00.476Z"},"endTime":{"$date":"2019-12-20T14:37:22.476Z"},"buildNumber":"223","buildUrl":"http://ec2-34-212-9-250.us-west-2.compute.amazonaws.com:8080/job/qi-bots-py-build/223/","result":"SUCCESS","duration":"22653"},{"timeStamp":{"$date":"2019-12-20T14:09:15.675Z"},"startTime":{"$date":"2019-12-20T14:09:15.675Z"},"endTime":{"$date":"2019-12-20T14:09:38.675Z"},"buildNumber":"222","buildUrl":"http://ec2-34-212-9-250.us-west-2.compute.amazonaws.com:8080/job/qi-bots-py-build/222/","result":"SUCCESS","duration":"23153"},{"timeStamp":{"$date":"2019-12-20T11:30:10.225Z"},"startTime":{"$date":"2019-12-20T11:30:10.225Z"},"endTime":{"$date":"2019-12-20T11:30:34.225Z"},"buildNumber":"221","buildUrl":"http://ec2-34-212-9-250.us-west-2.compute.amazonaws.com:8080/job/qi-bots-py-build/221/","result":"SUCCESS","duration":"24462"}],"joburl":"http://ec2-34-212-9-250.us-west-2.compute.amazonaws.com:8080/job/qi-bots-py-build/"}
{"_id":{"$oid":"5d89b10ae896c8d311eb31c8"},"_class":"org.json.simple.JSONObject","jobName":"main \u003e qi-bots-scala-fortify","builds":[{"timeStamp":{"$date":"2019-06-07T14:23:58.622Z"},"startTime":{"$date":"2019-06-07T14:23:58.622Z"},"endTime":{"$date":"2019-06-07T15:43:25.622Z"},"buildNumber":"3","buildUrl":"http://ec2-34-212-9-250.us-west-2.compute.amazonaws.com:8080/job/qi-bots-scala-fortify/3/","result":"SUCCESS","duration":"4767085"},{"timeStamp":{"$date":"2019-05-30T19:47:20.702Z"},"startTime":{"$date":"2019-05-30T19:47:20.702Z"},"endTime":{"$date":"2019-05-30T21:11:35.702Z"},"buildNumber":"2","buildUrl":"http://ec2-34-212-9-250.us-west-2.compute.amazonaws.com:8080/job/qi-bots-scala-fortify/2/","result":"SUCCESS","duration":"5055801"},{"timeStamp":{"$date":"2019-04-26T16:02:14.035Z"},"startTime":{"$date":"2019-04-26T16:02:14.035Z"},"endTime":{"$date":"2019-04-26T17:33:07.035Z"},"buildNumber":"1","buildUrl":"http://ec2-34-212-9-250.us-west-2.compute.amazonaws.com:8080/job/qi-bots-scala-fortify/1/","result":"SUCCESS","duration":"5453159"}],"joburl":"http://ec2-34-212-9-250.us-west-2.compute.amazonaws.com:8080/job/qi-bots-scala-fortify/"}
{"_id":{"$oid":"5d89b10ae896c8d311eb31c9"},"_class":"org.json.simple.JSONObject","jobName":"main \u003e qi-cia-fortify","builds":[{"timeStamp":{"$date":"2019-12-23T06:30:00.956Z"},"startTime":{"$date":"2019-12-23T06:30:00.956Z"},"endTime":{"$date":"2019-12-23T06:30:49.956Z"},"buildNumber":"25","buildUrl":"http://ec2-34-212-9-250.us-west-2.compute.amazonaws.com:8080/job/qi-cia-fortify/25/","result":"FAILURE","duration":"49902"},{"timeStamp":{"$date":"2019-12-16T06:30:00.957Z"},"startTime":{"$date":"2019-12-16T06:30:00.957Z"},"endTime":{"$date":"2019-12-16T06:33:07.957Z"},"buildNumber":"24","buildUrl":"http://ec2-34-212-9-250.us-west-2.compute.amazonaws.com:8080/job/qi-cia-fortify/24/","result":"SUCCESS","duration":"187231"},{"timeStamp":{"$date":"2019-12-09T06:30:00.958Z"},"startTime":{"$date":"2019-12-09T06:30:00.958Z"},"endTime":{"$date":"2019-12-09T06:32:03.958Z"},"buildNumber":"23","buildUrl":"http://ec2-34-212-9-250.us-west-2.compute.amazonaws.com:8080/job/qi-cia-fortify/23/","result":"SUCCESS","duration":"123661"},{"timeStamp":{"$date":"2019-12-02T06:30:00.958Z"},"startTime":{"$date":"2019-12-02T06:30:00.958Z"},"endTime":{"$date":"2019-12-02T06:31:59.958Z"},"buildNumber":"22","buildUrl":"http://ec2-34-212-9-250.us-west-2.compute.amazonaws.com:8080/job/qi-cia-fortify/22/","result":"SUCCESS","duration":"119500"},{"timeStamp":{"$date":"2019-11-30T12:46:10.902Z"},"startTime":{"$date":"2019-11-30T12:46:10.902Z"},"endTime":{"$date":"2019-11-30T12:48:19.902Z"},"buildNumber":"21","buildUrl":"http://ec2-34-212-9-250.us-west-2.compute.amazonaws.com:8080/job/qi-cia-fortify/21/","result":"SUCCESS","duration":"129157"},{"timeStamp":{"$date":"2019-11-30T10:39:47.535Z"},"startTime":{"$date":"2019-11-30T10:39:47.535Z"},"endTime":{"$date":"2019-11-30T10:42:04.535Z"},"buildNumber":"20","buildUrl":"http://ec2-34-212-9-250.us-west-2.compute.amazonaws.com:8080/job/qi-cia-fortify/20/","result":"SUCCESS","duration":"137070"},{"timeStamp":{"$date":"2019-11-26T06:30:00.964Z"},"startTime":{"$date":"2019-11-26T06:30:00.964Z"},"endTime":{"$date":"2019-11-26T06:32:11.964Z"},"buildNumber":"19","buildUrl":"http://ec2-34-212-9-250.us-west-2.compute.amazonaws.com:8080/job/qi-cia-fortify/19/","result":"SUCCESS","duration":"131542"},{"timeStamp":{"$date":"2019-11-19T06:30:00.962Z"},"startTime":{"$date":"2019-11-19T06:30:00.962Z"},"endTime":{"$date":"2019-11-19T06:31:21.962Z"},"buildNumber":"18","buildUrl":"http://ec2-34-212-9-250.us-west-2.compute.amazonaws.com:8080/job/qi-cia-fortify/18/","result":"FAILURE","duration":"81832"},{"timeStamp":{"$date":"2019-11-12T06:30:00.960Z"},"startTime":{"$date":"2019-11-12T06:30:00.960Z"},"endTime":{"$date":"2019-11-12T06:31:17.960Z"},"buildNumber":"17","buildUrl":"http://ec2-34-212-9-250.us-west-2.compute.amazonaws.com:8080/job/qi-cia-fortify/17/","result":"FAILURE","duration":"77048"},{"timeStamp":{"$date":"2019-11-05T06:30:00.959Z"},"startTime":{"$date":"2019-11-05T06:30:00.959Z"},"endTime":{"$date":"2019-11-05T06:31:16.959Z"},"buildNumber":"16","buildUrl":"http://ec2-34-212-9-250.us-west-2.compute.amazonaws.com:8080/job/qi-cia-fortify/16/","result":"FAILURE","duration":"76916"},{"timeStamp":{"$date":"2019-10-29T12:56:02.408Z"},"startTime":{"$date":"2019-10-29T12:56:02.408Z"},"endTime":{"$date":"2019-10-29T12:58:30.408Z"},"buildNumber":"15","buildUrl":"http://ec2-34-212-9-250.us-west-2.compute.amazonaws.com:8080/job/qi-cia-fortify/15/","result":"SUCCESS","duration":"148099"},{"timeStamp":{"$date":"2019-10-29T12:44:45.072Z"},"startTime":{"$date":"2019-10-29T12:44:45.072Z"},"endTime":{"$date":"2019-10-29T12:46:01.072Z"},"buildNumber":"14","buildUrl":"http://ec2-34-212-9-250.us-west-2.compute.amazonaws.com:8080/job/qi-cia-fortify/14/","result":"FAILURE","duration":"76806"},{"timeStamp":{"$date":"2019-10-29T06:30:00.960Z"},"startTime":{"$date":"2019-10-29T06:30:00.960Z"},"endTime":{"$date":"2019-10-29T06:31:17.960Z"},"buildNumber":"13","buildUrl":"http://ec2-34-212-9-250.us-west-2.compute.amazonaws.com:8080/job/qi-cia-fortify/13/","result":"FAILURE","duration":"77565"},{"timeStamp":{"$date":"2019-10-24T14:05:26.989Z"},"startTime":{"$date":"2019-10-24T14:05:26.989Z"},"endTime":{"$date":"2019-10-24T14:07:36.989Z"},"buildNumber":"12","buildUrl":"http://ec2-34-212-9-250.us-west-2.compute.amazonaws.com:8080/job/qi-cia-fortify/12/","result":"SUCCESS","duration":"130409"},{"timeStamp":{"$date":"2019-10-24T14:00:46.080Z"},"startTime":{"$date":"2019-10-24T14:00:46.080Z"},"endTime":{"$date":"2019-10-24T14:01:11.080Z"},"buildNumber":"11","buildUrl":"http://ec2-34-212-9-250.us-west-2.compute.amazonaws.com:8080/job/qi-cia-fortify/11/","result":"FAILURE","duration":"25344"},{"timeStamp":{"$date":"2019-10-22T06:30:00.957Z"},"startTime":{"$date":"2019-10-22T06:30:00.957Z"},"endTime":{"$date":"2019-10-22T06:30:48.957Z"},"buildNumber":"10","buildUrl":"http://ec2-34-212-9-250.us-west-2.compute.amazonaws.com:8080/job/qi-cia-fortify/10/","result":"FAILURE","duration":"48439"},{"timeStamp":{"$date":"2019-10-16T09:45:03.171Z"},"startTime":{"$date":"2019-10-16T09:45:03.171Z"},"endTime":{"$date":"2019-10-16T09:47:18.171Z"},"buildNumber":"9","buildUrl":"http://ec2-34-212-9-250.us-west-2.compute.amazonaws.com:8080/job/qi-cia-fortify/9/","result":"SUCCESS","duration":"135155"},{"timeStamp":{"$date":"2019-10-15T06:30:00.957Z"},"startTime":{"$date":"2019-10-15T06:30:00.957Z"},"endTime":{"$date":"2019-10-15T06:32:24.957Z"},"buildNumber":"8","buildUrl":"http://ec2-34-212-9-250.us-west-2.compute.amazonaws.com:8080/job/qi-cia-fortify/8/","result":"SUCCESS","duration":"144119"},{"timeStamp":{"$date":"2019-10-08T06:30:00.956Z"},"startTime":{"$date":"2019-10-08T06:30:00.956Z"},"endTime":{"$date":"2019-10-08T06:37:51.956Z"},"buildNumber":"7","buildUrl":"http://ec2-34-212-9-250.us-west-2.compute.amazonaws.com:8080/job/qi-cia-fortify/7/","result":"SUCCESS","duration":"471885"},{"timeStamp":{"$date":"2019-10-01T06:30:00.957Z"},"startTime":{"$date":"2019-10-01T06:30:00.957Z"},"endTime":{"$date":"2019-10-01T06:32:03.957Z"},"buildNumber":"6","buildUrl":"http://ec2-34-212-9-250.us-west-2.compute.amazonaws.com:8080/job/qi-cia-fortify/6/","result":"SUCCESS","duration":"123403"},{"timeStamp":{"$date":"2019-06-14T19:19:17.442Z"},"startTime":{"$date":"2019-06-14T19:19:17.442Z"},"endTime":{"$date":"2019-06-14T19:21:52.442Z"},"buildNumber":"5","buildUrl":"http://ec2-34-212-9-250.us-west-2.compute.amazonaws.com:8080/job/qi-cia-fortify/5/","result":"SUCCESS","duration":"155184"},{"timeStamp":{"$date":"2019-06-14T19:10:06.369Z"},"startTime":{"$date":"2019-06-14T19:10:06.369Z"},"endTime":{"$date":"2019-06-14T19:12:35.369Z"},"buildNumber":"4","buildUrl":"http://ec2-34-212-9-250.us-west-2.compute.amazonaws.com:8080/job/qi-cia-fortify/4/","result":"SUCCESS","duration":"149587"},{"timeStamp":{"$date":"2019-06-11T15:15:14.125Z"},"startTime":{"$date":"2019-06-11T15:15:14.125Z"},"endTime":{"$date":"2019-06-11T15:17:57.125Z"},"buildNumber":"3","buildUrl":"http://ec2-34-212-9-250.us-west-2.compute.amazonaws.com:8080/job/qi-cia-fortify/3/","result":"SUCCESS","duration":"163590"},{"timeStamp":{"$date":"2019-06-10T22:34:30.642Z"},"startTime":{"$date":"2019-06-10T22:34:30.642Z"},"endTime":{"$date":"2019-06-10T22:37:16.642Z"},"buildNumber":"2","buildUrl":"http://ec2-34-212-9-250.us-west-2.compute.amazonaws.com:8080/job/qi-cia-fortify/2/","result":"SUCCESS","duration":"166585"},{"timeStamp":{"$date":"2019-06-06T09:52:52.384Z"},"startTime":{"$date":"2019-06-06T09:52:52.384Z"},"endTime":{"$date":"2019-06-06T09:54:06.384Z"},"buildNumber":"1","buildUrl":"http://ec2-34-212-9-250.us-west-2.compute.amazonaws.com:8080/job/qi-cia-fortify/1/","result":"SUCCESS","duration":"74324"}],"joburl":"http://ec2-34-212-9-250.us-west-2.compute.amazonaws.com:8080/job/qi-cia-fortify/"}
{"_id":{"$oid":"5d89b10ae896c8d311eb31ca"},"_class":"org.json.simple.JSONObject","jobName":"main \u003e qi-cia-testfootprintcapture-fortify","builds":[{"timeStamp":{"$date":"2019-12-23T06:24:00.959Z"},"startTime":{"$date":"2019-12-23T06:24:00.959Z"},"endTime":{"$date":"2019-12-23T06:25:01.959Z"},"buildNumber":"21","buildUrl":"http://ec2-34-212-9-250.us-west-2.compute.amazonaws.com:8080/job/qi-cia-testfootprintcapture-fortify/21/","result":"FAILURE","duration":"61646"},{"timeStamp":{"$date":"2019-12-16T06:24:00.959Z"},"startTime":{"$date":"2019-12-16T06:24:00.959Z"},"endTime":{"$date":"2019-12-16T06:25:04.959Z"},"buildNumber":"20","buildUrl":"http://ec2-34-212-9-250.us-west-2.compute.amazonaws.com:8080/job/qi-cia-testfootprintcapture-fortify/20/","result":"FAILURE","duration":"64583"},{"timeStamp":{"$date":"2019-12-09T06:24:00.960Z"},"startTime":{"$date":"2019-12-09T06:24:00.960Z"},"endTime":{"$date":"2019-12-09T06:26:04.960Z"},"buildNumber":"19","buildUrl":"http://ec2-34-212-9-250.us-west-2.compute.amazonaws.com:8080/job/qi-cia-testfootprintcapture-fortify/19/","result":"SUCCESS","duration":"124308"},{"timeStamp":{"$date":"2019-12-02T06:24:00.966Z"},"startTime":{"$date":"2019-12-02T06:24:00.966Z"},"endTime":{"$date":"2019-12-02T06:25:51.966Z"},"buildNumber":"18","buildUrl":"http://ec2-34-212-9-250.us-west-2.compute.amazonaws.com:8080/job/qi-cia-testfootprintcapture-fortify/18/","result":"SUCCESS","duration":"111400"},{"timeStamp":{"$date":"2019-12-02T04:57:19.714Z"},"startTime":{"$date":"2019-12-02T04:57:19.714Z"},"endTime":{"$date":"2019-12-02T04:58:33.714Z"},"buildNumber":"17","buildUrl":"http://ec2-34-212-9-250.us-west-2.compute.amazonaws.com:8080/job/qi-cia-testfootprintcapture-fortify/17/","result":"FAILURE","duration":"74340"},{"timeStamp":{"$date":"2019-11-05T06:24:00.962Z"},"startTime":{"$date":"2019-11-05T06:24:00.962Z"},"endTime":{"$date":"2019-12-02T04:57:18.962Z"},"buildNumber":"16","buildUrl":"http://ec2-34-212-9-250.us-west-2.compute.amazonaws.com:8080/job/qi-cia-testfootprintcapture-fortify/16/","result":"FAILURE","duration":"2413998335"},{"timeStamp":{"$date":"2019-10-29T12:53:07.010Z"},"startTime":{"$date":"2019-10-29T12:53:07.010Z"},"endTime":{"$date":"2019-10-29T12:56:02.010Z"},"buildNumber":"15","buildUrl":"http://ec2-34-212-9-250.us-west-2.compute.amazonaws.com:8080/job/qi-cia-testfootprintcapture-fortify/15/","result":"SUCCESS","duration":"175044"},{"timeStamp":{"$date":"2019-10-29T12:43:35.850Z"},"startTime":{"$date":"2019-10-29T12:43:35.850Z"},"endTime":{"$date":"2019-10-29T12:45:01.850Z"},"buildNumber":"14","buildUrl":"http://ec2-34-212-9-250.us-west-2.compute.amazonaws.com:8080/job/qi-cia-testfootprintcapture-fortify/14/","result":"FAILURE","duration":"86118"},{"timeStamp":{"$date":"2019-10-29T06:24:00.958Z"},"startTime":{"$date":"2019-10-29T06:24:00.958Z"},"endTime":{"$date":"2019-10-29T06:25:24.958Z"},"buildNumber":"13","buildUrl":"http://ec2-34-212-9-250.us-west-2.compute.amazonaws.com:8080/job/qi-cia-testfootprintcapture-fortify/13/","result":"FAILURE","duration":"84068"},{"timeStamp":{"$date":"2019-10-24T14:03:13.285Z"},"startTime":{"$date":"2019-10-24T14:03:13.285Z"},"endTime":{"$date":"2019-10-24T14:05:26.285Z"},"buildNumber":"12","buildUrl":"http://ec2-34-212-9-250.us-west-2.compute.amazonaws.com:8080/job/qi-cia-testfootprintcapture-fortify/12/","result":"SUCCESS","duration":"133331"},{"timeStamp":{"$date":"2019-10-24T14:00:49.631Z"},"startTime":{"$date":"2019-10-24T14:00:49.631Z"},"endTime":{"$date":"2019-10-24T14:01:10.631Z"},"buildNumber":"11","buildUrl":"http://ec2-34-212-9-250.us-west-2.compute.amazonaws.com:8080/job/qi-cia-testfootprintcapture-fortify/11/","result":"FAILURE","duration":"21790"},{"timeStamp":{"$date":"2019-10-22T06:24:00.956Z"},"startTime":{"$date":"2019-10-22T06:24:00.956Z"},"endTime":{"$date":"2019-10-22T06:24:54.956Z"},"buildNumber":"10","buildUrl":"http://ec2-34-212-9-250.us-west-2.compute.amazonaws.com:8080/job/qi-cia-testfootprintcapture-fortify/10/","result":"FAILURE","duration":"54787"},{"timeStamp":{"$date":"2019-10-16T12:39:48.259Z"},"startTime":{"$date":"2019-10-16T12:39:48.259Z"},"endTime":{"$date":"2019-10-16T12:41:39.259Z"},"buildNumber":"9","buildUrl":"http://ec2-34-212-9-250.us-west-2.compute.amazonaws.com:8080/job/qi-cia-testfootprintcapture-fortify/9/","result":"SUCCESS","duration":"111586"},{"timeStamp":{"$date":"2019-10-15T06:24:00.958Z"},"startTime":{"$date":"2019-10-15T06:24:00.958Z"},"endTime":{"$date":"2019-10-15T06:28:04.958Z"},"buildNumber":"8","buildUrl":"http://ec2-34-212-9-250.us-west-2.compute.amazonaws.com:8080/job/qi-cia-testfootprintcapture-fortify/8/","result":"FAILURE","duration":"244047"},{"timeStamp":{"$date":"2019-10-08T06:24:00.957Z"},"startTime":{"$date":"2019-10-08T06:24:00.957Z"},"endTime":{"$date":"2019-10-08T06:26:28.957Z"},"buildNumber":"7","buildUrl":"http://ec2-34-212-9-250.us-west-2.compute.amazonaws.com:8080/job/qi-cia-testfootprintcapture-fortify/7/","result":"SUCCESS","duration":"148754"},{"timeStamp":{"$date":"2019-10-01T06:24:00.959Z"},"startTime":{"$date":"2019-10-01T06:24:00.959Z"},"endTime":{"$date":"2019-10-01T06:26:26.959Z"},"buildNumber":"6","buildUrl":"http://ec2-34-212-9-250.us-west-2.compute.amazonaws.com:8080/job/qi-cia-testfootprintcapture-fortify/6/","result":"SUCCESS","duration":"146176"},{"timeStamp":{"$date":"2019-06-14T19:20:07.909Z"},"startTime":{"$date":"2019-06-14T19:20:07.909Z"},"endTime":{"$date":"2019-06-14T19:22:19.909Z"},"buildNumber":"5","buildUrl":"http://ec2-34-212-9-250.us-west-2.compute.amazonaws.com:8080/job/qi-cia-testfootprintcapture-fortify/5/","result":"SUCCESS","duration":"132270"},{"timeStamp":{"$date":"2019-06-14T19:10:09.223Z"},"startTime":{"$date":"2019-06-14T19:10:09.223Z"},"endTime":{"$date":"2019-06-14T19:12:03.223Z"},"buildNumber":"4","buildUrl":"http://ec2-34-212-9-250.us-west-2.compute.amazonaws.com:8080/job/qi-cia-testfootprintcapture-fortify/4/","result":"SUCCESS","duration":"114546"},{"timeStamp":{"$date":"2019-06-11T15:17:19.133Z"},"startTime":{"$date":"2019-06-11T15:17:19.133Z"},"endTime":{"$date":"2019-06-11T15:19:36.133Z"},"buildNumber":"3","buildUrl":"http://ec2-34-212-9-250.us-west-2.compute.amazonaws.com:8080/job/qi-cia-testfootprintcapture-fortify/3/","result":"SUCCESS","duration":"137074"},{"timeStamp":{"$date":"2019-06-10T22:35:11.235Z"},"startTime":{"$date":"2019-06-10T22:35:11.235Z"},"endTime":{"$date":"2019-06-10T22:37:24.235Z"},"buildNumber":"2","buildUrl":"http://ec2-34-212-9-250.us-west-2.compute.amazonaws.com:8080/job/qi-cia-testfootprintcapture-fortify/2/","result":"SUCCESS","duration":"133951"},{"timeStamp":{"$date":"2019-06-06T10:06:39.779Z"},"startTime":{"$date":"2019-06-06T10:06:39.779Z"},"endTime":{"$date":"2019-06-06T10:07:37.779Z"},"buildNumber":"1","buildUrl":"http://ec2-34-212-9-250.us-west-2.compute.amazonaws.com:8080/job/qi-cia-testfootprintcapture-fortify/1/","result":"SUCCESS","duration":"58783"}],"joburl":"http://ec2-34-212-9-250.us-west-2.compute.amazonaws.com:8080/job/qi-cia-testfootprintcapture-fortify/"}
{"_id":{"$oid":"5d89b10ae896c8d311eb31cb"},"_class":"org.json.simple.JSONObject","jobName":"main \u003e qi-functional-tests-tosca","builds":[{"timeStamp":{"$date":"2019-12-24T00:08:00.962Z"},"startTime":{"$date":"2019-12-24T00:08:00.962Z"},"endTime":{"$date":"2019-12-24T00:28:04.962Z"},"buildNumber":"396","buildUrl":"http://ec2-34-212-9-250.us-west-2.compute.amazonaws.com:8080/job/qi-functional-tests-tosca/396/","result":"UNSTABLE","duration":"1204921"},{"timeStamp":{"$date":"2019-12-23T12:08:00.957Z"},"startTime":{"$date":"2019-12-23T12:08:00.957Z"},"endTime":{"$date":"2019-12-23T12:25:04.957Z"},"buildNumber":"395","buildUrl":"http://ec2-34-212-9-250.us-west-2.compute.amazonaws.com:8080/job/qi-functional-tests-tosca/395/","result":"UNSTABLE","duration":"1024909"},{"timeStamp":{"$date":"2019-12-23T10:11:22.985Z"},"startTime":{"$date":"2019-12-23T10:11:22.985Z"},"endTime":{"$date":"2019-12-23T10:31:26.985Z"},"buildNumber":"394","buildUrl":"http://ec2-34-212-9-250.us-west-2.compute.amazonaws.com:8080/job/qi-functional-tests-tosca/394/","result":"UNSTABLE","duration":"1204832"},{"timeStamp":{"$date":"2019-12-23T09:45:48.331Z"},"startTime":{"$date":"2019-12-23T09:45:48.331Z"},"endTime":{"$date":"2019-12-23T10:02:52.331Z"},"buildNumber":"393","buildUrl":"http://ec2-34-212-9-250.us-west-2.compute.amazonaws.com:8080/job/qi-functional-tests-tosca/393/","result":"UNSTABLE","duration":"1024839"},{"timeStamp":{"$date":"2019-12-23T08:53:41.183Z"},"startTime":{"$date":"2019-12-23T08:53:41.183Z"},"endTime":{"$date":"2019-12-23T09:40:47.183Z"},"buildNumber":"392","buildUrl":"http://ec2-34-212-9-250.us-west-2.compute.amazonaws.com:8080/job/qi-functional-tests-tosca/392/","result":"FAILURE","duration":"2826244"},{"timeStamp":{"$date":"2019-11-09T00:08:00.957Z"},"startTime":{"$date":"2019-11-09T00:08:00.957Z"},"endTime":{"$date":"2019-11-09T00:24:05.957Z"},"buildNumber":"296","buildUrl":"http://ec2-34-212-9-250.us-west-2.compute.amazonaws.com:8080/job/qi-functional-tests-tosca/296/","result":"SUCCESS","duration":"965325"}],"joburl":"http://ec2-34-212-9-250.us-west-2.compute.amazonaws.com:8080/job/qi-functional-tests-tosca/"}
{"_id":{"$oid":"5d89b10ae896c8d311eb31cc"},"_class":"org.json.simple.JSONObject","jobName":"main \u003e qi-functional-tests-tosca-prod","builds":[{"timeStamp":{"$date":"2019-12-24T06:00:00.960Z"},"startTime":{"$date":"2019-12-24T06:00:00.960Z"},"endTime":{"$date":"2019-12-24T06:05:04.960Z"},"buildNumber":"206","buildUrl":"http://ec2-34-212-9-250.us-west-2.compute.amazonaws.com:8080/job/qi-functional-tests-tosca-prod/206/","result":"SUCCESS","duration":"304837"},{"timeStamp":{"$date":"2019-12-24T00:00:00.970Z"},"startTime":{"$date":"2019-12-24T00:00:00.970Z"},"endTime":{"$date":"2019-12-24T00:04:04.970Z"},"buildNumber":"205","buildUrl":"http://ec2-34-212-9-250.us-west-2.compute.amazonaws.com:8080/job/qi-functional-tests-tosca-prod/205/","result":"SUCCESS","duration":"244658"},{"timeStamp":{"$date":"2019-12-23T18:00:00.959Z"},"startTime":{"$date":"2019-12-23T18:00:00.959Z"},"endTime":{"$date":"2019-12-23T18:03:04.959Z"},"buildNumber":"204","buildUrl":"http://ec2-34-212-9-250.us-west-2.compute.amazonaws.com:8080/job/qi-functional-tests-tosca-prod/204/","result":"SUCCESS","duration":"184870"},{"timeStamp":{"$date":"2019-12-23T12:46:25.738Z"},"startTime":{"$date":"2019-12-23T12:46:25.738Z"},"endTime":{"$date":"2019-12-23T12:50:29.738Z"},"buildNumber":"203","buildUrl":"http://ec2-34-212-9-250.us-west-2.compute.amazonaws.com:8080/job/qi-functional-tests-tosca-prod/203/","result":"SUCCESS","duration":"244584"},{"timeStamp":{"$date":"2019-12-23T12:27:37.608Z"},"startTime":{"$date":"2019-12-23T12:27:37.608Z"},"endTime":{"$date":"2019-12-23T12:30:41.608Z"},"buildNumber":"202","buildUrl":"http://ec2-34-212-9-250.us-west-2.compute.amazonaws.com:8080/job/qi-functional-tests-tosca-prod/202/","result":"SUCCESS","duration":"184640"}],"joburl":"http://ec2-34-212-9-250.us-west-2.compute.amazonaws.com:8080/job/qi-functional-tests-tosca-prod/"}
{"_id":{"$oid":"5d89b10ae896c8d311eb31cd"},"_class":"org.json.simple.JSONObject","jobName":"main \u003e qi-functional-tests-tosca-tbd","builds":[{"timeStamp":{"$date":"2019-05-24T22:19:51.140Z"},"startTime":{"$date":"2019-05-24T22:19:51.140Z"},"endTime":{"$date":"2019-05-24T22:19:57.140Z"},"buildNumber":"185","buildUrl":"http://ec2-34-212-9-250.us-west-2.compute.amazonaws.com:8080/job/qi-functional-tests-tosca-tbd/185/","result":"FAILURE","duration":"6757"},{"timeStamp":{"$date":"2019-05-24T17:40:45.595Z"},"startTime":{"$date":"2019-05-24T17:40:45.595Z"},"endTime":{"$date":"2019-05-24T17:40:53.595Z"},"buildNumber":"184","buildUrl":"http://ec2-34-212-9-250.us-west-2.compute.amazonaws.com:8080/job/qi-functional-tests-tosca-tbd/184/","result":"FAILURE","duration":"8784"},{"timeStamp":{"$date":"2019-05-24T07:06:39.999Z"},"startTime":{"$date":"2019-05-24T07:06:39.999Z"},"endTime":{"$date":"2019-05-24T07:06:48.999Z"},"buildNumber":"183","buildUrl":"http://ec2-34-212-9-250.us-west-2.compute.amazonaws.com:8080/job/qi-functional-tests-tosca-tbd/183/","result":"FAILURE","duration":"9967"},{"timeStamp":{"$date":"2019-05-23T02:28:00.462Z"},"startTime":{"$date":"2019-05-23T02:28:00.462Z"},"endTime":{"$date":"2019-05-23T02:28:18.462Z"},"buildNumber":"182","buildUrl":"http://ec2-34-212-9-250.us-west-2.compute.amazonaws.com:8080/job/qi-functional-tests-tosca-tbd/182/","result":"FAILURE","duration":"18100"},{"timeStamp":{"$date":"2019-05-22T03:21:22.354Z"},"startTime":{"$date":"2019-05-22T03:21:22.354Z"},"endTime":{"$date":"2019-05-22T03:26:55.354Z"},"buildNumber":"181","buildUrl":"http://ec2-34-212-9-250.us-west-2.compute.amazonaws.com:8080/job/qi-functional-tests-tosca-tbd/181/","result":"FAILURE","duration":"333637"},{"timeStamp":{"$date":"2019-05-09T20:21:30.393Z"},"startTime":{"$date":"2019-05-09T20:21:30.393Z"},"endTime":{"$date":"2019-05-09T20:28:29.393Z"},"buildNumber":"161","buildUrl":"http://ec2-34-212-9-250.us-west-2.compute.amazonaws.com:8080/job/qi-functional-tests-tosca-tbd/161/","result":"SUCCESS","duration":"419980"}],"joburl":"http://ec2-34-212-9-250.us-west-2.compute.amazonaws.com:8080/job/qi-functional-tests-tosca-tbd/"}
{"_id":{"$oid":"5d89b10ae896c8d311eb31ce"},"_class":"org.json.simple.JSONObject","jobName":"main \u003e qi-platform-build","builds":[{"timeStamp":{"$date":"2019-12-23T12:58:21.113Z"},"startTime":{"$date":"2019-12-23T12:58:21.113Z"},"endTime":{"$date":"2019-12-23T13:00:56.113Z"},"buildNumber":"1019","buildUrl":"http://ec2-34-212-9-250.us-west-2.compute.amazonaws.com:8080/job/qi-platform-build/1019/","result":"FAILURE","duration":"155888"},{"timeStamp":{"$date":"2019-12-23T12:55:21.760Z"},"startTime":{"$date":"2019-12-23T12:55:21.760Z"},"endTime":{"$date":"2019-12-23T12:58:20.760Z"},"buildNumber":"1018","buildUrl":"http://ec2-34-212-9-250.us-west-2.compute.amazonaws.com:8080/job/qi-platform-build/1018/","result":"SUCCESS","duration":"179306"},{"timeStamp":{"$date":"2019-12-23T12:15:21.662Z"},"startTime":{"$date":"2019-12-23T12:15:21.662Z"},"endTime":{"$date":"2019-12-23T12:17:59.662Z"},"buildNumber":"1016","buildUrl":"http://ec2-34-212-9-250.us-west-2.compute.amazonaws.com:8080/job/qi-platform-build/1016/","result":"FAILURE","duration":"158398"}],"joburl":"http://ec2-34-212-9-250.us-west-2.compute.amazonaws.com:8080/job/qi-platform-build/"}
{"_id":{"$oid":"5d89b10ae896c8d311eb31cf"},"_class":"org.json.simple.JSONObject","jobName":"main \u003e qi-platform-builds-sealights","builds":[{"timeStamp":{"$date":"2019-12-23T12:55:16.758Z"},"startTime":{"$date":"2019-12-23T12:55:16.758Z"},"endTime":{"$date":"2019-12-23T12:56:07.758Z"},"buildNumber":"186","buildUrl":"http://ec2-34-212-9-250.us-west-2.compute.amazonaws.com:8080/job/qi-platform-builds-sealights/186/","result":"FAILURE","duration":"51688"},{"timeStamp":{"$date":"2019-12-23T12:15:16.660Z"},"startTime":{"$date":"2019-12-23T12:15:16.660Z"},"endTime":{"$date":"2019-12-23T12:16:08.660Z"},"buildNumber":"185","buildUrl":"http://ec2-34-212-9-250.us-west-2.compute.amazonaws.com:8080/job/qi-platform-builds-sealights/185/","result":"FAILURE","duration":"52710"},{"timeStamp":{"$date":"2019-06-13T12:47:15.335Z"},"startTime":{"$date":"2019-06-13T12:47:15.335Z"},"endTime":{"$date":"2019-06-13T12:49:22.335Z"},"buildNumber":"39","buildUrl":"http://ec2-34-212-9-250.us-west-2.compute.amazonaws.com:8080/job/qi-platform-builds-sealights/39/","result":"SUCCESS","duration":"127113"}],"joburl":"http://ec2-34-212-9-250.us-west-2.compute.amazonaws.com:8080/job/qi-platform-builds-sealights/"}
{"_id":{"$oid":"5d89b10ae896c8d311eb31d0"},"_class":"org.json.simple.JSONObject","jobName":"main \u003e qi-platform-fortify-parameterized","builds":[{"timeStamp":{"$date":"2019-12-23T06:59:52.436Z"},"startTime":{"$date":"2019-12-23T06:59:52.436Z"},"endTime":{"$date":"2019-12-23T07:29:06.436Z"},"buildNumber":"14","buildUrl":"http://ec2-34-212-9-250.us-west-2.compute.amazonaws.com:8080/job/qi-platform-fortify-parameterized/14/","result":"SUCCESS","duration":"1754163"},{"timeStamp":{"$date":"2019-12-23T06:33:12.359Z"},"startTime":{"$date":"2019-12-23T06:33:12.359Z"},"endTime":{"$date":"2019-12-23T06:50:21.359Z"},"buildNumber":"13","buildUrl":"http://ec2-34-212-9-250.us-west-2.compute.amazonaws.com:8080/job/qi-platform-fortify-parameterized/13/","result":"SUCCESS","duration":"1029542"},{"timeStamp":{"$date":"2019-12-23T06:09:47.033Z"},"startTime":{"$date":"2019-12-23T06:09:47.033Z"},"endTime":{"$date":"2019-12-23T06:28:29.033Z"},"buildNumber":"12","buildUrl":"http://ec2-34-212-9-250.us-west-2.compute.amazonaws.com:8080/job/qi-platform-fortify-parameterized/12/","result":"FAILURE","duration":"1122318"}],"joburl":"http://ec2-34-212-9-250.us-west-2.compute.amazonaws.com:8080/job/qi-platform-fortify-parameterized/"}
{"_id":{"$oid":"5d89b10ae896c8d311eb31d1"},"_class":"org.json.simple.JSONObject","jobName":"main \u003e qi-platform-patch-ondemand-parameterized","builds":[{"timeStamp":{"$date":"2019-12-19T11:40:43.722Z"},"startTime":{"$date":"2019-12-19T11:40:43.722Z"},"endTime":{"$date":"2019-12-19T11:41:06.722Z"},"buildNumber":"75","buildUrl":"http://ec2-34-212-9-250.us-west-2.compute.amazonaws.com:8080/job/qi-platform-patch-ondemand-parameterized/75/","result":"FAILURE","duration":"23157"},{"timeStamp":{"$date":"2019-12-14T05:28:59.993Z"},"startTime":{"$date":"2019-12-14T05:28:59.993Z"},"endTime":{"$date":"2019-12-14T05:31:32.993Z"},"buildNumber":"74","buildUrl":"http://ec2-34-212-9-250.us-west-2.compute.amazonaws.com:8080/job/qi-platform-patch-ondemand-parameterized/74/","result":"SUCCESS","duration":"153739"},{"timeStamp":{"$date":"2019-12-14T05:26:57.128Z"},"startTime":{"$date":"2019-12-14T05:26:57.128Z"},"endTime":{"$date":"2019-12-14T05:27:08.128Z"},"buildNumber":"73","buildUrl":"http://ec2-34-212-9-250.us-west-2.compute.amazonaws.com:8080/job/qi-platform-patch-ondemand-parameterized/73/","result":"FAILURE","duration":"11887"}],"joburl":"http://ec2-34-212-9-250.us-west-2.compute.amazonaws.com:8080/job/qi-platform-patch-ondemand-parameterized/"}
{"_id":{"$oid":"5d89b10ae896c8d311eb31d2"},"_class":"org.json.simple.JSONObject","jobName":"main \u003e qi-platform-tests","builds":[{"timeStamp":{"$date":"2019-12-23T12:35:00.957Z"},"startTime":{"$date":"2019-12-23T12:35:00.957Z"},"endTime":{"$date":"2019-12-23T12:35:32.957Z"},"buildNumber":"534","buildUrl":"http://ec2-34-212-9-250.us-west-2.compute.amazonaws.com:8080/job/qi-platform-tests/534/","result":"UNSTABLE","duration":"32197"},{"timeStamp":{"$date":"2019-12-22T12:35:00.985Z"},"startTime":{"$date":"2019-12-22T12:35:00.985Z"},"endTime":{"$date":"2019-12-22T12:35:17.985Z"},"buildNumber":"533","buildUrl":"http://ec2-34-212-9-250.us-west-2.compute.amazonaws.com:8080/job/qi-platform-tests/533/","result":"UNSTABLE","duration":"17452"},{"timeStamp":{"$date":"2019-11-28T12:35:00.966Z"},"startTime":{"$date":"2019-11-28T12:35:00.966Z"},"endTime":{"$date":"2019-11-28T12:35:12.966Z"},"buildNumber":"508","buildUrl":"http://ec2-34-212-9-250.us-west-2.compute.amazonaws.com:8080/job/qi-platform-tests/508/","result":"FAILURE","duration":"12359"},{"timeStamp":{"$date":"2019-03-06T12:35:00.166Z"},"startTime":{"$date":"2019-03-06T12:35:00.166Z"},"endTime":{"$date":"2019-03-06T12:38:38.166Z"},"buildNumber":"298","buildUrl":"http://ec2-34-212-9-250.us-west-2.compute.amazonaws.com:8080/job/qi-platform-tests/298/","result":"SUCCESS","duration":"218921"}],"joburl":"http://ec2-34-212-9-250.us-west-2.compute.amazonaws.com:8080/job/qi-platform-tests/"}
{"_id":{"$oid":"5d89b10ae896c8d311eb31d3"},"_class":"org.json.simple.JSONObject","jobName":"main \u003e qi-python-bots-fortify","builds":[{"timeStamp":{"$date":"2019-12-23T06:41:00.956Z"},"startTime":{"$date":"2019-12-23T06:41:00.956Z"},"endTime":{"$date":"2019-12-23T06:46:03.956Z"},"buildNumber":"75","buildUrl":"http://ec2-34-212-9-250.us-west-2.compute.amazonaws.com:8080/job/qi-python-bots-fortify/75/","result":"SUCCESS","duration":"303510"},{"timeStamp":{"$date":"2019-12-16T06:41:00.960Z"},"startTime":{"$date":"2019-12-16T06:41:00.960Z"},"endTime":{"$date":"2019-12-16T06:45:13.960Z"},"buildNumber":"74","buildUrl":"http://ec2-34-212-9-250.us-west-2.compute.amazonaws.com:8080/job/qi-python-bots-fortify/74/","result":"SUCCESS","duration":"253301"},{"timeStamp":{"$date":"2019-12-09T06:41:00.958Z"},"startTime":{"$date":"2019-12-09T06:41:00.958Z"},"endTime":{"$date":"2019-12-09T06:45:01.958Z"},"buildNumber":"73","buildUrl":"http://ec2-34-212-9-250.us-west-2.compute.amazonaws.com:8080/job/qi-python-bots-fortify/73/","result":"SUCCESS","duration":"241717"}],"joburl":"http://ec2-34-212-9-250.us-west-2.compute.amazonaws.com:8080/job/qi-python-bots-fortify/"}
{"_id":{"$oid":"5d89b10ae896c8d311eb31d4"},"_class":"org.json.simple.JSONObject","jobName":"main \u003e qi-python-bots-fortify-parameterized","builds":[{"timeStamp":{"$date":"2019-10-26T14:37:41.528Z"},"startTime":{"$date":"2019-10-26T14:37:41.528Z"},"endTime":{"$date":"2019-10-26T14:41:26.528Z"},"buildNumber":"2","buildUrl":"http://ec2-34-212-9-250.us-west-2.compute.amazonaws.com:8080/job/qi-python-bots-fortify-parameterized/2/","result":"SUCCESS","duration":"225783"},{"timeStamp":{"$date":"2019-10-26T14:09:27.605Z"},"startTime":{"$date":"2019-10-26T14:09:27.605Z"},"endTime":{"$date":"2019-10-26T14:13:25.605Z"},"buildNumber":"1","buildUrl":"http://ec2-34-212-9-250.us-west-2.compute.amazonaws.com:8080/job/qi-python-bots-fortify-parameterized/1/","result":"SUCCESS","duration":"238952"}],"joburl":"http://ec2-34-212-9-250.us-west-2.compute.amazonaws.com:8080/job/qi-python-bots-fortify-parameterized/"}
{"_id":{"$oid":"5d89b10ae896c8d311eb31d5"},"_class":"org.json.simple.JSONObject","jobName":"main \u003e qi-python-bots-patch-ondemand-parameterized","builds":[{"timeStamp":{"$date":"2019-10-26T14:23:03.821Z"},"startTime":{"$date":"2019-10-26T14:23:03.821Z"},"endTime":{"$date":"2019-10-26T14:23:07.821Z"},"buildNumber":"4","buildUrl":"http://ec2-34-212-9-250.us-west-2.compute.amazonaws.com:8080/job/qi-python-bots-patch-ondemand-parameterized/4/","result":"FAILURE","duration":"4500"},{"timeStamp":{"$date":"2019-10-04T13:38:15.791Z"},"startTime":{"$date":"2019-10-04T13:38:15.791Z"},"endTime":{"$date":"2019-10-04T13:38:34.791Z"},"buildNumber":"3","buildUrl":"http://ec2-34-212-9-250.us-west-2.compute.amazonaws.com:8080/job/qi-python-bots-patch-ondemand-parameterized/3/","result":"SUCCESS","duration":"19506"},{"timeStamp":{"$date":"2019-10-03T20:42:46.236Z"},"startTime":{"$date":"2019-10-03T20:42:46.236Z"},"endTime":{"$date":"2019-10-03T20:43:18.236Z"},"buildNumber":"2","buildUrl":"http://ec2-34-212-9-250.us-west-2.compute.amazonaws.com:8080/job/qi-python-bots-patch-ondemand-parameterized/2/","result":"SUCCESS","duration":"32460"}],"joburl":"http://ec2-34-212-9-250.us-west-2.compute.amazonaws.com:8080/job/qi-python-bots-patch-ondemand-parameterized/"}
{"_id":{"$oid":"5d89b10ae896c8d311eb31d6"},"_class":"org.json.simple.JSONObject","jobName":"main \u003e qi-scala-bots-build","builds":[{"timeStamp":{"$date":"2019-12-20T05:24:00.291Z"},"startTime":{"$date":"2019-12-20T05:24:00.291Z"},"endTime":{"$date":"2019-12-20T05:25:34.291Z"},"buildNumber":"211","buildUrl":"http://ec2-34-212-9-250.us-west-2.compute.amazonaws.com:8080/job/qi-scala-bots-build/211/","result":"SUCCESS","duration":"94755"},{"timeStamp":{"$date":"2019-12-19T06:45:21.146Z"},"startTime":{"$date":"2019-12-19T06:45:21.146Z"},"endTime":{"$date":"2019-12-19T06:47:02.146Z"},"buildNumber":"210","buildUrl":"http://ec2-34-212-9-250.us-west-2.compute.amazonaws.com:8080/job/qi-scala-bots-build/210/","result":"SUCCESS","duration":"101675"},{"timeStamp":{"$date":"2019-12-18T06:58:26.168Z"},"startTime":{"$date":"2019-12-18T06:58:26.168Z"},"endTime":{"$date":"2019-12-18T07:00:04.168Z"},"buildNumber":"209","buildUrl":"http://ec2-34-212-9-250.us-west-2.compute.amazonaws.com:8080/job/qi-scala-bots-build/209/","result":"SUCCESS","duration":"98632"}],"joburl":"http://ec2-34-212-9-250.us-west-2.compute.amazonaws.com:8080/job/qi-scala-bots-build/"}
{"_id":{"$oid":"5d89b10ae896c8d311eb31d7"},"_class":"org.json.simple.JSONObject","jobName":"main \u003e qi-scala-bots-fortify","builds":[{"timeStamp":{"$date":"2019-12-23T06:55:00.955Z"},"startTime":{"$date":"2019-12-23T06:55:00.955Z"},"endTime":{"$date":"2019-12-23T06:57:01.955Z"},"buildNumber":"39","buildUrl":"http://ec2-34-212-9-250.us-west-2.compute.amazonaws.com:8080/job/qi-scala-bots-fortify/39/","result":"SUCCESS","duration":"121923"},{"timeStamp":{"$date":"2019-12-16T06:55:00.958Z"},"startTime":{"$date":"2019-12-16T06:55:00.958Z"},"endTime":{"$date":"2019-12-16T06:57:15.958Z"},"buildNumber":"38","buildUrl":"http://ec2-34-212-9-250.us-west-2.compute.amazonaws.com:8080/job/qi-scala-bots-fortify/38/","result":"SUCCESS","duration":"135050"},{"timeStamp":{"$date":"2019-12-09T06:55:00.956Z"},"startTime":{"$date":"2019-12-09T06:55:00.956Z"},"endTime":{"$date":"2019-12-09T06:57:00.956Z"},"buildNumber":"37","buildUrl":"http://ec2-34-212-9-250.us-west-2.compute.amazonaws.com:8080/job/qi-scala-bots-fortify/37/","result":"SUCCESS","duration":"120561"}],"joburl":"http://ec2-34-212-9-250.us-west-2.compute.amazonaws.com:8080/job/qi-scala-bots-fortify/"}
{"_id":{"$oid":"5d89b10ae896c8d311eb31d8"},"_class":"org.json.simple.JSONObject","jobName":"main \u003e qi-scala-bots-fortify-parameterized","builds":[],"joburl":"http://ec2-34-212-9-250.us-west-2.compute.amazonaws.com:8080/job/qi-scala-bots-fortify-parameterized/"}
{"_id":{"$oid":"5d89b10ae896c8d311eb31d9"},"_class":"org.json.simple.JSONObject","jobName":"main \u003e qi-scala-bots-ondemand-parameterized","builds":[{"timeStamp":{"$date":"2019-11-21T11:13:17.903Z"},"startTime":{"$date":"2019-11-21T11:13:17.903Z"},"endTime":{"$date":"2019-11-21T11:14:46.903Z"},"buildNumber":"4","buildUrl":"http://ec2-34-212-9-250.us-west-2.compute.amazonaws.com:8080/job/qi-scala-bots-ondemand-parameterized/4/","result":"SUCCESS","duration":"89774"},{"timeStamp":{"$date":"2019-10-09T09:16:23.586Z"},"startTime":{"$date":"2019-10-09T09:16:23.586Z"},"endTime":{"$date":"2019-10-09T09:17:35.586Z"},"buildNumber":"3","buildUrl":"http://ec2-34-212-9-250.us-west-2.compute.amazonaws.com:8080/job/qi-scala-bots-ondemand-parameterized/3/","result":"SUCCESS","duration":"72024"},{"timeStamp":{"$date":"2019-10-04T13:39:40.615Z"},"startTime":{"$date":"2019-10-04T13:39:40.615Z"},"endTime":{"$date":"2019-10-04T13:40:54.615Z"},"buildNumber":"2","buildUrl":"http://ec2-34-212-9-250.us-west-2.compute.amazonaws.com:8080/job/qi-scala-bots-ondemand-parameterized/2/","result":"SUCCESS","duration":"74474"}],"joburl":"http://ec2-34-212-9-250.us-west-2.compute.amazonaws.com:8080/job/qi-scala-bots-ondemand-parameterized/"}
{"_id":{"$oid":"5d89b10ae896c8d311eb31da"},"_class":"org.json.simple.JSONObject","jobName":"main \u003e qi-windows-linux-packager","builds":[{"timeStamp":{"$date":"2019-12-07T06:32:56.128Z"},"startTime":{"$date":"2019-12-07T06:32:56.128Z"},"endTime":{"$date":"2019-12-07T06:34:06.128Z"},"buildNumber":"50","buildUrl":"http://ec2-34-212-9-250.us-west-2.compute.amazonaws.com:8080/job/qi-windows-linux-packager/50/","result":"SUCCESS","duration":"70940"},{"timeStamp":{"$date":"2019-12-06T05:37:47.722Z"},"startTime":{"$date":"2019-12-06T05:37:47.722Z"},"endTime":{"$date":"2019-12-06T05:39:02.722Z"},"buildNumber":"49","buildUrl":"http://ec2-34-212-9-250.us-west-2.compute.amazonaws.com:8080/job/qi-windows-linux-packager/49/","result":"FAILURE","duration":"75039"},{"timeStamp":{"$date":"2019-12-06T02:04:28.215Z"},"startTime":{"$date":"2019-12-06T02:04:28.215Z"},"endTime":{"$date":"2019-12-06T02:04:34.215Z"},"buildNumber":"48","buildUrl":"http://ec2-34-212-9-250.us-west-2.compute.amazonaws.com:8080/job/qi-windows-linux-packager/48/","result":"FAILURE","duration":"6466"},{"timeStamp":{"$date":"2019-11-20T11:05:32.903Z"},"startTime":{"$date":"2019-11-20T11:05:32.903Z"},"endTime":{"$date":"2019-11-20T11:06:39.903Z"},"buildNumber":"47","buildUrl":"http://ec2-34-212-9-250.us-west-2.compute.amazonaws.com:8080/job/qi-windows-linux-packager/47/","result":"SUCCESS","duration":"67744"},{"timeStamp":{"$date":"2019-10-12T06:46:58.552Z"},"startTime":{"$date":"2019-10-12T06:46:58.552Z"},"endTime":{"$date":"2019-10-12T06:48:07.552Z"},"buildNumber":"46","buildUrl":"http://ec2-34-212-9-250.us-west-2.compute.amazonaws.com:8080/job/qi-windows-linux-packager/46/","result":"SUCCESS","duration":"69674"},{"timeStamp":{"$date":"2019-10-06T08:48:38.020Z"},"startTime":{"$date":"2019-10-06T08:48:38.020Z"},"endTime":{"$date":"2019-10-06T08:49:47.020Z"},"buildNumber":"45","buildUrl":"http://ec2-34-212-9-250.us-west-2.compute.amazonaws.com:8080/job/qi-windows-linux-packager/45/","result":"SUCCESS","duration":"69867"},{"timeStamp":{"$date":"2019-10-05T09:41:37.391Z"},"startTime":{"$date":"2019-10-05T09:41:37.391Z"},"endTime":{"$date":"2019-10-05T09:42:47.391Z"},"buildNumber":"44","buildUrl":"http://ec2-34-212-9-250.us-west-2.compute.amazonaws.com:8080/job/qi-windows-linux-packager/44/","result":"SUCCESS","duration":"70830"},{"timeStamp":{"$date":"2019-10-04T13:52:30.506Z"},"startTime":{"$date":"2019-10-04T13:52:30.506Z"},"endTime":{"$date":"2019-10-04T13:53:37.506Z"},"buildNumber":"43","buildUrl":"http://ec2-34-212-9-250.us-west-2.compute.amazonaws.com:8080/job/qi-windows-linux-packager/43/","result":"SUCCESS","duration":"67961"},{"timeStamp":{"$date":"2019-10-03T08:02:03.027Z"},"startTime":{"$date":"2019-10-03T08:02:03.027Z"},"endTime":{"$date":"2019-10-03T08:03:16.027Z"},"buildNumber":"42","buildUrl":"http://ec2-34-212-9-250.us-west-2.compute.amazonaws.com:8080/job/qi-windows-linux-packager/42/","result":"SUCCESS","duration":"73904"},{"timeStamp":{"$date":"2019-10-02T15:13:32.675Z"},"startTime":{"$date":"2019-10-02T15:13:32.675Z"},"endTime":{"$date":"2019-10-02T15:14:41.675Z"},"buildNumber":"41","buildUrl":"http://ec2-34-212-9-250.us-west-2.compute.amazonaws.com:8080/job/qi-windows-linux-packager/41/","result":"SUCCESS","duration":"69336"},{"timeStamp":{"$date":"2019-06-28T16:56:15.795Z"},"startTime":{"$date":"2019-06-28T16:56:15.795Z"},"endTime":{"$date":"2019-06-28T16:57:15.795Z"},"buildNumber":"40","buildUrl":"http://ec2-34-212-9-250.us-west-2.compute.amazonaws.com:8080/job/qi-windows-linux-packager/40/","result":"SUCCESS","duration":"60896"},{"timeStamp":{"$date":"2019-06-28T14:08:44.792Z"},"startTime":{"$date":"2019-06-28T14:08:44.792Z"},"endTime":{"$date":"2019-06-28T14:09:58.792Z"},"buildNumber":"39","buildUrl":"http://ec2-34-212-9-250.us-west-2.compute.amazonaws.com:8080/job/qi-windows-linux-packager/39/","result":"SUCCESS","duration":"74659"},{"timeStamp":{"$date":"2019-06-27T12:59:42.844Z"},"startTime":{"$date":"2019-06-27T12:59:42.844Z"},"endTime":{"$date":"2019-06-27T13:00:54.844Z"},"buildNumber":"38","buildUrl":"http://ec2-34-212-9-250.us-west-2.compute.amazonaws.com:8080/job/qi-windows-linux-packager/38/","result":"SUCCESS","duration":"72694"},{"timeStamp":{"$date":"2019-06-26T12:43:45.263Z"},"startTime":{"$date":"2019-06-26T12:43:45.263Z"},"endTime":{"$date":"2019-06-26T12:44:50.263Z"},"buildNumber":"37","buildUrl":"http://ec2-34-212-9-250.us-west-2.compute.amazonaws.com:8080/job/qi-windows-linux-packager/37/","result":"SUCCESS","duration":"65138"},{"timeStamp":{"$date":"2019-06-26T12:38:38.962Z"},"startTime":{"$date":"2019-06-26T12:38:38.962Z"},"endTime":{"$date":"2019-06-26T12:39:37.962Z"},"buildNumber":"36","buildUrl":"http://ec2-34-212-9-250.us-west-2.compute.amazonaws.com:8080/job/qi-windows-linux-packager/36/","result":"SUCCESS","duration":"59996"},{"timeStamp":{"$date":"2019-06-26T10:32:58.625Z"},"startTime":{"$date":"2019-06-26T10:32:58.625Z"},"endTime":{"$date":"2019-06-26T10:34:11.625Z"},"buildNumber":"35","buildUrl":"http://ec2-34-212-9-250.us-west-2.compute.amazonaws.com:8080/job/qi-windows-linux-packager/35/","result":"SUCCESS","duration":"73441"},{"timeStamp":{"$date":"2019-06-25T12:56:09.207Z"},"startTime":{"$date":"2019-06-25T12:56:09.207Z"},"endTime":{"$date":"2019-06-25T12:57:28.207Z"},"buildNumber":"34","buildUrl":"http://ec2-34-212-9-250.us-west-2.compute.amazonaws.com:8080/job/qi-windows-linux-packager/34/","result":"SUCCESS","duration":"79224"},{"timeStamp":{"$date":"2019-06-24T11:16:25.004Z"},"startTime":{"$date":"2019-06-24T11:16:25.004Z"},"endTime":{"$date":"2019-06-24T11:17:35.004Z"},"buildNumber":"33","buildUrl":"http://ec2-34-212-9-250.us-west-2.compute.amazonaws.com:8080/job/qi-windows-linux-packager/33/","result":"SUCCESS","duration":"70604"},{"timeStamp":{"$date":"2019-06-21T15:34:43.938Z"},"startTime":{"$date":"2019-06-21T15:34:43.938Z"},"endTime":{"$date":"2019-06-21T15:34:57.938Z"},"buildNumber":"32","buildUrl":"http://ec2-34-212-9-250.us-west-2.compute.amazonaws.com:8080/job/qi-windows-linux-packager/32/","result":"ABORTED","duration":"14370"},{"timeStamp":{"$date":"2019-06-21T14:22:20.015Z"},"startTime":{"$date":"2019-06-21T14:22:20.015Z"},"endTime":{"$date":"2019-06-21T14:22:28.015Z"},"buildNumber":"31","buildUrl":"http://ec2-34-212-9-250.us-west-2.compute.amazonaws.com:8080/job/qi-windows-linux-packager/31/","result":"FAILURE","duration":"8333"},{"timeStamp":{"$date":"2019-06-21T14:19:46.859Z"},"startTime":{"$date":"2019-06-21T14:19:46.859Z"},"endTime":{"$date":"2019-06-21T14:20:03.859Z"},"buildNumber":"30","buildUrl":"http://ec2-34-212-9-250.us-west-2.compute.amazonaws.com:8080/job/qi-windows-linux-packager/30/","result":"FAILURE","duration":"17507"},{"timeStamp":{"$date":"2019-06-17T11:48:12.849Z"},"startTime":{"$date":"2019-06-17T11:48:12.849Z"},"endTime":{"$date":"2019-06-17T11:49:37.849Z"},"buildNumber":"29","buildUrl":"http://ec2-34-212-9-250.us-west-2.compute.amazonaws.com:8080/job/qi-windows-linux-packager/29/","result":"SUCCESS","duration":"85906"},{"timeStamp":{"$date":"2019-06-14T14:32:45.182Z"},"startTime":{"$date":"2019-06-14T14:32:45.182Z"},"endTime":{"$date":"2019-06-14T15:28:37.182Z"},"buildNumber":"28","buildUrl":"http://ec2-34-212-9-250.us-west-2.compute.amazonaws.com:8080/job/qi-windows-linux-packager/28/","result":"SUCCESS","duration":"3352221"},{"timeStamp":{"$date":"2019-06-14T12:55:37.528Z"},"startTime":{"$date":"2019-06-14T12:55:37.528Z"},"endTime":{"$date":"2019-06-14T12:56:39.528Z"},"buildNumber":"27","buildUrl":"http://ec2-34-212-9-250.us-west-2.compute.amazonaws.com:8080/job/qi-windows-linux-packager/27/","result":"SUCCESS","duration":"62362"},{"timeStamp":{"$date":"2019-06-14T09:39:37.324Z"},"startTime":{"$date":"2019-06-14T09:39:37.324Z"},"endTime":{"$date":"2019-06-14T09:40:53.324Z"},"buildNumber":"26","buildUrl":"http://ec2-34-212-9-250.us-west-2.compute.amazonaws.com:8080/job/qi-windows-linux-packager/26/","result":"SUCCESS","duration":"76650"},{"timeStamp":{"$date":"2019-06-03T13:47:05.578Z"},"startTime":{"$date":"2019-06-03T13:47:05.578Z"},"endTime":{"$date":"2019-06-03T13:48:01.578Z"},"buildNumber":"25","buildUrl":"http://ec2-34-212-9-250.us-west-2.compute.amazonaws.com:8080/job/qi-windows-linux-packager/25/","result":"SUCCESS","duration":"56249"},{"timeStamp":{"$date":"2019-05-31T07:05:27.019Z"},"startTime":{"$date":"2019-05-31T07:05:27.019Z"},"endTime":{"$date":"2019-05-31T08:01:37.019Z"},"buildNumber":"24","buildUrl":"http://ec2-34-212-9-250.us-west-2.compute.amazonaws.com:8080/job/qi-windows-linux-packager/24/","result":"SUCCESS","duration":"3370795"},{"timeStamp":{"$date":"2019-05-29T13:53:05.268Z"},"startTime":{"$date":"2019-05-29T13:53:05.268Z"},"endTime":{"$date":"2019-05-29T13:53:54.268Z"},"buildNumber":"23","buildUrl":"http://ec2-34-212-9-250.us-west-2.compute.amazonaws.com:8080/job/qi-windows-linux-packager/23/","result":"SUCCESS","duration":"49416"},{"timeStamp":{"$date":"2019-05-29T12:14:02.056Z"},"startTime":{"$date":"2019-05-29T12:14:02.056Z"},"endTime":{"$date":"2019-05-29T12:15:05.056Z"},"buildNumber":"22","buildUrl":"http://ec2-34-212-9-250.us-west-2.compute.amazonaws.com:8080/job/qi-windows-linux-packager/22/","result":"SUCCESS","duration":"63608"},{"timeStamp":{"$date":"2019-05-24T12:54:41.487Z"},"startTime":{"$date":"2019-05-24T12:54:41.487Z"},"endTime":{"$date":"2019-05-24T12:55:35.487Z"},"buildNumber":"21","buildUrl":"http://ec2-34-212-9-250.us-west-2.compute.amazonaws.com:8080/job/qi-windows-linux-packager/21/","result":"SUCCESS","duration":"54316"},{"timeStamp":{"$date":"2019-05-24T12:48:09.771Z"},"startTime":{"$date":"2019-05-24T12:48:09.771Z"},"endTime":{"$date":"2019-05-24T12:52:35.771Z"},"buildNumber":"20","buildUrl":"http://ec2-34-212-9-250.us-west-2.compute.amazonaws.com:8080/job/qi-windows-linux-packager/20/","result":"FAILURE","duration":"266513"},{"timeStamp":{"$date":"2019-05-24T11:45:38.072Z"},"startTime":{"$date":"2019-05-24T11:45:38.072Z"},"endTime":{"$date":"2019-05-24T11:46:25.072Z"},"buildNumber":"19","buildUrl":"http://ec2-34-212-9-250.us-west-2.compute.amazonaws.com:8080/job/qi-windows-linux-packager/19/","result":"SUCCESS","duration":"47192"},{"timeStamp":{"$date":"2019-05-24T06:09:44.387Z"},"startTime":{"$date":"2019-05-24T06:09:44.387Z"},"endTime":{"$date":"2019-05-24T06:10:26.387Z"},"buildNumber":"18","buildUrl":"http://ec2-34-212-9-250.us-west-2.compute.amazonaws.com:8080/job/qi-windows-linux-packager/18/","result":"SUCCESS","duration":"42474"},{"timeStamp":{"$date":"2019-05-24T05:06:29.917Z"},"startTime":{"$date":"2019-05-24T05:06:29.917Z"},"endTime":{"$date":"2019-05-24T06:02:44.917Z"},"buildNumber":"17","buildUrl":"http://ec2-34-212-9-250.us-west-2.compute.amazonaws.com:8080/job/qi-windows-linux-packager/17/","result":"SUCCESS","duration":"3375112"},{"timeStamp":{"$date":"2019-05-14T11:29:49.981Z"},"startTime":{"$date":"2019-05-14T11:29:49.981Z"},"endTime":{"$date":"2019-05-14T11:30:28.981Z"},"buildNumber":"16","buildUrl":"http://ec2-34-212-9-250.us-west-2.compute.amazonaws.com:8080/job/qi-windows-linux-packager/16/","result":"SUCCESS","duration":"39848"},{"timeStamp":{"$date":"2019-05-10T13:50:08.198Z"},"startTime":{"$date":"2019-05-10T13:50:08.198Z"},"endTime":{"$date":"2019-05-10T13:50:49.198Z"},"buildNumber":"15","buildUrl":"http://ec2-34-212-9-250.us-west-2.compute.amazonaws.com:8080/job/qi-windows-linux-packager/15/","result":"SUCCESS","duration":"41260"},{"timeStamp":{"$date":"2019-05-09T12:11:44.953Z"},"startTime":{"$date":"2019-05-09T12:11:44.953Z"},"endTime":{"$date":"2019-05-09T12:12:21.953Z"},"buildNumber":"14","buildUrl":"http://ec2-34-212-9-250.us-west-2.compute.amazonaws.com:8080/job/qi-windows-linux-packager/14/","result":"SUCCESS","duration":"37490"},{"timeStamp":{"$date":"2019-05-09T12:10:40.211Z"},"startTime":{"$date":"2019-05-09T12:10:40.211Z"},"endTime":{"$date":"2019-05-09T12:11:19.211Z"},"buildNumber":"13","buildUrl":"http://ec2-34-212-9-250.us-west-2.compute.amazonaws.com:8080/job/qi-windows-linux-packager/13/","result":"SUCCESS","duration":"39204"},{"timeStamp":{"$date":"2019-05-09T12:09:54.659Z"},"startTime":{"$date":"2019-05-09T12:09:54.659Z"},"endTime":{"$date":"2019-05-09T12:10:00.659Z"},"buildNumber":"12","buildUrl":"http://ec2-34-212-9-250.us-west-2.compute.amazonaws.com:8080/job/qi-windows-linux-packager/12/","result":"FAILURE","duration":"6041"},{"timeStamp":{"$date":"2019-05-09T12:09:09.370Z"},"startTime":{"$date":"2019-05-09T12:09:09.370Z"},"endTime":{"$date":"2019-05-09T12:09:16.370Z"},"buildNumber":"11","buildUrl":"http://ec2-34-212-9-250.us-west-2.compute.amazonaws.com:8080/job/qi-windows-linux-packager/11/","result":"FAILURE","duration":"7434"},{"timeStamp":{"$date":"2019-05-09T08:51:38.651Z"},"startTime":{"$date":"2019-05-09T08:51:38.651Z"},"endTime":{"$date":"2019-05-09T09:48:03.651Z"},"buildNumber":"10","buildUrl":"http://ec2-34-212-9-250.us-west-2.compute.amazonaws.com:8080/job/qi-windows-linux-packager/10/","result":"SUCCESS","duration":"3385916"},{"timeStamp":{"$date":"2019-05-09T08:50:10.660Z"},"startTime":{"$date":"2019-05-09T08:50:10.660Z"},"endTime":{"$date":"2019-05-09T08:50:15.660Z"},"buildNumber":"9","buildUrl":"http://ec2-34-212-9-250.us-west-2.compute.amazonaws.com:8080/job/qi-windows-linux-packager/9/","result":"SUCCESS","duration":"5245"},{"timeStamp":{"$date":"2019-05-09T08:49:59.885Z"},"startTime":{"$date":"2019-05-09T08:49:59.885Z"},"endTime":{"$date":"2019-05-09T08:50:04.885Z"},"buildNumber":"8","buildUrl":"http://ec2-34-212-9-250.us-west-2.compute.amazonaws.com:8080/job/qi-windows-linux-packager/8/","result":"SUCCESS","duration":"5223"},{"timeStamp":{"$date":"2019-05-09T08:49:13.249Z"},"startTime":{"$date":"2019-05-09T08:49:13.249Z"},"endTime":{"$date":"2019-05-09T08:49:18.249Z"},"buildNumber":"7","buildUrl":"http://ec2-34-212-9-250.us-west-2.compute.amazonaws.com:8080/job/qi-windows-linux-packager/7/","result":"FAILURE","duration":"5335"},{"timeStamp":{"$date":"2019-05-09T08:48:24.874Z"},"startTime":{"$date":"2019-05-09T08:48:24.874Z"},"endTime":{"$date":"2019-05-09T08:48:33.874Z"},"buildNumber":"6","buildUrl":"http://ec2-34-212-9-250.us-west-2.compute.amazonaws.com:8080/job/qi-windows-linux-packager/6/","result":"FAILURE","duration":"9939"},{"timeStamp":{"$date":"2019-05-09T08:46:47.199Z"},"startTime":{"$date":"2019-05-09T08:46:47.199Z"},"endTime":{"$date":"2019-05-09T08:46:53.199Z"},"buildNumber":"5","buildUrl":"http://ec2-34-212-9-250.us-west-2.compute.amazonaws.com:8080/job/qi-windows-linux-packager/5/","result":"FAILURE","duration":"6047"},{"timeStamp":{"$date":"2019-05-09T06:34:54.452Z"},"startTime":{"$date":"2019-05-09T06:34:54.452Z"},"endTime":{"$date":"2019-05-09T07:31:05.452Z"},"buildNumber":"4","buildUrl":"http://ec2-34-212-9-250.us-west-2.compute.amazonaws.com:8080/job/qi-windows-linux-packager/4/","result":"FAILURE","duration":"3371817"},{"timeStamp":{"$date":"2019-05-09T06:33:41.995Z"},"startTime":{"$date":"2019-05-09T06:33:41.995Z"},"endTime":{"$date":"2019-05-09T06:33:41.995Z"},"buildNumber":"3","buildUrl":"http://ec2-34-212-9-250.us-west-2.compute.amazonaws.com:8080/job/qi-windows-linux-packager/3/","result":"FAILURE","duration":"18"},{"timeStamp":{"$date":"2019-05-09T06:28:55.004Z"},"startTime":{"$date":"2019-05-09T06:28:55.004Z"},"endTime":{"$date":"2019-05-09T06:28:55.004Z"},"buildNumber":"2","buildUrl":"http://ec2-34-212-9-250.us-west-2.compute.amazonaws.com:8080/job/qi-windows-linux-packager/2/","result":"SUCCESS","duration":"495"},{"timeStamp":{"$date":"2019-05-09T06:26:43.259Z"},"startTime":{"$date":"2019-05-09T06:26:43.259Z"},"endTime":{"$date":"2019-05-09T06:26:43.259Z"},"buildNumber":"1","buildUrl":"http://ec2-34-212-9-250.us-west-2.compute.amazonaws.com:8080/job/qi-windows-linux-packager/1/","result":"FAILURE","duration":"8"}],"joburl":"http://ec2-34-212-9-250.us-west-2.compute.amazonaws.com:8080/job/qi-windows-linux-packager/"}
{"_id":{"$oid":"5d89b10ae896c8d311eb31db"},"_class":"org.json.simple.JSONObject","jobName":"main \u003e qi_platform_fortify","builds":[{"timeStamp":{"$date":"2019-12-23T06:14:00.962Z"},"startTime":{"$date":"2019-03-31T06:14:00.962Z"},"endTime":{"$date":"2019-03-31T06:14:00.962Z"},"buildNumber":"148","buildUrl":"http://ec2-34-212-9-250.us-west-2.compute.amazonaws.com:8080/job/qi_platform_fortify/148/","result":"FAILURE","duration":"318"},{"timeStamp":{"$date":"2019-12-23T06:08:51.302Z"},"startTime":{"$date":"2019-03-30T06:08:51.302Z"},"endTime":{"$date":"2019-03-30T06:08:51.302Z"},"buildNumber":"147","buildUrl":"http://ec2-34-212-9-250.us-west-2.compute.amazonaws.com:8080/job/qi_platform_fortify/147/","result":"FAILURE","duration":"892"},{"timeStamp":{"$date":"2019-12-23T06:02:25.923Z"},"startTime":{"$date":"2020-03-29T06:02:25.923Z"},"endTime":{"$date":"2020-03-29T06:02:42.923Z"},"buildNumber":"146","buildUrl":"http://ec2-34-212-9-250.us-west-2.compute.amazonaws.com:8080/job/qi_platform_fortify/146/","result":"FAILURE","duration":"17772"},{"timeStamp":{"$date":"2019-11-19T06:14:00.957Z"},"startTime":{"$date":"2020-03-28T06:14:00.957Z"},"endTime":{"$date":"2020-03-28T06:36:04.957Z"},"buildNumber":"137","buildUrl":"http://ec2-34-212-9-250.us-west-2.compute.amazonaws.com:8080/job/qi_platform_fortify/137/","result":"SUCCESS","duration":"1324069"}],"joburl":"http://ec2-34-212-9-250.us-west-2.compute.amazonaws.com:8080/job/qi_platform_fortify/"}
