{"_id":{"$oid":"5e832dedeed371fbb9e986f9"},"_class":"com.cts.metricsportal.vo.IdashboardSession","userId":"admin","sessionId":"T6LUTLF8D4HAJ5LG","timestamp":{"$numberLong":"1590149788566"}}
{"_id":{"$oid":"5e9b0deaeed3f1134d79313b"},"_class":"com.cts.metricsportal.vo.IdashboardSession","userId":"Demouser","sessionId":"MXUDSNVK90D1N767","timestamp":{"$numberLong":"-1"}}
{"_id":{"$oid":"5eb265f1c4c9c4ca8c269a20"},"_class":"com.cts.metricsportal.vo.IdashboardSession","userId":"701727","sessionId":"9T0YVMBPCBKILUVL","timestamp":{"$numberLong":"-1"}}
{"_id":{"$oid":"5eb3adaec4c9c4ca8c269a24"},"_class":"com.cts.metricsportal.vo.IdashboardSession","userId":"111111","sessionId":"PP6KCAQ161Z33ACG","timestamp":{"$numberLong":"-1"}}
