{"_id":{"$oid":"5cf4c612c6e856403c164d85"},"prjKey":"IDDEV","prjName":"iDashboard-Development","prjId":"10101","levelId":10101,"issueID":10243,"issueKey":"IDDEV-139","issueType":"Epic","issueStatus":"To Do","issueStatusCategory":"To Do","storyPoints":5.0,"issueSprint":"","issueSprintStartDate":null,"issueSprintEndDate":null,"issueCreated":{"$date":"2018-12-18T11:13:45.000Z"},"issueUpdated":{"$date":"2018-12-18T11:13:45.000Z"},"issueResolved":null,"issuePriority":"Medium","issueVersion":[],"issueEpic":"without Epics"}
{"_id":{"$oid":"5cf4c612c6e856403c164d86"},"prjKey":"IDDEV","prjName":"iDashboard-Development","prjId":"10101","levelId":10101,"issueID":10242,"issueKey":"IDDEV-138","issueType":"Epic","issueStatus":"To Do","issueStatusCategory":"To Do","storyPoints":5.0,"issueSprint":"","issueSprintStartDate":null,"issueSprintEndDate":null,"issueCreated":{"$date":"2018-12-18T11:13:26.000Z"},"issueUpdated":{"$date":"2018-12-18T11:13:26.000Z"},"issueResolved":null,"issuePriority":"Medium","issueVersion":[],"issueEpic":"without Epics"}
{"_id":{"$oid":"5cf4c612c6e856403c164d87"},"prjKey":"IDDEV","prjName":"iDashboard-Development","prjId":"10101","levelId":10101,"issueID":10241,"issueKey":"IDDEV-137","issueType":"Epic","issueStatus":"To Do","issueStatusCategory":"To Do","storyPoints":5.0,"issueSprint":"","issueSprintStartDate":null,"issueSprintEndDate":null,"issueCreated":{"$date":"2018-12-18T11:12:44.000Z"},"issueUpdated":{"$date":"2018-12-18T11:12:44.000Z"},"issueResolved":null,"issuePriority":"Medium","issueVersion":[],"issueEpic":"without Epics"}
{"_id":{"$oid":"5cf4c612c6e856403c164d9a"},"prjKey":"IDDEV","prjName":"iDashboard-Development","prjId":"10101","levelId":10101,"issueID":10220,"issueKey":"IDDEV-116","issueType":"Epic","issueStatus":"To Do","issueStatusCategory":"To Do","storyPoints":13.0,"issueSprint":"","issueSprintStartDate":null,"issueSprintEndDate":null,"issueCreated":{"$date":"2018-11-12T19:54:27.000Z"},"issueUpdated":{"$date":"2018-11-12T19:59:39.000Z"},"issueResolved":null,"issuePriority":"High","issueVersion":[],"issueEpic":"without Epics"}
{"_id":{"$oid":"5cf4d385c6e8563798ca205b"},"prjKey":"IDDEV","prjName":"iDashboard-Development","prjId":"10101","levelId":10101,"issueID":10387,"issueKey":"IDDEV-283","issueType":"Epic","issueStatus":"To Do","issueStatusCategory":"To Do","storyPoints":5.0,"issueSprint":"","issueSprintStartDate":null,"issueSprintEndDate":null,"issueCreated":{"$date":"2019-02-14T09:13:51.000Z"},"issueUpdated":{"$date":"2019-02-14T09:13:51.000Z"},"issueResolved":null,"issuePriority":"Medium","issueVersion":[],"issueEpic":"without Epics"}
{"_id":{"$oid":"5cf4d385c6e8563798ca208b"},"prjKey":"IDDEV","prjName":"iDashboard-Development","prjId":"10101","levelId":10101,"issueID":10337,"issueKey":"IDDEV-233","issueType":"Epic","issueStatus":"To Do","issueStatusCategory":"To Do","storyPoints":5.0,"issueSprint":"IDDEV Sprint 11","issueSprintStartDate":{"$date":"2019-02-04T11:46:46.503Z"},"issueSprintEndDate":{"$date":"2019-02-18T11:46:00.000Z"},"issueCreated":{"$date":"2019-01-31T08:55:40.000Z"},"issueUpdated":{"$date":"2019-01-31T08:57:38.000Z"},"issueResolved":null,"issuePriority":"Medium","issueVersion":[],"issueEpic":"without Epics"}
{"_id":{"$oid":"5cf4d385c6e8567184f8b213"},"prjKey":"IDDEV","prjName":"iDashboard-Development","prjId":"10101","levelId":10101,"issueID":10523,"issueKey":"IDDEV-419","issueType":"Epic","issueStatus":"To Do","issueStatusCategory":"To Do","storyPoints":5.0,"issueSprint":"","issueSprintStartDate":null,"issueSprintEndDate":null,"issueCreated":{"$date":"2019-03-19T09:37:31.000Z"},"issueUpdated":{"$date":"2019-03-19T10:35:13.000Z"},"issueResolved":null,"issuePriority":"Medium","issueVersion":[],"issueEpic":"without Epics"}
{"_id":{"$oid":"5cf4d385c6e8567184f8b22b"},"prjKey":"IDDEV","prjName":"iDashboard-Development","prjId":"10101","levelId":10101,"issueID":10499,"issueKey":"IDDEV-395","issueType":"Epic","issueStatus":"To Do","issueStatusCategory":"To Do","storyPoints":5.0,"issueSprint":"","issueSprintStartDate":null,"issueSprintEndDate":null,"issueCreated":{"$date":"2019-03-15T06:06:35.000Z"},"issueUpdated":{"$date":"2019-03-15T06:58:01.000Z"},"issueResolved":null,"issuePriority":"Highest","issueVersion":[],"issueEpic":"without Epics"}
{"_id":{"$oid":"5cf4d385c6e8567184f8b22c"},"prjKey":"IDDEV","prjName":"iDashboard-Development","prjId":"10101","levelId":10101,"issueID":10498,"issueKey":"IDDEV-394","issueType":"Epic","issueStatus":"To Do","issueStatusCategory":"To Do","storyPoints":5.0,"issueSprint":"","issueSprintStartDate":null,"issueSprintEndDate":null,"issueCreated":{"$date":"2019-03-15T06:02:49.000Z"},"issueUpdated":{"$date":"2019-03-19T09:28:46.000Z"},"issueResolved":null,"issuePriority":"Medium","issueVersion":[],"issueEpic":"without Epics"}
{"_id":{"$oid":"5cf4d385c6e8567184f8b22d"},"prjKey":"IDDEV","prjName":"iDashboard-Development","prjId":"10101","levelId":10101,"issueID":10497,"issueKey":"IDDEV-393","issueType":"Epic","issueStatus":"To Do","issueStatusCategory":"To Do","storyPoints":5.0,"issueSprint":"","issueSprintStartDate":null,"issueSprintEndDate":null,"issueCreated":{"$date":"2019-03-15T05:56:34.000Z"},"issueUpdated":{"$date":"2019-03-19T09:38:58.000Z"},"issueResolved":null,"issuePriority":"Highest","issueVersion":[],"issueEpic":"without Epics"}
{"_id":{"$oid":"5cfbbe7ec6e8561fc8f35b37"},"prjKey":"IDDEV","prjName":"iDashboard-Development","prjId":"10101","levelId":10101,"issueID":10141,"issueKey":"IDDEV-37","issueType":"Epic","issueStatus":"To Do","issueStatusCategory":"To Do","storyPoints":5.0,"issueSprint":"","issueSprintStartDate":null,"issueSprintEndDate":null,"issueCreated":{"$date":"2018-07-24T16:29:24.000Z"},"issueUpdated":{"$date":"2019-06-05T08:06:10.000Z"},"issueResolved":null,"issuePriority":"Medium","issueVersion":[],"issueEpic":"without Epics"}
