{"_id":{"$oid":"5aec52fa1d5f4206a521a3e2"},"_class":"com.cts.metricsportal.vo.ProductDashboardVO","relName":"Rel_1","products":["demo"],"owner":"298834","fromDates":{"$date":"2019-03-20T22:35:25.000Z"},"toDates":{"$date":"2019-03-20T22:35:25.000Z"},"ispublic":false}
{"_id":{"$oid":"5cfdf4a6742693e3ec6f329a"},"_class":"com.cts.metricsportal.vo.KpiDashboardVO","relName":"New Devops KPI","products":["LifecycleDashboard"],"owner":"101861","createdDate":{"$date":"2019-06-10T06:11:00.000Z"},"fromDates":{"$date":"2017-06-12T18:30:00.000Z"},"toDates":{"$date":"2019-06-09T18:30:00.000Z"},"ispublic":false,"selectedMetric":[{"metricName":"Execution Count"},{"metricName":"Defects Count"},{"metricName":"Deployed Environments"},{"metricName":"Deployment Status"},{"metricName":"Automated Test Pass %"},{"metricName":"Incident Resolved with SLA"},{"metricName":"Deployment Size"},{"metricName":"Deployment Volume"},{"metricName":"Deployment Failure"},{"metricName":"Successful Deployment Speed"}]}
{"_id":{"$oid":"5cfdfefa742693e3ec6f329b"},"_class":"com.cts.metricsportal.vo.KpiDashboardVO","relName":"DevOps for Lifecycle","products":["LifecycleDashboard"],"owner":"101861","createdDate":{"$date":"2019-06-10T06:55:00.000Z"},"fromDates":{"$date":"2019-02-28T18:30:00.000Z"},"toDates":{"$date":"2019-06-09T18:30:00.000Z"},"ispublic":true,"selectedMetric":[{"metricName":"Total User Story Count"},{"metricName":"Sprint Count"},{"metricName":"Total Contributor Count"},{"metricName":"Lines of Code"},{"metricName":"Total Commit Count"},{"metricName":"Execution Count"},{"metricName":"Defects Count"},{"metricName":"Deployed Environments"},{"metricName":"Deployment Status"},{"metricName":"Automated Test Pass %"},{"metricName":"Incident Resolved with SLA"},{"metricName":"Deployment Size"},{"metricName":"Deployment Volume"},{"metricName":"Deployment Failure"},{"metricName":"Successful Deployment Speed"}]}
{"_id":{"$oid":"5cff1ec5742693e3ec6f329c"},"_class":"com.cts.metricsportal.vo.KpiDashboardVO","relName":"MyDevOps","products":["Taxi4U"],"owner":"116559","createdDate":{"$date":"2019-06-11T03:23:00.000Z"},"fromDates":{"$date":"2019-02-28T18:30:00.000Z"},"toDates":{"$date":"2019-06-10T18:30:00.000Z"},"ispublic":true,"selectedMetric":[{"metricName":"Total User Story Count"},{"metricName":"Sprint Count"},{"metricName":"Total Contributor Count"},{"metricName":"Lines of Code"},{"metricName":"Total Commit Count"},{"metricName":"Execution Count"},{"metricName":"Defects Count"},{"metricName":"Deployed Environments"},{"metricName":"Deployment Status"},{"metricName":"Automated Test Pass %"},{"metricName":"Incident Resolved with SLA"},{"metricName":"Deployment Size"},{"metricName":"Deployment Volume"},{"metricName":"Deployment Failure"},{"metricName":"Successful Deployment Speed"}]}
{"_id":{"$oid":"5d121008742693e3ec6f32a4"},"_class":"com.cts.metricsportal.vo.KpiDashboardVO","relName":"Taxi4U_Devops","products":["Taxi4U"],"owner":"603641","createdDate":{"$date":"2019-06-25T12:14:00.000Z"},"fromDates":{"$date":"2019-04-30T18:30:00.000Z"},"toDates":{"$date":"2019-06-29T18:30:00.000Z"},"ispublic":false,"selectedMetric":[{"metricName":"Total User Story Count"},{"metricName":"Sprint Count"},{"metricName":"Total Contributor Count"},{"metricName":"Lines of Code"},{"metricName":"Total Commit Count"},{"metricName":"Execution Count"},{"metricName":"Defects Count"},{"metricName":"Deployed Environments"},{"metricName":"Deployment Status"},{"metricName":"Automated Test Pass %"},{"metricName":"Incident Resolved with SLA"},{"metricName":"Deployment Size"},{"metricName":"Deployment Volume"},{"metricName":"Deployment Failure"},{"metricName":"Successful Deployment Speed"}]}
{"_id":{"$oid":"5d123e0e74260916438fe954"},"_class":"com.cts.metricsportal.vo.KpiDashboardVO","relName":"KPIDevops","products":["LFDashboard"],"owner":"468110","createdDate":{"$date":"2019-06-25T15:30:00.000Z"},"fromDates":{"$date":"2019-04-30T18:30:00.000Z"},"toDates":{"$date":"2019-06-29T18:30:00.000Z"},"ispublic":false,"selectedMetric":[{"metricName":"Total User Story Count"},{"metricName":"Sprint Count"},{"metricName":"Total Contributor Count"},{"metricName":"Lines of Code"},{"metricName":"Total Commit Count"},{"metricName":"Execution Count"},{"metricName":"Defects Count"},{"metricName":"Deployed Environments"},{"metricName":"Deployment Status"},{"metricName":"Automated Test Pass %"},{"metricName":"Incident Resolved with SLA"},{"metricName":"Deployment Size"},{"metricName":"Deployment Volume"},{"metricName":"Deployment Failure"},{"metricName":"Successful Deployment Speed"}]}
{"_id":{"$oid":"5df9ab3c7426bdaa91a6b638"},"_class":"com.cts.metricsportal.vo.KpiDashboardVO","relName":"Customer Care - DevOps Level","products":["Customer Care"],"owner":"138497","createdDate":{"$date":"2019-12-18T04:29:00.000Z"},"fromDates":{"$date":"2014-01-01T05:00:00.000Z"},"toDates":{"$date":"2020-09-26T04:00:00.000Z"},"ispublic":false,"selectedMetric":[{"metricName":"Total Contributor Count"},{"metricName":"Lines of Code"},{"metricName":"Total User Story Count"},{"metricName":"Sprint Count"},{"metricName":"Total Commit Count"},{"metricName":"Execution Count"},{"metricName":"Defects Count"},{"metricName":"Deployed Environments"},{"metricName":"Deployment Status"},{"metricName":"Automated Test Pass %"},{"metricName":"Incident Resolved with SLA"},{"metricName":"Deployment Size"},{"metricName":"Deployment Volume"},{"metricName":"Deployment Failure"},{"metricName":"Successful Deployment Speed"}]}
{"_id":{"$oid":"5df9da887426bdaa91a6b63c"},"_class":"com.cts.metricsportal.vo.KpiDashboardVO","relName":"Customer Care - KPI","products":["Customer Care"],"owner":"Demouser","createdDate":{"$date":"2019-12-18T07:51:00.000Z"},"fromDates":{"$date":"2014-12-04T05:00:00.000Z"},"toDates":{"$date":"2019-12-18T05:00:00.000Z"},"ispublic":false,"selectedMetric":[{"metricName":"Total User Story Count"},{"metricName":"Sprint Count"},{"metricName":"Total Contributor Count"},{"metricName":"Lines of Code"},{"metricName":"Total Commit Count"},{"metricName":"Execution Count"},{"metricName":"Defects Count"},{"metricName":"Deployed Environments"},{"metricName":"Deployment Status"},{"metricName":"Automated Test Pass %"},{"metricName":"Incident Resolved with SLA"},{"metricName":"Deployment Size"},{"metricName":"Deployment Volume"},{"metricName":"Deployment Failure"},{"metricName":"Successful Deployment Speed"}]}
{"_id":{"$oid":"5e295517b9c8bd89355ff806"},"_class":"com.cts.metricsportal.vo.KpiDashboardVO","relName":"Demo KPI Dashboard","products":["DemoDashboard"],"owner":"155113","createdDate":{"$date":"2020-01-23T08:11:00.000Z"},"fromDates":{"$date":"2019-12-01T05:00:00.000Z"},"toDates":{"$date":"2020-01-23T05:00:00.000Z"},"ispublic":false,"selectedMetric":[{"metricName":"Total User Story Count"},{"metricName":"Sprint Count"},{"metricName":"Total Contributor Count"},{"metricName":"Lines of Code"},{"metricName":"Total Commit Count"},{"metricName":"Execution Count"},{"metricName":"Defects Count"},{"metricName":"Deployed Environments"},{"metricName":"Deployment Status"},{"metricName":"Automated Test Pass %"},{"metricName":"Incident Resolved with SLA"},{"metricName":"Deployment Size"},{"metricName":"Deployment Volume"},{"metricName":"Deployment Failure"},{"metricName":"Successful Deployment Speed"}]}
{"_id":{"$oid":"5e2962db58877b8a486eb025"},"_class":"com.cts.metricsportal.vo.KpiDashboardVO","relName":"Demo KPI Dashboard","products":["DemoDashboard"],"owner":"112748","createdDate":{"$date":"2020-01-23T08:11:00.000Z"},"fromDates":{"$date":"2019-12-01T05:00:00.000Z"},"toDates":{"$date":"2020-01-23T05:00:00.000Z"},"ispublic":false,"selectedMetric":[{"metricName":"Total User Story Count"},{"metricName":"Sprint Count"},{"metricName":"Total Contributor Count"},{"metricName":"Lines of Code"},{"metricName":"Total Commit Count"},{"metricName":"Execution Count"},{"metricName":"Defects Count"},{"metricName":"Deployed Environments"},{"metricName":"Deployment Status"},{"metricName":"Automated Test Pass %"},{"metricName":"Incident Resolved with SLA"},{"metricName":"Deployment Size"},{"metricName":"Deployment Volume"},{"metricName":"Deployment Failure"},{"metricName":"Successful Deployment Speed"}]}
{"_id":{"$oid":"5e2962db58877b8a486eb026"},"_class":"com.cts.metricsportal.vo.KpiDashboardVO","relName":"Demo KPI Dashboard","products":["DemoDashboard"],"owner":"541963","createdDate":{"$date":"2020-01-23T08:11:00.000Z"},"fromDates":{"$date":"2019-12-01T05:00:00.000Z"},"toDates":{"$date":"2020-01-23T05:00:00.000Z"},"ispublic":false,"selectedMetric":[{"metricName":"Total User Story Count"},{"metricName":"Sprint Count"},{"metricName":"Total Contributor Count"},{"metricName":"Lines of Code"},{"metricName":"Total Commit Count"},{"metricName":"Execution Count"},{"metricName":"Defects Count"},{"metricName":"Deployed Environments"},{"metricName":"Deployment Status"},{"metricName":"Automated Test Pass %"},{"metricName":"Incident Resolved with SLA"},{"metricName":"Deployment Size"},{"metricName":"Deployment Volume"},{"metricName":"Deployment Failure"},{"metricName":"Successful Deployment Speed"}]}
{"_id":{"$oid":"5e2962db58877b8a486eb027"},"_class":"com.cts.metricsportal.vo.KpiDashboardVO","relName":"Demo KPI Dashboard","products":["DemoDashboard"],"owner":"213207","createdDate":{"$date":"2020-01-23T08:11:00.000Z"},"fromDates":{"$date":"2019-12-01T05:00:00.000Z"},"toDates":{"$date":"2020-01-23T05:00:00.000Z"},"ispublic":false,"selectedMetric":[{"metricName":"Total User Story Count"},{"metricName":"Sprint Count"},{"metricName":"Total Contributor Count"},{"metricName":"Lines of Code"},{"metricName":"Total Commit Count"},{"metricName":"Execution Count"},{"metricName":"Defects Count"},{"metricName":"Deployed Environments"},{"metricName":"Deployment Status"},{"metricName":"Automated Test Pass %"},{"metricName":"Incident Resolved with SLA"},{"metricName":"Deployment Size"},{"metricName":"Deployment Volume"},{"metricName":"Deployment Failure"},{"metricName":"Successful Deployment Speed"}]}
{"_id":{"$oid":"5e2962db58877b8a486eb028"},"_class":"com.cts.metricsportal.vo.KpiDashboardVO","relName":"Demo KPI Dashboard","products":["DemoDashboard"],"owner":"752058","createdDate":{"$date":"2020-01-23T08:11:00.000Z"},"fromDates":{"$date":"2019-12-01T05:00:00.000Z"},"toDates":{"$date":"2020-01-23T05:00:00.000Z"},"ispublic":false,"selectedMetric":[{"metricName":"Total User Story Count"},{"metricName":"Sprint Count"},{"metricName":"Total Contributor Count"},{"metricName":"Lines of Code"},{"metricName":"Total Commit Count"},{"metricName":"Execution Count"},{"metricName":"Defects Count"},{"metricName":"Deployed Environments"},{"metricName":"Deployment Status"},{"metricName":"Automated Test Pass %"},{"metricName":"Incident Resolved with SLA"},{"metricName":"Deployment Size"},{"metricName":"Deployment Volume"},{"metricName":"Deployment Failure"},{"metricName":"Successful Deployment Speed"}]}
{"_id":{"$oid":"5e2962db58877b8a486eb029"},"_class":"com.cts.metricsportal.vo.KpiDashboardVO","relName":"Demo KPI Dashboard","products":["DemoDashboard"],"owner":"148495","createdDate":{"$date":"2020-01-23T08:11:00.000Z"},"fromDates":{"$date":"2019-12-01T05:00:00.000Z"},"toDates":{"$date":"2020-01-23T05:00:00.000Z"},"ispublic":false,"selectedMetric":[{"metricName":"Total User Story Count"},{"metricName":"Sprint Count"},{"metricName":"Total Contributor Count"},{"metricName":"Lines of Code"},{"metricName":"Total Commit Count"},{"metricName":"Execution Count"},{"metricName":"Defects Count"},{"metricName":"Deployed Environments"},{"metricName":"Deployment Status"},{"metricName":"Automated Test Pass %"},{"metricName":"Incident Resolved with SLA"},{"metricName":"Deployment Size"},{"metricName":"Deployment Volume"},{"metricName":"Deployment Failure"},{"metricName":"Successful Deployment Speed"}]}
{"_id":{"$oid":"5e2962db58877b8a486eb02a"},"_class":"com.cts.metricsportal.vo.KpiDashboardVO","relName":"Demo KPI Dashboard","products":["DemoDashboard"],"owner":"466404","createdDate":{"$date":"2020-01-23T08:11:00.000Z"},"fromDates":{"$date":"2019-12-01T05:00:00.000Z"},"toDates":{"$date":"2020-01-23T05:00:00.000Z"},"ispublic":false,"selectedMetric":[{"metricName":"Total User Story Count"},{"metricName":"Sprint Count"},{"metricName":"Total Contributor Count"},{"metricName":"Lines of Code"},{"metricName":"Total Commit Count"},{"metricName":"Execution Count"},{"metricName":"Defects Count"},{"metricName":"Deployed Environments"},{"metricName":"Deployment Status"},{"metricName":"Automated Test Pass %"},{"metricName":"Incident Resolved with SLA"},{"metricName":"Deployment Size"},{"metricName":"Deployment Volume"},{"metricName":"Deployment Failure"},{"metricName":"Successful Deployment Speed"}]}
{"_id":{"$oid":"5e2962db58877b8a486eb02b"},"_class":"com.cts.metricsportal.vo.KpiDashboardVO","relName":"Demo KPI Dashboard","products":["DemoDashboard"],"owner":"120381","createdDate":{"$date":"2020-01-23T08:11:00.000Z"},"fromDates":{"$date":"2019-12-01T05:00:00.000Z"},"toDates":{"$date":"2020-01-23T05:00:00.000Z"},"ispublic":false,"selectedMetric":[{"metricName":"Total User Story Count"},{"metricName":"Sprint Count"},{"metricName":"Total Contributor Count"},{"metricName":"Lines of Code"},{"metricName":"Total Commit Count"},{"metricName":"Execution Count"},{"metricName":"Defects Count"},{"metricName":"Deployed Environments"},{"metricName":"Deployment Status"},{"metricName":"Automated Test Pass %"},{"metricName":"Incident Resolved with SLA"},{"metricName":"Deployment Size"},{"metricName":"Deployment Volume"},{"metricName":"Deployment Failure"},{"metricName":"Successful Deployment Speed"}]}
{"_id":{"$oid":"5e2962db58877b8a486eb02c"},"_class":"com.cts.metricsportal.vo.KpiDashboardVO","relName":"Demo KPI Dashboard","products":["DemoDashboard"],"owner":"148484","createdDate":{"$date":"2020-01-23T08:11:00.000Z"},"fromDates":{"$date":"2019-12-01T05:00:00.000Z"},"toDates":{"$date":"2020-01-23T05:00:00.000Z"},"ispublic":false,"selectedMetric":[{"metricName":"Total User Story Count"},{"metricName":"Sprint Count"},{"metricName":"Total Contributor Count"},{"metricName":"Lines of Code"},{"metricName":"Total Commit Count"},{"metricName":"Execution Count"},{"metricName":"Defects Count"},{"metricName":"Deployed Environments"},{"metricName":"Deployment Status"},{"metricName":"Automated Test Pass %"},{"metricName":"Incident Resolved with SLA"},{"metricName":"Deployment Size"},{"metricName":"Deployment Volume"},{"metricName":"Deployment Failure"},{"metricName":"Successful Deployment Speed"}]}
{"_id":{"$oid":"5e2962db58877b8a486eb02d"},"_class":"com.cts.metricsportal.vo.KpiDashboardVO","relName":"Demo KPI Dashboard","products":["DemoDashboard"],"owner":"248701","createdDate":{"$date":"2020-01-23T08:11:00.000Z"},"fromDates":{"$date":"2019-12-01T05:00:00.000Z"},"toDates":{"$date":"2020-01-23T05:00:00.000Z"},"ispublic":false,"selectedMetric":[{"metricName":"Total User Story Count"},{"metricName":"Sprint Count"},{"metricName":"Total Contributor Count"},{"metricName":"Lines of Code"},{"metricName":"Total Commit Count"},{"metricName":"Execution Count"},{"metricName":"Defects Count"},{"metricName":"Deployed Environments"},{"metricName":"Deployment Status"},{"metricName":"Automated Test Pass %"},{"metricName":"Incident Resolved with SLA"},{"metricName":"Deployment Size"},{"metricName":"Deployment Volume"},{"metricName":"Deployment Failure"},{"metricName":"Successful Deployment Speed"}]}
{"_id":{"$oid":"5e6a1dfa74261f69e6d873ea"},"_class":"com.cts.metricsportal.vo.KpiDashboardVO","relName":"KPIDashboad","products":["LifeCycleDashboard"],"owner":"586907","createdDate":{"$date":"2020-03-12T11:33:00.000Z"},"fromDates":{"$date":"2019-01-01T05:00:00.000Z"},"toDates":{"$date":"2020-01-31T05:00:00.000Z"},"ispublic":false,"selectedMetric":[{"metricName":"Total User Story Count"},{"metricName":"Sprint Count"},{"metricName":"Total Contributor Count"},{"metricName":"Lines of Code"},{"metricName":"Total Commit Count"},{"metricName":"Execution Count"},{"metricName":"Defects Count"},{"metricName":"Deployed Environments"},{"metricName":"Deployment Status"},{"metricName":"Automated Test Pass %"},{"metricName":"Incident Resolved with SLA"},{"metricName":"Deployment Size"},{"metricName":"Deployment Volume"},{"metricName":"Deployment Failure"},{"metricName":"Successful Deployment Speed"}]}
{"_id":{"$oid":"5eaf4384c4c924aff38c0092"},"_class":"com.cts.metricsportal.vo.KpiDashboardVO","relName":"myKpiDashboard","products":["Demo Dashboard","myprivatetestingdash"],"owner":"admin","createdDate":{"$date":"2020-05-03T22:19:00.000Z"},"fromDates":{"$date":"2017-12-01T00:00:00.000Z"},"toDates":{"$date":"2020-10-01T00:00:00.000Z"},"ispublic":false,"selectedMetric":[{"metricName":"Total User Story Count"},{"metricName":"Sprint Count"},{"metricName":"Total Contributor Count"},{"metricName":"Lines of Code"},{"metricName":"Total Commit Count"},{"metricName":"Execution Count"},{"metricName":"Defects Count"},{"metricName":"Deployed Environments"},{"metricName":"Deployment Volume"},{"metricName":"Deployment Failure"}]}
{"_id":{"$oid":"5ebbc331c4c9c4ca8c269a53"},"_class":"com.cts.metricsportal.vo.KpiDashboardVO","relName":"abc","products":[],"owner":"admin","createdDate":{"$date":"2020-05-13T09:51:00.000Z"},"fromDates":{"$date":"2020-02-04T00:00:00.000Z"},"toDates":{"$date":"2020-05-05T00:00:00.000Z"},"ispublic":false,"selectedMetric":[{"metricName":"Execution Count"},{"metricName":"Defects Count"},{"metricName":"Deployed Environments"},{"metricName":"Deployment Status"},{"metricName":"Automated Test Pass %"},{"metricName":"Incident Resolved with SLA"},{"metricName":"Total User Story Count"},{"metricName":"Sprint Count"},{"metricName":"Total Contributor Count"},{"metricName":"Lines of Code"},{"metricName":"Total Commit Count"},{"metricName":"Deployment Size"},{"metricName":"Deployment Volume"},{"metricName":"Deployment Failure"},{"metricName":"Successful Deployment Speed"}]}
