{"_id":{"$oid":"5cc06e5348373e28fe9bdfba"},"metricId":3002,"metricName":"Total User Story Count"}
{"_id":{"$oid":"5cc06e5348373e28fe9bdfbb"},"metricId":3001,"metricName":"Sprint Count"}
{"_id":{"$oid":"5cc06e5348373e28fe9bdfbc"},"metricId":3004,"metricName":"Total Contributor Count"}
{"_id":{"$oid":"5cc06e5348373e28fe9bdfbd"},"metricId":3005,"metricName":"Lines of Code"}
{"_id":{"$oid":"5cc06e5348373e28fe9bdfbe"},"metricId":3003,"metricName":"Total Commit Count"}
{"_id":{"$oid":"5cc06e5348373e28fe9bdfbf"},"metricId":3007,"metricName":"Execution Count"}
{"_id":{"$oid":"5cc06e5348373e28fe9bdfc0"},"metricId":3006,"metricName":"Defects Count"}
{"_id":{"$oid":"5cc06e5348373e28fe9bdfc1"},"metricId":3008,"metricName":"Deployed Environments"}
{"_id":{"$oid":"5cc06e5348373e28fe9bdfc2"},"metricId":3009,"metricName":"Deployment Status"}
{"_id":{"$oid":"5cc06e5348373e28fe9bdfc3"},"metricId":3010,"metricName":"Automated Test Pass %"}
{"_id":{"$oid":"5cc06e5348373e28fe9bdfc4"},"metricId":3011,"metricName":"Incident Resolved with SLA"}
{"_id":{"$oid":"5cc06e5348373e28fe9bdfc5"},"metricId":3012,"metricName":"Deployment Size"}
{"_id":{"$oid":"5cc06e5348373e28fe9bdfc6"},"metricId":3013,"metricName":"Deployment Volume"}
{"_id":{"$oid":"5cc06e5348373e28fe9bdfc7"},"metricId":3014,"metricName":"Deployment Failure"}
{"_id":{"$oid":"5cc06e5348373e28fe9bdfc8"},"metricId":3015,"metricName":"Successful Deployment Speed"}
