{"_id":{"$oid":"596e69d3a2e6f23e28b9fa82"},"levelIdKey":"L1*DEVOPS*L2*Proj_2*L3*9999998","level1":"DEVOPS","level2":"Proj_2","level3":"Default","releaseId":"9999998","SourceTool":"ALM","levelId":1009}
{"_id":{"$oid":"596e69d3a2e6f23e28b9fa98"},"levelIdKey":"L1*DEVOPS*L2*Proj_2*L3*1001","level1":"DEVOPS","level2":"Proj_2","level3":"Rel1.0","releaseId":"1001","SourceTool":"ALM","levelId":1010}
{"_id":{"$oid":"596e69d3a2e6f23e28b9fa9a"},"levelIdKey":"L1*DEVOPS*L2*Proj_2*L3*1002","level1":"DEVOPS","level2":"Proj_2","level3":"Rel2","releaseId":"1002","SourceTool":"ALM","levelId":1011}
{"_id":{"$oid":"596e69d3a2e6f23e28b9fa9c"},"levelIdKey":"L1*DEVOPS*L2*Proj_2*L3*1012","level1":"DEVOPS","level2":"Proj_2","level3":"Rel1.1","releaseId":"1012","SourceTool":"ALM","levelId":1012}
{"_id":{"$oid":"596e69d3a2e6f23e28b9fab5"},"levelIdKey":"L1*DEVOPS*L2*Proj_3*L3*9999999","level1":"DEVOPS","level2":"Proj_3","level3":"DefaultN","releaseId":"9999999","SourceTool":"ALM","levelId":1013}
{"_id":{"$oid":"596e69d3a2e6f23e28b9fad3"},"levelIdKey":"L1*TESTING*L2*Proj_4*L3*9999998","level1":"TESTING","level2":"Proj_4","level3":"Default","releaseId":"9999998","SourceTool":"ALM","levelId":1014}
{"_id":{"$oid":"596e69d3a2e6f23e28b9fae9"},"levelIdKey":"L1*TESTING*L2*Proj_4*L3*1001","level1":"TESTING","level2":"Proj_4","level3":"Rel_1","releaseId":"1001","SourceTool":"ALM","levelId":1015}
{"_id":{"$oid":"596e69d3a2e6f23e28b9faf6"},"levelIdKey":"L1*TESTING*L2*XYZ*L3*9999998","level1":"TESTING","level2":"XYZ","level3":"Default","releaseId":"9999998","SourceTool":"ALM","levelId":1016}
{"_id":{"$oid":"596e69d3a2e6f23e28b9fb0c"},"levelIdKey":"L1*TESTING*L2*XYZ*L3*1001","level1":"TESTING","level2":"XYZ","level3":"Rel_1","releaseId":"1001","SourceTool":"ALM","levelId":1017}
{"_id":{"$oid":"596e69d3a2e6f23e28b9fb0e"},"levelIdKey":"L1*TESTING*L2*XYZ*L3*1002","level1":"TESTING","level2":"XYZ","level3":"Rel_2","releaseId":"1002","SourceTool":"ALM","levelId":1018}
{"_id":{"$oid":"5c8f4eed572c25391aba1b4b"},"levelIdKey":"L1*TESTING*L2*XYZ*L3*1002","level1":"IDDEV","level2":"iDashboard","level3":"IDDEV","releaseId":"1002","SourceTool":"JIRA","levelId":10101}
{"_id":{"$oid":"5e9ed6a0da94ea1a321c78bb"},"levelIdKey":"DEVOPS*Online_Portal*Re1_1.0","level1":"DEVOPS","level2":"Online_Portal","level3":"Rel_1.1","releaseId":"1020","SourceTool":"ALM","levelId":711020}
{"_id":{"$oid":"5e9ed700da94ea1a321c78bc"},"levelIdKey":"DEVOPS*Online_Portal*Re1_1.0","level1":"DEVOPS","level2":"Online_Portal","level3":"Rel_1.0","releaseId":"1017","SourceTool":"ALM","levelId":711017}
{"_id":{"$oid":"5e9ed719da94ea1a321c78bd"},"levelIdKey":"DEVOPS*Online_Portal*Rel_4","level1":"DEVOPS","level2":"Online_Portal","level3":"Rel_4","prjId":"5e63b645-56f4-4399-b011-2f9c6f0ed131","releaseId":"1287","SourceTool":"ALM","levelId":5631287}
{"_id":{"$oid":"5e9ed736da94ea1a321c78be"},"levelIdKey":"DEVOPS*Online_Portal*DesignIT*Rel_3.1","level1":"DEVOPS","level2":"Online_Portal","level3":"Rel_3.1","prjId":"9b496416-2fb6-4b0e-b877-c6b19765006e","releaseId":"1112","SourceTool":"ALM","levelId":9491112}
{"_id":{"$oid":"5e9ed74bda94ea1a321c78bf"},"levelIdKey":"DEVOPS*RPS*Rel3.1","level1":"DEVOPS","level2":"Online_Portal","level3":"Rel_5","prjId":"5ebb014d-4d49-407a-9855-741952ea8446","releaseId":"2072","SourceTool":"ALM","levelId":5012072}
{"_id":{"$oid":"5e9ed763da94ea1a321c78c0"},"levelIdKey":"DEVOPS*Online_Portal*Rel_3.1","level1":"DEVOPS","level2":"Online_Portal","level3":"Rel_5","prjId":"5ebb014d-4d49-407a-9855-741952ea8446","releaseId":"2094","SourceTool":"ALM","levelId":5012094}
{"_id":{"$oid":"5e9ed77ada94ea1a321c78c1"},"levelIdKey":"DEVOPS*Online_Portal*Rel_5.1","level1":"DEVOPS","level2":"Online_Portal","level3":"Rel_5.1","prjId":"8b35bc25-88f0-4b3a-990e-8bd6881773c3","releaseId":"2103","SourceTool":"ALM","levelId":8352103}
{"_id":{"$oid":"5e9ed78dda94ea1a321c78c2"},"levelIdKey":"DEVOPS*Online_Portal*Rel_3.1","level1":"DEVOPS","level2":"Online_Portal","level3":"Rel_3.1","prjId":"9b496416-2fb6-4b0e-b877-c6b19765006e","releaseId":"1111","SourceTool":"ALM","levelId":9491111}
