{"_id":{"$oid":"59f7041540536d039fe717cd"},"_class":"com.cts.metricsportal.vo.LCDashboardVO","dashboardName":"Taxi4U","description":"Taxi4u project","owner":"105490","component":{"buildJobName":"Taxi4U-Java","codeAnalysisProjectName":"Demo - Java - Taxi4U Ver_1_0_2","gitName":"cognizantgithub","gitType":"users","gitRepo":"Taxi4U","domainName":"TESTING","projectName":"Proj_4","releaseName":"Default","rallyProject":"Sample Project","cookbookName":"Sample"},"ispublic":false}
{"_id":{"$oid":"5a1c091d4053fadf6cd5abbc"},"_class":"com.cts.metricsportal.vo.LCDashboardVO","dashboardName":"Taxi4U","description":"Taxi4U","owner":"qwerty","component":{"buildJobName":"Taxi4U-Java","codeAnalysisProjectName":"Demo - Java - Taxi4U Ver_1_0_2","gitName":"Microsoft","gitType":"Users","gitRepo":"AdaptiveCards","domainName":"TESTING","projectName":"Proj_4","releaseName":"Default","rallyProject":"Taxi4U","cookbookName":"Taxi4U"},"ispublic":false}
{"_id":{"$oid":"5a369abe4053d2c1178c1e43"},"_class":"com.cts.metricsportal.vo.LCDashboardVO","dashboardName":"Taxi4U","description":"Taxi4U","owner":"116559","component":{"buildJobName":"Taxi4U-Java","codeAnalysisProjectName":"Demo - Java - Taxi4U Ver_1_0_2","gitName":"Microsoft","gitType":"Users","gitRepo":"AdaptiveCards","domainName":"DEVOPS","projectName":"Online_Portal","releaseName":"Default","rallyProject":"Taxi4U","cookbookName":"Taxi4U"},"ispublic":false}
{"_id":{"$oid":"5a5349437426b5a63146ec85"},"_class":"com.cts.metricsportal.vo.LCDashboardVO","dashboardName":"Taxi4U","description":"Taxi4U","owner":"478479","component":{"buildJobName":"Taxi4U-Java","codeAnalysisProjectName":"Demo - Java - Taxi4U Ver_1_0_2","gitName":"Microsoft","gitType":"Users","gitRepo":"AirSim","domainName":"TESTING","projectName":"Proj_4","releaseName":"Default","rallyProject":"Taxi4U","cookbookName":"Sample"},"ispublic":false}
{"_id":{"$oid":"5a53729b7426b5a63146ec8b"},"_class":"com.cts.metricsportal.vo.LCDashboardVO","dashboardName":"Taxi4U","description":"Taxi4U","owner":"603641","component":{"buildJobName":"main \u003e qi-python-bots-fortify","codeAnalysisProjectName":"qi-dashboard","gitName":"DigitalAssuranceCOE","gitType":"Groups","gitRepo":"qi-platform","domainName":"TESTING","projectName":"Proj_4","releaseName":"Default","rallyProject":"Taxi4U","jiraProject":"iDashboard-Development","cookbookName":"Taxi4U"},"ispublic":false,"createdDate":{"$date":"2019-06-25T12:16:00.000Z"}}
{"_id":{"$oid":"5a60cd5174262a2233d5c531"},"_class":"com.cts.metricsportal.vo.LCDashboardVO","dashboardName":"Customer Care","description":"Customer Care - Product Level","owner":"138497","component":{"buildJobName":"main \u003e aila-fortify-scan","codeAnalysisProjectName":"IDASHBOARD","gitName":"facebook","gitType":"Users","gitRepo":"C3D","domainName":"TESTING","projectName":"Proj_4","releaseName":"Default","rallyProject":"Taxi4U","jiraProject":"iDashboard-Development","cookbookName":"Taxi4U"},"ispublic":false,"createdDate":{"$date":"2019-12-18T05:40:00.000Z"}}
{"_id":{"$oid":"5a62169c74262a2233d5c53d"},"_class":"com.cts.metricsportal.vo.LCDashboardVO","dashboardName":"Taxi4U1","description":"Taxi4U","owner":"105471","component":{"buildJobName":"Zap Proxy","codeAnalysisProjectName":"Demo - Java - Taxi4U Ver_1_0_2","gitName":"Microsoft","gitType":"Users","gitRepo":"2LCS","domainName":"DEVOPS","projectName":"Online_Portal","releaseName":"Rel_1.0","rallyProject":"DevOps","cookbookName":"Taxi4U"},"ispublic":false}
{"_id":{"$oid":"5a62173b74262a2233d5c53f"},"_class":"com.cts.metricsportal.vo.LCDashboardVO","dashboardName":"LOB","description":"Taxi4U","owner":"468110","component":{"buildJobName":"main \u003e qi-scala-bots-build","codeAnalysisProjectName":"IDASHBOARD","gitName":"facebook","gitType":"Users","gitRepo":"bistro","domainName":"TESTING","projectName":"Proj_4","releaseName":"Default","rallyProject":"Taxi4U","cookbookName":"Taxi4U"},"ispublic":false,"createdDate":{"$date":"2019-06-25T15:02:00.000Z"}}
{"_id":{"$oid":"5a6217b174262a2233d5c541"},"_class":"com.cts.metricsportal.vo.LCDashboardVO","dashboardName":"Taxi4U","description":"Taxi4U","owner":"144366","component":{"buildJobName":"Taxi4U-Java","codeAnalysisProjectName":"Demo - Java - Taxi4U Ver_1_0_2","gitName":"Microsoft","gitType":"Users","gitRepo":"AdaptiveCards","domainName":"DEVOPS","projectName":"Online_Portal","releaseName":"Rel_4","rallyProject":"Taxi4U","cookbookName":"Taxi4U"},"ispublic":false}
{"_id":{"$oid":"5a62182074262a2233d5c543"},"_class":"com.cts.metricsportal.vo.LCDashboardVO","dashboardName":"Taxi4U","description":"Taxi4U","owner":"614019","component":{"buildJobName":"Taxi4U-Java","codeAnalysisProjectName":"Demo - Java - Taxi4U Ver_1_0_2","gitName":"Microsoft","gitType":"Users","gitRepo":"AirSim","domainName":"DEVOPS","projectName":"Online_Portal","releaseName":"Rel_Test","rallyProject":"Taxi4U","cookbookName":"Taxi4U"},"ispublic":false}
{"_id":{"$oid":"5a62187974262a2233d5c545"},"_class":"com.cts.metricsportal.vo.LCDashboardVO","dashboardName":"Taxi4U","description":"Taxi4U","owner":"182143","component":{"buildJobName":"Taxi4U-Java","codeAnalysisProjectName":"Demo - Java - Taxi4U Ver_1_0_2","gitName":"facebook","gitType":"Users","gitRepo":"bistro","domainName":"TESTING","projectName":"Proj_4","releaseName":"Default","rallyProject":"Taxi4U","cookbookName":"Taxi4U"},"ispublic":false}
{"_id":{"$oid":"5a661d48b9c8e1edc46f8713"},"_class":"com.cts.metricsportal.vo.LCDashboardVO","dashboardName":"Taxi4U","description":"Taxi4U","owner":"167837","component":{"buildJobName":"Taxi4U-Java","codeAnalysisProjectName":"Demo - Java - Taxi4U Ver_1_0_2","gitName":"Microsoft","gitType":"Users","gitRepo":"AdaptiveCards","domainName":"TESTING","projectName":"Proj_4","releaseName":"Default","rallyProject":"Taxi4U","cookbookName":"Taxi4U"},"ispublic":false}
{"_id":{"$oid":"5a69a307b9c82fde1a3f55b3"},"_class":"com.cts.metricsportal.vo.LCDashboardVO","dashboardName":"DevOps Dashboard","description":"LifeCycle Dashboard","owner":"478479","component":{"buildJobName":"","codeAnalysisProjectName":"","gitName":"facebook","gitType":"Users","gitRepo":"bistro","domainName":"TESTING","projectName":"Proj_4","releaseName":"Default","rallyProject":"DevOps","cookbookName":"Sample"},"ispublic":true,"createdDate":{"$date":"2019-08-29T13:52:00.000Z"}}
{"_id":{"$oid":"5a6a807fb9c8fe1191b7281d"},"_class":"com.cts.metricsportal.vo.LCDashboardVO","dashboardName":"test","description":"test","owner":"116559","component":{"buildJobName":"Taxi4U-Java","codeAnalysisProjectName":"Demo - Java - Taxi4U Ver_1_0_2","gitName":"capitalone","gitType":"Users","gitRepo":"Hygieia","domainName":"DEVOPS","projectName":"Online_Portal","releaseName":"Rel_1.0","rallyProject":"DevOps","cookbookName":"Taxi4U"},"ispublic":false}
{"_id":{"$oid":"5a78ab0db9c8fa62ca56eac1"},"_class":"com.cts.metricsportal.vo.LCDashboardVO","dashboardName":"dblcproduct1","description":"dashboard-product1-lifecycle","owner":"137348","component":{"buildJobName":"Taxi4U-Java","codeAnalysisProjectName":"Demo - Java - Taxi4U Ver_1_0_2","gitName":"capitalone","gitType":"Users","gitRepo":"BankAccountStarter-API-reference-app","domainName":"DEVOPS","projectName":"Online_Portal","releaseName":"Rel_1.0","rallyProject":"Taxi4U","cookbookName":"Taxi4U"},"ispublic":false}
{"_id":{"$oid":"5a905e03b9c8624ed481d8db"},"_class":"com.cts.metricsportal.vo.LCDashboardVO","dashboardName":"ALM","description":"LifeCycleDashboard","owner":"586907","component":{"buildJobName":"main \u003e qi_platform_fortify","codeAnalysisProjectName":"IDASHBOARD","gitName":"capitalone","gitType":"Users","gitRepo":"OAuthClient","domainName":"DEVOPS","projectName":"Proj_2","releaseName":"Rel1.1","rallyProject":"false","jiraProject":"iDashboard-Development","cookbookName":"Taxi4U"},"ispublic":false,"createdDate":{"$date":"2020-03-30T10:09:00.000Z"}}
{"_id":{"$oid":"5a905f80b9c8624ed481d8de"},"_class":"com.cts.metricsportal.vo.LCDashboardVO","dashboardName":"DevOps_Dashboard","description":"Custom Dashboard2","owner":"516926","component":{"buildJobName":"InsuranceQuote-.Net","codeAnalysisProjectName":"Hygieia","gitName":"Microsoft","gitType":"Users","gitRepo":"AdaptiveCards","domainName":"false","projectName":"false","releaseName":"false","rallyProject":"DevOps","cookbookName":"Sample"},"ispublic":false}
{"_id":{"$oid":"5a9f2038b9c8c6d647dc91c3"},"_class":"com.cts.metricsportal.vo.LCDashboardVO","dashboardName":"TH","description":"Travel and Hospitality","owner":"102247","component":{"buildJobName":"Taxi4U-Java","codeAnalysisProjectName":"","gitName":"false","gitType":"false","gitRepo":"false","domainName":"false","projectName":"false","releaseName":"false","rallyProject":"Taxi4U","cookbookName":"false"},"ispublic":false}
{"_id":{"$oid":"5aa9aca0b9c8076e1eabbe28"},"_class":"com.cts.metricsportal.vo.LCDashboardVO","dashboardName":"kavi","description":"kavi desc","owner":"254816","component":{"buildJobName":"","codeAnalysisProjectName":"","gitName":"false","gitType":"false","gitRepo":"false","domainName":"false","projectName":"false","releaseName":"false","rallyProject":"false","cookbookName":"false"},"ispublic":false}
{"_id":{"$oid":"5aa9acb8b9c8076e1eabbe29"},"_class":"com.cts.metricsportal.vo.LCDashboardVO","dashboardName":"Insurance","description":"Demo","owner":"616230","component":{"buildJobName":"","codeAnalysisProjectName":"","gitName":"false","gitType":"false","gitRepo":"false","domainName":"false","projectName":"false","releaseName":"false","rallyProject":"false","cookbookName":"false"},"ispublic":false}
{"_id":{"$oid":"5aa9b49cb9c8076e1eabbe2f"},"_class":"com.cts.metricsportal.vo.LCDashboardVO","dashboardName":"BH","description":"Test dashboard","owner":"370169","component":{"buildJobName":"InsuranceQuote-.Net","codeAnalysisProjectName":"Demo - Java - Taxi4U Ver_1_0_2","gitName":"false","gitType":"Users","gitRepo":"false","domainName":"DEVOPS","projectName":"Proj_2","releaseName":"false","rallyProject":"DevOps","cookbookName":"Sample"},"ispublic":false}
{"_id":{"$oid":"5ab2b4a274264fcc1065f21a"},"_class":"com.cts.metricsportal.vo.LCDashboardVO","dashboardName":"My SDLC","description":"sample","owner":"347362","component":{"buildJobName":"","codeAnalysisProjectName":"","gitName":"false","gitType":"false","gitRepo":"false","domainName":"false","projectName":"false","releaseName":"false","rallyProject":"false","cookbookName":"false"},"ispublic":false}
{"_id":{"$oid":"5ad4a803742624215eafa938"},"_class":"com.cts.metricsportal.vo.LCDashboardVO","dashboardName":"LOB","description":"Taxi4U","owner":"118015","component":{"buildJobName":"","codeAnalysisProjectName":"","gitName":"capitalone","gitType":"Users","gitRepo":"OAuthClient","domainName":"DEVOPS","projectName":"Proj_2","releaseName":"Default","rallyProject":"Taxi4U","cookbookName":"Taxi4U"},"ispublic":false,"createdDate":{"$date":"2020-02-13T11:15:00.000Z"}}
{"_id":{"$oid":"5ad4a82c742624215eafa939"},"_class":"com.cts.metricsportal.vo.LCDashboardVO","dashboardName":"DevOps","description":"DevOps","owner":"118015","component":{"buildJobName":"Promote_and_Deploy_to_QA","codeAnalysisProjectName":"Demo - Java - Taxi4U Ver_1_0_2","gitName":"facebook","gitType":"Users","gitRepo":"componentkit","domainName":"TESTING","projectName":"Proj_4","releaseName":"Default","rallyProject":"DevOps","cookbookName":"Sample"},"ispublic":false}
{"_id":{"$oid":"5adf6f66742662ab756977e6"},"_class":"com.cts.metricsportal.vo.LCDashboardVO","dashboardName":"app release","description":"app","owner":"170382","component":{"buildJobName":"Taxi4U-Java","codeAnalysisProjectName":"Demo - Java - Taxi4U Ver_1_0_2","gitName":"capitalone","gitType":"Users","gitRepo":"false","domainName":"TESTING","projectName":"false","releaseName":"false","rallyProject":"Taxi4U","cookbookName":"Taxi4U"},"ispublic":false}
{"_id":{"$oid":"5ae72ecb7426dad2deda47c7"},"_class":"com.cts.metricsportal.vo.LCDashboardVO","dashboardName":"Sample","description":"sampl1","owner":"561640","component":{"buildJobName":"","codeAnalysisProjectName":"","gitName":"false","gitType":"false","gitRepo":"false","domainName":"false","projectName":"false","releaseName":"false","rallyProject":"DevOps","cookbookName":"false"},"ispublic":false}
{"_id":{"$oid":"5ae730ec7426dad2deda47c8"},"_class":"com.cts.metricsportal.vo.LCDashboardVO","dashboardName":"Sample1","description":"Sample1","owner":"561640","component":{"buildJobName":"","codeAnalysisProjectName":"","gitName":"false","gitType":"false","gitRepo":"false","domainName":"false","projectName":"false","releaseName":"false","rallyProject":"Taxi4U","cookbookName":"false"},"ispublic":false}
{"_id":{"$oid":"5ae732407426dad2deda47c9"},"_class":"com.cts.metricsportal.vo.LCDashboardVO","dashboardName":"!@#$%","description":"!@#$$","owner":"561640","component":{"buildJobName":"","codeAnalysisProjectName":"","gitName":"false","gitType":"false","gitRepo":"false","domainName":"false","projectName":"false","releaseName":"false","rallyProject":"false","cookbookName":"false"},"ispublic":false}
{"_id":{"$oid":"5b21a584b9c8c034ca900e2f"},"_class":"com.cts.metricsportal.vo.LCDashboardVO","dashboardName":"Taxi4U","description":"Dashboard for Taxi4U","owner":"168681","component":{"buildJobName":"Taxi4U-Java","codeAnalysisProjectName":"Demo - Java - Taxi4U Ver_1_0_2","gitName":"Microsoft","gitType":"Users","gitRepo":"AdaptiveCards","domainName":"TESTING","projectName":"Proj_4","releaseName":"Rel_1","rallyProject":"Taxi4U","cookbookName":"Taxi4U"},"ispublic":false}
{"_id":{"$oid":"5b8f79ccb9c81bf0e0c9e070"},"_class":"com.cts.metricsportal.vo.LCDashboardVO","dashboardName":"Gannet","description":"Capabilities of iDashboard","owner":"557742","component":{"buildJobName":"Taxi4U-Java","codeAnalysisProjectName":"Demo - Java - Taxi4U Ver_1_0_2","gitName":"facebook","gitType":"Users","gitRepo":"bistro","domainName":"false","projectName":"false","releaseName":"false","rallyProject":"Taxi4U","cookbookName":"Taxi4U"},"ispublic":false}
{"_id":{"$oid":"5b995165b9c81bf0e0c9e075"},"_class":"com.cts.metricsportal.vo.LCDashboardVO","dashboardName":"Lifecycle 1","description":"Details","owner":"235859","component":{"buildJobName":"Zap Proxy","codeAnalysisProjectName":"","gitName":"Microsoft","gitType":"Users","gitRepo":"false","domainName":"false","projectName":"false","releaseName":"false","rallyProject":"DevOps","cookbookName":"false"},"ispublic":false}
{"_id":{"$oid":"5bc6c587b9c85da5958c17c1"},"_class":"com.cts.metricsportal.vo.LCDashboardVO","dashboardName":"New Project","description":"New Project","owner":"235859","component":{"buildJobName":"","codeAnalysisProjectName":"","gitName":"false","gitType":"false","gitRepo":"false","domainName":"false","projectName":"false","releaseName":"false","rallyProject":"DevOps","cookbookName":"false"},"ispublic":false}
{"_id":{"$oid":"5c17b5591c027413ad45368b"},"_class":"com.cts.metricsportal.vo.LCDashboardVO","dashboardName":"Lifecycle Dashboard","description":"Lifecycle Dashboard","owner":"561642","component":{"buildJobName":"Promote_and_Deploy_to_QA","codeAnalysisProjectName":"Demo - Java - Taxi4U Ver_1_0_2","gitName":"facebook","gitType":"Users","gitRepo":"dataloader","domainName":"DEVOPS","projectName":"Online_Portal","releaseName":"Rel_Test","rallyProject":"Sample Project","cookbookName":"Sample"},"ispublic":false}
{"_id":{"$oid":"5c17b5a01c027413ad45368c"},"_class":"com.cts.metricsportal.vo.LCDashboardVO","dashboardName":"Demo Dashboard","description":"Demo Dashboard","owner":"561642","component":{"buildJobName":"Zap Proxy","codeAnalysisProjectName":"Hygieia","gitName":"capitalone","gitType":"Users","gitRepo":"Data-Load-and-Copy-using-Python","domainName":"DEVOPS","projectName":"Proj_2","releaseName":"Default","rallyProject":"Sample Project","cookbookName":"Taxi4U"},"ispublic":false}
{"_id":{"$oid":"5c482b50b9c8cc58c63faaed"},"_class":"com.cts.metricsportal.vo.LCDashboardVO","dashboardName":"LifecycleDashboard","description":"Dashboard for lifecycle metrics","owner":"101861","component":{"buildJobName":"main \u003e qi-python-bots-fortify","codeAnalysisProjectName":"BotsPython","gitName":"DigitalAssuranceCOE","gitType":"Groups","gitRepo":"qi-platform","domainName":"DEVOPS","projectName":"Online_Portal","releaseName":"Default","rallyProject":"false","jiraProject":"iDashboard-Development","cookbookName":"Sample"},"ispublic":false,"createdDate":{"$date":"2019-06-10T06:54:00.000Z"}}
{"_id":{"$oid":"5c4ec787b9c8cc58c63faaf2"},"_class":"com.cts.metricsportal.vo.LCDashboardVO","dashboardName":"Taxi4U","description":"Taxi4U","owner":"298834","component":{"buildJobName":"","codeAnalysisProjectName":"qi-dashboard","gitName":"facebook","gitType":"Users","gitRepo":"duckling","domainName":"DEVOPS","projectName":"Online_Portal","releaseName":"Default","rallyProject":"DevOps","jiraProject":"iDashboard-Development","cookbookName":"Taxi4U"},"ispublic":false,"createdDate":{"$date":"2019-08-08T03:07:00.000Z"}}
{"_id":{"$oid":"5c4ec7c1b9c8cc58c63faaf3"},"_class":"com.cts.metricsportal.vo.LCDashboardVO","dashboardName":"LOB for ALL","description":"DevOps","owner":"298834","component":{"buildJobName":"","codeAnalysisProjectName":"","gitName":"facebook","gitType":"Users","gitRepo":"duckling","domainName":"TESTING","projectName":"Proj_4","releaseName":"Default","rallyProject":"DevOps","jiraProject":"iDashboard-Development","cookbookName":"Taxi4U"},"ispublic":false,"createdDate":{"$date":"2019-08-08T03:01:00.000Z"}}
{"_id":{"$oid":"5cfbc7df742693e3ec6f3294"},"_class":"com.cts.metricsportal.vo.LCDashboardVO","dashboardName":"myprivatetestingdash","description":"internal_demo","createdDate":{"$date":"2019-10-03T08:26:00.000Z"},"ispublic":false,"owner":"admin","component":{"buildJobName":"main \u003e qi-functional-tests-tosca-prod","codeAnalysisProjectName":"IDASHBOARD","gitName":"facebook","gitType":"Users","gitRepo":"bistro","domainName":"DEVOPS","projectName":"Online_Portal","releaseName":"Rel_4.1","rallyProject":"false","jiraProject":"iDashboard-Development","cookbookName":"Sample"}}
{"_id":{"$oid":"5cff9af5742693e3ec6f329d"},"_class":"com.cts.metricsportal.vo.LCDashboardVO","dashboardName":"Nivas","description":"Nivas","createdDate":{"$date":"2019-06-11T12:13:00.000Z"},"ispublic":false,"owner":"726993","component":{"buildJobName":"main \u003e idashboard_fortify","codeAnalysisProjectName":"BotsPython","gitName":"facebook","gitType":"Users","gitRepo":".github","domainName":"DEVOPS","projectName":"Online_Portal","releaseName":"Rel_1.1","rallyProject":"false","jiraProject":"iDashboard-Development","cookbookName":"Taxi4U"}}
{"_id":{"$oid":"5cffb74c742693e3ec6f32a0"},"_class":"com.cts.metricsportal.vo.LCDashboardVO","dashboardName":"sFzc","description":"Xv","createdDate":{"$date":"2019-06-11T14:14:00.000Z"},"ispublic":false,"owner":"726993","component":{"buildJobName":"","codeAnalysisProjectName":"","gitName":"false","gitType":"false","gitRepo":"false","domainName":"false","projectName":"false","releaseName":"false","rallyProject":"false","jiraProject":"false","cookbookName":"false"}}
{"_id":{"$oid":"5d123e9074260916438fe955"},"_class":"com.cts.metricsportal.vo.LCDashboardVO","dashboardName":"LFDashboard","description":"LFDashboard","createdDate":{"$date":"2019-06-25T15:32:00.000Z"},"ispublic":false,"owner":"468110","component":{"buildJobName":"main \u003e qi-platform-build","codeAnalysisProjectName":"IDASHBOARD","gitName":"DigitalAssuranceCOE","gitType":"Groups","gitRepo":"qi-platform","domainName":"DEVOPS","projectName":"Online_Portal","releaseName":"Rel1","rallyProject":"false","jiraProject":"iDashboard-Development","cookbookName":"Taxi4U"}}
{"_id":{"$oid":"5d41cd527426b0a526e2179d"},"_class":"com.cts.metricsportal.vo.LCDashboardVO","dashboardName":"itau","description":"dashboard","createdDate":{"$date":"2019-07-31T17:18:00.000Z"},"ispublic":false,"owner":"116559","component":{"buildJobName":"","codeAnalysisProjectName":"","gitName":"false","gitType":"false","gitRepo":"false","domainName":"false","projectName":"false","releaseName":"false","rallyProject":"false","jiraProject":"iDashboard-Development","cookbookName":"false"}}
{"_id":{"$oid":"5d95b12ab9c8aec115e897bc"},"_class":"com.cts.metricsportal.vo.LCDashboardVO","dashboardName":"Demo Dashboard","description":"my demo dashboard","createdDate":{"$date":"2020-01-16T09:22:00.000Z"},"ispublic":false,"owner":"admin","component":{"buildJobName":"main \u003e qi_platform_fortify","codeAnalysisProjectName":"IDASHBOARD","gitName":"capitalone","gitType":"Users","gitRepo":"OAuthClient","domainName":"TESTING","projectName":"Proj_4","releaseName":"Default","rallyProject":"false","jiraProject":"iDashboard-Development","cookbookName":"Taxi4U"}}
{"_id":{"$oid":"5df9d9b17426bdaa91a6b639"},"_class":"com.cts.metricsportal.vo.LCDashboardVO","dashboardName":"MyDashboard","description":"Customer Care - Product Level","createdDate":{"$date":"2020-03-17T14:56:00.000Z"},"ispublic":false,"owner":"Demouser","component":{"buildJobName":"main \u003e qi_platform_fortify","codeAnalysisProjectName":"IDASHBOARD","gitName":"capitalone","gitType":"Users","gitRepo":"OAuthClient","domainName":"DEVOPS","projectName":"Online_Portal","releaseName":"Rel1","rallyProject":"false","jiraProject":"iDashboard-Development","cookbookName":"Taxi4U"}}
{"_id":{"$oid":"5e203c83b9c8bd89355ff7f7"},"_class":"com.cts.metricsportal.vo.LCDashboardVO","dashboardName":"Demo","description":"Demo","createdDate":{"$date":"2020-01-16T10:35:00.000Z"},"ispublic":false,"owner":"144366","component":{"buildJobName":"main \u003e qi_platform_fortify","codeAnalysisProjectName":"IDASHBOARD","gitName":"capitalone","gitType":"Users","gitRepo":"OAuthClient","domainName":"TESTING","projectName":"Proj_4","releaseName":"Default","rallyProject":"false","jiraProject":"iDashboard-Development","cookbookName":"Taxi4U"}}
{"_id":{"$oid":"5e29549ab9c8bd89355ff803"},"_class":"com.cts.metricsportal.vo.LCDashboardVO","dashboardName":"DemoDashboard","description":"DemoDashboad","createdDate":{"$date":"2020-01-23T08:08:00.000Z"},"ispublic":false,"owner":"155113","component":{"buildJobName":"main \u003e qi_platform_fortify","codeAnalysisProjectName":"IDASHBOARD","gitName":"capitalone","gitType":"Users","gitRepo":"OAuthClient","domainName":"TESTING","projectName":"Proj_4","releaseName":"Default","rallyProject":"false","jiraProject":"iDashboard-Development","cookbookName":"Taxi4U"}}
{"_id":{"$oid":"5e2960a458877b8a486eb01c"},"_class":"com.cts.metricsportal.vo.LCDashboardVO","dashboardName":"DemoDashboard","description":"DemoDashboad","createdDate":{"$date":"2020-01-23T08:08:00.000Z"},"ispublic":false,"owner":"112748","component":{"buildJobName":"main \u003e qi_platform_fortify","codeAnalysisProjectName":"IDASHBOARD","gitName":"capitalone","gitType":"Users","gitRepo":"OAuthClient","domainName":"TESTING","projectName":"Proj_4","releaseName":"Default","rallyProject":"false","jiraProject":"iDashboard-Development","cookbookName":"Taxi4U"}}
{"_id":{"$oid":"5e2960a458877b8a486eb01d"},"_class":"com.cts.metricsportal.vo.LCDashboardVO","dashboardName":"DemoDashboard","description":"DemoDashboad","createdDate":{"$date":"2020-01-23T08:08:00.000Z"},"ispublic":false,"owner":"541963","component":{"buildJobName":"main \u003e qi_platform_fortify","codeAnalysisProjectName":"IDASHBOARD","gitName":"capitalone","gitType":"Users","gitRepo":"OAuthClient","domainName":"TESTING","projectName":"Proj_4","releaseName":"Default","rallyProject":"false","jiraProject":"iDashboard-Development","cookbookName":"Taxi4U"}}
{"_id":{"$oid":"5e2960a458877b8a486eb01e"},"_class":"com.cts.metricsportal.vo.LCDashboardVO","dashboardName":"DemoDashboard","description":"DemoDashboad","createdDate":{"$date":"2020-01-23T08:08:00.000Z"},"ispublic":false,"owner":"213207","component":{"buildJobName":"main \u003e qi_platform_fortify","codeAnalysisProjectName":"IDASHBOARD","gitName":"capitalone","gitType":"Users","gitRepo":"OAuthClient","domainName":"TESTING","projectName":"Proj_4","releaseName":"Default","rallyProject":"false","jiraProject":"iDashboard-Development","cookbookName":"Taxi4U"}}
{"_id":{"$oid":"5e2960a458877b8a486eb01f"},"_class":"com.cts.metricsportal.vo.LCDashboardVO","dashboardName":"DemoDashboard","description":"DemoDashboad","createdDate":{"$date":"2020-01-23T08:08:00.000Z"},"ispublic":false,"owner":"752058","component":{"buildJobName":"main \u003e qi_platform_fortify","codeAnalysisProjectName":"IDASHBOARD","gitName":"capitalone","gitType":"Users","gitRepo":"OAuthClient","domainName":"TESTING","projectName":"Proj_4","releaseName":"Default","rallyProject":"false","jiraProject":"iDashboard-Development","cookbookName":"Taxi4U"}}
{"_id":{"$oid":"5e2960a458877b8a486eb020"},"_class":"com.cts.metricsportal.vo.LCDashboardVO","dashboardName":"DemoDashboard","description":"DemoDashboad","createdDate":{"$date":"2020-01-23T08:08:00.000Z"},"ispublic":false,"owner":"148495","component":{"buildJobName":"main \u003e qi_platform_fortify","codeAnalysisProjectName":"IDASHBOARD","gitName":"capitalone","gitType":"Users","gitRepo":"OAuthClient","domainName":"TESTING","projectName":"Proj_4","releaseName":"Default","rallyProject":"false","jiraProject":"iDashboard-Development","cookbookName":"Taxi4U"}}
{"_id":{"$oid":"5e2960a458877b8a486eb021"},"_class":"com.cts.metricsportal.vo.LCDashboardVO","dashboardName":"DemoDashboard","description":"DemoDashboad","createdDate":{"$date":"2020-01-23T08:08:00.000Z"},"ispublic":false,"owner":"466404","component":{"buildJobName":"main \u003e qi_platform_fortify","codeAnalysisProjectName":"IDASHBOARD","gitName":"capitalone","gitType":"Users","gitRepo":"OAuthClient","domainName":"TESTING","projectName":"Proj_4","releaseName":"Default","rallyProject":"false","jiraProject":"iDashboard-Development","cookbookName":"Taxi4U"}}
{"_id":{"$oid":"5e2960a458877b8a486eb022"},"_class":"com.cts.metricsportal.vo.LCDashboardVO","dashboardName":"DemoDashboard","description":"DemoDashboad","createdDate":{"$date":"2020-01-23T08:08:00.000Z"},"ispublic":false,"owner":"120381","component":{"buildJobName":"main \u003e qi_platform_fortify","codeAnalysisProjectName":"IDASHBOARD","gitName":"capitalone","gitType":"Users","gitRepo":"OAuthClient","domainName":"TESTING","projectName":"Proj_4","releaseName":"Default","rallyProject":"false","jiraProject":"iDashboard-Development","cookbookName":"Taxi4U"}}
{"_id":{"$oid":"5e2960a458877b8a486eb023"},"_class":"com.cts.metricsportal.vo.LCDashboardVO","dashboardName":"DemoDashboard","description":"DemoDashboad","createdDate":{"$date":"2020-01-23T08:08:00.000Z"},"ispublic":false,"owner":"148484","component":{"buildJobName":"main \u003e qi_platform_fortify","codeAnalysisProjectName":"IDASHBOARD","gitName":"capitalone","gitType":"Users","gitRepo":"OAuthClient","domainName":"TESTING","projectName":"Proj_4","releaseName":"Default","rallyProject":"false","jiraProject":"iDashboard-Development","cookbookName":"Taxi4U"}}
{"_id":{"$oid":"5e2960a458877b8a486eb024"},"_class":"com.cts.metricsportal.vo.LCDashboardVO","dashboardName":"DemoDashboard","description":"DemoDashboad","createdDate":{"$date":"2020-01-23T08:08:00.000Z"},"ispublic":false,"owner":"248701","component":{"buildJobName":"main \u003e qi_platform_fortify","codeAnalysisProjectName":"IDASHBOARD","gitName":"capitalone","gitType":"Users","gitRepo":"OAuthClient","domainName":"TESTING","projectName":"Proj_4","releaseName":"Default","rallyProject":"false","jiraProject":"iDashboard-Development","cookbookName":"Taxi4U"}}
{"_id":{"$oid":"5e2e9d4cb9c8bd89355ff80d"},"_class":"com.cts.metricsportal.vo.LCDashboardVO","dashboardName":"LifeCycleDashboard","description":"LifeCycleDashboard","createdDate":{"$date":"2020-01-27T08:20:00.000Z"},"ispublic":false,"owner":"586907","component":{"buildJobName":"main \u003e qi_platform_fortify","codeAnalysisProjectName":"IDASHBOARD","gitName":"capitalone","gitType":"Users","gitRepo":"OAuthClient","domainName":"TESTING","projectName":"Proj_4","releaseName":"Default","rallyProject":"false","jiraProject":"iDashboard-Development","cookbookName":"Taxi4U"}}
{"_id":{"$oid":"5ebd28e4c4c9c4ca8c269a55"},"_class":"com.cts.metricsportal.vo.LCDashboardVO","dashboardName":"Sample","description":"sample","createdDate":{"$date":"2020-05-14T11:17:00.000Z"},"ispublic":false,"owner":"admin","component":{"buildJobName":"main \u003e idashboard_fortify","codeAnalysisProjectName":"","gitName":"false","gitType":"false","gitRepo":"false","domainName":"false","projectName":"false","releaseName":"false","rallyProject":"false","jiraProject":"false","cookbookName":"false"}}
