{"_id":{"$oid":"5a4cad3540534143db76a974"},"rallyWorkspace":"Workspace 1","projectName":"Sample Project","projectURL":"https://rally1.rallydev.com/slm/webservice/1.29/project/69701567436"}
{"_id":{"$oid":"5a4cad3f40534143db76a975"},"rallyWorkspace":"Workspace 1","projectName":"DevOps","projectURL":"https://rally1.rallydev.com/slm/webservice/1.29/project/72968962588"}
{"_id":{"$oid":"5a4cad4340534143db76a978"},"rallyWorkspace":"Workspace 1","projectName":"Taxi4U","projectURL":"https://rally1.rallydev.com/slm/webservice/1.29/project/72968969712"}
{"_id":{"$oid":"5a4cb4bb4053d5a206e28aff"},"rallyWorkspace":"Workspace 1","projectName":"Sample Project","projectURL":"https://rally1.rallydev.com/slm/webservice/1.29/project/69701567436"}
{"_id":{"$oid":"5a4cb4c64053d5a206e28b00"},"rallyWorkspace":"Workspace 1","projectName":"DevOps","projectURL":"https://rally1.rallydev.com/slm/webservice/1.29/project/72968962588"}
{"_id":{"$oid":"5a4cb4ca4053d5a206e28b03"},"rallyWorkspace":"Workspace 1","projectName":"Taxi4U","projectURL":"https://rally1.rallydev.com/slm/webservice/1.29/project/72968969712"}
{"_id":{"$oid":"5a4cbff540533a2cbb425fec"},"rallyWorkspace":"Workspace 1","projectName":"Sample Project","projectURL":"https://rally1.rallydev.com/slm/webservice/1.29/project/69701567436"}
{"_id":{"$oid":"5a4cbfff40533a2cbb425fed"},"rallyWorkspace":"Workspace 1","projectName":"DevOps","projectURL":"https://rally1.rallydev.com/slm/webservice/1.29/project/72968962588"}
{"_id":{"$oid":"5a4cc00340533a2cbb425ff0"},"rallyWorkspace":"Workspace 1","projectName":"Taxi4U","projectURL":"https://rally1.rallydev.com/slm/webservice/1.29/project/72968969712"}
{"_id":{"$oid":"5a4e117e4053a3bc0df6f1d5"},"rallyWorkspace":"Workspace 1","projectName":"Sample Project","projectURL":"https://rally1.rallydev.com/slm/webservice/1.29/project/69701567436"}
{"_id":{"$oid":"5a4e11884053a3bc0df6f1d6"},"rallyWorkspace":"Workspace 1","projectName":"DevOps","projectURL":"https://rally1.rallydev.com/slm/webservice/1.29/project/72968962588"}
{"_id":{"$oid":"5a4e118c4053a3bc0df6f1d9"},"rallyWorkspace":"Workspace 1","projectName":"Taxi4U","projectURL":"https://rally1.rallydev.com/slm/webservice/1.29/project/72968969712"}
{"_id":{"$oid":"5a4f63004053980a6c988147"},"rallyWorkspace":"Workspace 1","projectName":"Sample Project","projectURL":"https://rally1.rallydev.com/slm/webservice/1.29/project/69701567436"}
{"_id":{"$oid":"5a4f630b4053980a6c988148"},"rallyWorkspace":"Workspace 1","projectName":"DevOps","projectURL":"https://rally1.rallydev.com/slm/webservice/1.29/project/72968962588"}
{"_id":{"$oid":"5a4f63104053980a6c98814b"},"rallyWorkspace":"Workspace 1","projectName":"Taxi4U","projectURL":"https://rally1.rallydev.com/slm/webservice/1.29/project/72968969712"}
{"_id":{"$oid":"5a50b48d40538047fd266890"},"rallyWorkspace":"Workspace 1","projectName":"Sample Project","projectURL":"https://rally1.rallydev.com/slm/webservice/1.29/project/69701567436"}
{"_id":{"$oid":"5a50b49740538047fd266891"},"rallyWorkspace":"Workspace 1","projectName":"DevOps","projectURL":"https://rally1.rallydev.com/slm/webservice/1.29/project/72968962588"}
{"_id":{"$oid":"5a50b49c40538047fd266894"},"rallyWorkspace":"Workspace 1","projectName":"Taxi4U","projectURL":"https://rally1.rallydev.com/slm/webservice/1.29/project/72968969712"}
{"_id":{"$oid":"5a52060e4053c35308f26fc6"},"rallyWorkspace":"Workspace 1","projectName":"Sample Project","projectURL":"https://rally1.rallydev.com/slm/webservice/1.29/project/69701567436"}
{"_id":{"$oid":"5a5206194053c35308f26fc7"},"rallyWorkspace":"Workspace 1","projectName":"DevOps","projectURL":"https://rally1.rallydev.com/slm/webservice/1.29/project/72968962588"}
{"_id":{"$oid":"5a52061e4053c35308f26fca"},"rallyWorkspace":"Workspace 1","projectName":"Taxi4U","projectURL":"https://rally1.rallydev.com/slm/webservice/1.29/project/72968969712"}
