{"_id":{"$oid":"5ec23189c4c9c4ca8c269a5c"},"_class":"com.cts.metricsportal.vo.ToolSelectionVO","userId":"admin","label":"User Story","imagePath":"app\\pages\\admin\\icon-jira.png","key":"userStory","template":"dragapp\\pages\\admin\\icon-jira.png","position":1}
{"_id":{"$oid":"5ec23189c4c9c4ca8c269a5d"},"_class":"com.cts.metricsportal.vo.ToolSelectionVO","userId":"admin","label":"Test Management","imagePath":"app\\pages\\admin\\icon-hp.png","key":"testManagement","template":"dragapp\\pages\\admin\\icon-hp.png","position":2}
{"_id":{"$oid":"5ec23189c4c9c4ca8c269a5e"},"_class":"com.cts.metricsportal.vo.ToolSelectionVO","userId":"admin","label":"Deployment","imagePath":"app\\pages\\admin\\icon-chef.png","key":"chef","template":"dragapp\\pages\\admin\\icon-chef.png","position":3}
{"_id":{"$oid":"5ec23189c4c9c4ca8c269a5f"},"_class":"com.cts.metricsportal.vo.ToolSelectionVO","userId":"admin","label":"SCM","imagePath":"app\\pages\\admin\\icon-github.png","key":"gitHub","template":"dragapp\\pages\\admin\\icon-github.png","position":4}
{"_id":{"$oid":"5ec23189c4c9c4ca8c269a60"},"_class":"com.cts.metricsportal.vo.ToolSelectionVO","userId":"admin","label":"Build","imagePath":"app\\pages\\admin\\icon-jenkins.png","key":"build","template":"dragapp\\pages\\admin\\icon-jenkins.png","position":5}
{"_id":{"$oid":"5ec23189c4c9c4ca8c269a61"},"_class":"com.cts.metricsportal.vo.ToolSelectionVO","userId":"admin","label":"Code Quality","imagePath":"app\\pages\\admin\\icon-sonar.png","key":"codeQuality","template":"dragapp\\pages\\admin\\icon-sonar.png","position":6}
