{"_id":{"$oid":"5d2456fa7ddf5f8d02bd693a"},"projectName":"idashboard","projectDescription":null,"creationDate":{"$date":"2019-06-12T12:11:00.333Z"},"versions":[{"versionId":"10006","versionCreationDate":{"$date":"2019-06-12T12:11:00.337Z"},"PercentCriticalPriorityIssuesAudited":100.0,"PercentCriticalPriorityIssues":0.96,"PercentHighPriorityIssuesAudited":96.97,"PercentHighPriorityIssues":1.86,"PercentAudited":2.76,"Issues":1778.0,"percentconfigurationIssues":0.17,"percentCriticalExposure":0.56,"VDEN":7.84,"VDEN10KLOC":78.37,"FortifySecurityRating":1.0,"TotalRemediationEffort":3527.0,"TotalRemediationEffortCritical":74.0,"TotalRemediationEffortHigh":138.0,"TotalRemediationEffortMedium":22.0,"TotalRemediationEffortLow":3359.0,"pci_v3_1_sec_1_3_8_Issues":0.0,"pci_v3_1_sec_2_1_Issues":32.0,"pci_v3_1_sec3_2_Issues":0.0,"pci_v3_1_sec3_4_Issues":0.0,"pci_v3_1_sec3_6_1_Issues":0.0,"pci_v3_1_sec4_1_Issues":0.0,"pci_v3_1_sec4_2_Issues":0.0,"pci_v3_1_sec5_1_Issues":7.0,"pci_v3_1_sec6_2_Issues":0.0,"pci_v3_1_sec6_3_1_Issues":32.0,"pci_v3_1_sec6_5_1_Issues":7.0,"pci_v3_1_sec6_5_2_Issues":0.0,"pci_v3_1_sec6_5_3_Issues":66.0,"pci_v3_1_sec6_5_4_Issues":0.0,"pci_v3_1_sec6_5_5_Issues":632.0,"pci_v3_1_sec6_5_6_Issues":4.0,"pci_v3_1_sec6_5_7_Issues":5.0,"pci_v3_1_sec6_5_8_Issues":0.0,"pci_v3_1_sec6_5_9_Issues":77.0,"pci_v3_1_sec6_5_10_Issues":2.0,"pci_v3_1_sec7_1_2_Issues":0.0,"pci_v3_1_sec7_2_Issues":0.0,"pci_v3_1_sec8_1_8_Issues":1.0,"pci_v3_1_sec8_2_1_Issues":32.0,"pci_v3_1_sec8_7_Issues":0.0,"pci_v3_1_sec10_2_1_Issues":0.0,"pci_v3_1_sec10_2_4_Issues":0.0,"pci_v3_1_sec10_3_4_Issues":0.0,"pci_v3_1_sec10_5_2_Issues":0.0,"ISSUES":{"$numberLong":"1778"},"LOC":{"$numberLong":"226887"},"ExecutableLOC":{"$numberLong":"149412"},"FILES":{"$numberLong":"802"},"TotalSeverity":{"$numberLong":"4100"},"LegacyHighFPO":{"$numberLong":"14"},"LegacyMediumFPO":{"$numberLong":"516"},"LegacyLowFPO":{"$numberLong":"1248"},"NumFilesWithIssues":{"$numberLong":"119"},"NumFilesCFPO":{"$numberLong":"6"},"NumFilesHFPO":{"$numberLong":"17"},"NumFilesMFPO":{"$numberLong":"2"},"NumFilesLFPO":{"$numberLong":"105"},"TotalScans":{"$numberLong":"1"},"AvgDaysToReview":{"$numberLong":"24"},"AvgDaysToRemediate":{"$numberLong":"25"},"OTHER_ANALYSIS":{"$numberLong":"0"},"SCA":{"$numberLong":"1778"},"SECURITYSCOPE":{"$numberLong":"0"},"APPDETECTIVE":{"$numberLong":"0"},"APPSCAN":{"$numberLong":"0"},"Custom":{"$numberLong":"0"},"RUNTIME":{"$numberLong":"0"},"WEBINSPECT":{"$numberLong":"0"},"CriticalExposure":{"$numberLong":"10"},"CFPO":{"$numberLong":"17"},"CFPOUnaudited":{"$numberLong":"0"},"CFPOAudited":{"$numberLong":"17"},"HFPO":{"$numberLong":"33"},"HFPOUnaudited":{"$numberLong":"1"},"HFPOAudited":{"$numberLong":"32"},"HFPOP0":{"$numberLong":"32"},"LFPO":{"$numberLong":"1726"},"LFPOUnaudited":{"$numberLong":"1726"},"LFPOAudited":{"$numberLong":"0"},"LFPOP0":{"$numberLong":"0"},"MFPO":{"$numberLong":"2"},"MFPOUnaudited":{"$numberLong":"2"},"MFPOAudited":{"$numberLong":"0"},"MFPOP0":{"$numberLong":"0"},"NEWIssues":{"$numberLong":"1778"},"NAI":{"$numberLong":"49"},"OPEN":{"$numberLong":"1729"},"SHOULDFIX":{"$numberLong":"1729"},"KingdomAPIAbuse":{"$numberLong":"31"},"KingdomCodeQuality":{"$numberLong":"932"},"KingdomEncapsulation":{"$numberLong":"588"},"KingdomEnvironment":{"$numberLong":"3"},"KingdomErrors":{"$numberLong":"139"},"KingdomInputValidation":{"$numberLong":"17"},"KingdomSecurityFeatures":{"$numberLong":"66"},"KingdomTimeAndState":{"$numberLong":"2"},"OWASPTopTen2004":{"$numberLong":"269"},"OWASPTopTen2004Audited":{"$numberLong":"49"},"OWASP2004A1":{"$numberLong":"3"},"OWASP2004A10":{"$numberLong":"0"},"OWASP2004A2":{"$numberLong":"0"},"OWASP2004A3":{"$numberLong":"2"},"OWASP2004A4":{"$numberLong":"5"},"OWASP2004A5":{"$numberLong":"0"},"OWASP2004A6":{"$numberLong":"3"},"OWASP2004A7":{"$numberLong":"155"},"OWASP2004A8":{"$numberLong":"66"},"OWASP2004A9":{"$numberLong":"35"},"OWASPTopTen2007":{"$numberLong":"787"},"OWASPTopTen2007Audited":{"$numberLong":"47"},"OWASP2007A1":{"$numberLong":"5"},"OWASP2007A10":{"$numberLong":"0"},"OWASP2007A2":{"$numberLong":"1"},"OWASP2007A3":{"$numberLong":"2"},"OWASP2007A4":{"$numberLong":"0"},"OWASP2007A5":{"$numberLong":"77"},"OWASP2007A6":{"$numberLong":"634"},"OWASP2007A7":{"$numberLong":"2"},"OWASP2007A8":{"$numberLong":"66"},"OWASP2007A9":{"$numberLong":"0"},"pci_v3_1_sec1_3_8":{"$numberLong":"0"},"pci_v3_1_sec10_2_1":{"$numberLong":"0"},"pci_v3_1_sec10_2_4":{"$numberLong":"0"},"pci_v3_1_sec10_3_4":{"$numberLong":"0"},"pci_v3_1_sec10_5_2":{"$numberLong":"0"},"pci_v3_1_sec2_1":{"$numberLong":"32"},"pci_v3_1_sec3_2":{"$numberLong":"0"},"pci_v3_1_sec3_4":{"$numberLong":"0"},"pci_v3_1_sec3_6_1":{"$numberLong":"0"},"pci_v3_1_sec4_1":{"$numberLong":"0"},"pci_v3_1_sec4_2":{"$numberLong":"0"},"pci_v3_1_sec5_1":{"$numberLong":"7"},"pci_v3_1_sec6_2":{"$numberLong":"0"},"pci_v3_1_sec6_3_1":{"$numberLong":"32"},"pci_v3_1_sec6_5_1":{"$numberLong":"7"},"pci_v3_1_sec6_5_10":{"$numberLong":"2"},"pci_v3_1_sec6_5_2":{"$numberLong":"0"},"pci_v3_1_sec6_5_3":{"$numberLong":"66"},"pci_v3_1_sec6_5_4":{"$numberLong":"0"},"pci_v3_1_sec6_5_5":{"$numberLong":"632"},"pci_v3_1_sec6_5_6":{"$numberLong":"4"},"pci_v3_1_sec6_5_7":{"$numberLong":"5"},"pci_v3_1_sec6_5_8":{"$numberLong":"0"},"pci_v3_1_sec6_5_9":{"$numberLong":"77"},"pci_v3_1_sec7_1_2":{"$numberLong":"0"},"pci_v3_1_sec7_2":{"$numberLong":"0"},"pci_v3_1_sec8_1_8":{"$numberLong":"1"},"pci_v3_1_sec8_2_1":{"$numberLong":"32"},"pci_v3_1_sec8_7":{"$numberLong":"0"},"CONFIG":{"$numberLong":"3"},"AUDITED":{"$numberLong":"49"},"P0":{"$numberLong":"49"},"P1":{"$numberLong":"0"},"P2":{"$numberLong":"0"},"P3":{"$numberLong":"0"},"PABOVE":{"$numberLong":"0"}}]}
