{"_id":{"$oid":"5d1afac1b5e8a023b09831e0"},"projectId":"5001","projectName":"DCOE_AILA","sprintId":"6023","sprintName":"Sprint 1","createdDate":{"$date":"2019-05-07T00:12:54.000Z"},"startDate":{"$date":"2019-05-06T12:00:00.000Z"},"lastModified":{"$date":"2019-05-07T00:12:54.000Z"},"endDate":{"$date":"2019-05-19T12:00:00.000Z"},"workingDays":10,"numberOfWorkingDaysTill":0,"numberOfRemainingWorkDays":0,"versionStamp":1,"releaseId":"6006"}
{"_id":{"$oid":"5d1afac1b5e8a023b09831e1"},"projectId":"5001","projectName":"DCOE_AILA","sprintId":"6024","sprintName":"Sprint 2","createdDate":{"$date":"2019-05-07T00:12:54.000Z"},"startDate":{"$date":"2019-05-20T12:00:00.000Z"},"lastModified":{"$date":"2019-05-20T16:09:36.000Z"},"endDate":{"$date":"2019-05-31T12:00:00.000Z"},"workingDays":10,"numberOfWorkingDaysTill":0,"numberOfRemainingWorkDays":0,"versionStamp":4,"releaseId":"6006"}
{"_id":{"$oid":"5d1afac1b5e8a023b09831e2"},"projectId":"5001","projectName":"DCOE_AILA","sprintId":"7003","sprintName":"Sprint 1","createdDate":{"$date":"2019-05-20T16:12:34.000Z"},"startDate":{"$date":"2019-06-03T12:00:00.000Z"},"lastModified":{"$date":"2019-05-20T16:12:34.000Z"},"endDate":{"$date":"2019-06-16T12:00:00.000Z"},"workingDays":10,"numberOfWorkingDaysTill":0,"numberOfRemainingWorkDays":0,"versionStamp":1,"releaseId":"7001"}
{"_id":{"$oid":"5d1afac1b5e8a023b09831e3"},"projectId":"5001","projectName":"DCOE_AILA","sprintId":"7004","sprintName":"Sprint 2","createdDate":{"$date":"2019-05-20T16:12:34.000Z"},"startDate":{"$date":"2019-06-17T12:00:00.000Z"},"lastModified":{"$date":"2019-05-20T16:12:34.000Z"},"endDate":{"$date":"2019-06-28T12:00:00.000Z"},"workingDays":10,"numberOfWorkingDaysTill":0,"numberOfRemainingWorkDays":0,"versionStamp":1,"releaseId":"7001"}
{"_id":{"$oid":"5d1afac1b5e8a023b09831e4"},"projectId":"5001","projectName":"DCOE_AILA","sprintId":"7005","sprintName":"Sprint 1","createdDate":{"$date":"2019-05-20T16:13:28.000Z"},"startDate":{"$date":"2019-07-01T12:00:00.000Z"},"lastModified":{"$date":"2019-05-20T16:15:03.000Z"},"endDate":{"$date":"2019-07-14T12:00:00.000Z"},"workingDays":10,"numberOfWorkingDaysTill":0,"numberOfRemainingWorkDays":9,"versionStamp":2,"releaseId":"7002"}
{"_id":{"$oid":"5d1afac1b5e8a023b09831e5"},"projectId":"5001","projectName":"DCOE_AILA","sprintId":"7008","sprintName":"Sprint 2","createdDate":{"$date":"2019-05-20T16:15:03.000Z"},"startDate":{"$date":"2019-07-15T12:00:00.000Z"},"lastModified":{"$date":"2019-05-20T16:15:03.000Z"},"endDate":{"$date":"2019-07-26T12:00:00.000Z"},"workingDays":10,"numberOfWorkingDaysTill":10,"numberOfRemainingWorkDays":10,"versionStamp":1,"releaseId":"7002"}
{"_id":{"$oid":"5d1afac1b5e8a023b09831e6"},"projectId":"5001","projectName":"DCOE_AILA","sprintId":"7006","sprintName":"Sprint 1","createdDate":{"$date":"2019-05-20T16:14:02.000Z"},"startDate":{"$date":"2019-07-29T12:00:00.000Z"},"lastModified":{"$date":"2019-05-20T16:15:43.000Z"},"endDate":{"$date":"2019-08-11T12:00:00.000Z"},"workingDays":10,"numberOfWorkingDaysTill":20,"numberOfRemainingWorkDays":20,"versionStamp":3,"releaseId":"7003"}
{"_id":{"$oid":"5d1afac1b5e8a023b09831e7"},"projectId":"5001","projectName":"DCOE_AILA","sprintId":"7009","sprintName":"Sprint 2","createdDate":{"$date":"2019-05-20T16:15:43.000Z"},"startDate":{"$date":"2019-08-12T12:00:00.000Z"},"lastModified":{"$date":"2019-05-20T16:15:43.000Z"},"endDate":{"$date":"2019-08-23T12:00:00.000Z"},"workingDays":10,"numberOfWorkingDaysTill":30,"numberOfRemainingWorkDays":30,"versionStamp":1,"releaseId":"7003"}
{"_id":{"$oid":"5d1afac1b5e8a023b09831e8"},"projectId":"5001","projectName":"DCOE_AILA","sprintId":"7007","sprintName":"Sprint 1","createdDate":{"$date":"2019-05-20T16:14:32.000Z"},"startDate":{"$date":"2019-08-26T12:00:00.000Z"},"lastModified":{"$date":"2019-05-20T16:16:22.000Z"},"endDate":{"$date":"2019-09-08T12:00:00.000Z"},"workingDays":10,"numberOfWorkingDaysTill":40,"numberOfRemainingWorkDays":40,"versionStamp":3,"releaseId":"7004"}
{"_id":{"$oid":"5d1afac1b5e8a023b09831e9"},"projectId":"5001","projectName":"DCOE_AILA","sprintId":"7010","sprintName":"Sprint 2","createdDate":{"$date":"2019-05-20T16:16:22.000Z"},"startDate":{"$date":"2019-09-09T12:00:00.000Z"},"lastModified":{"$date":"2019-05-20T16:16:22.000Z"},"endDate":{"$date":"2019-09-20T12:00:00.000Z"},"workingDays":10,"numberOfWorkingDaysTill":50,"numberOfRemainingWorkDays":50,"versionStamp":1,"releaseId":"7004"}
{"_id":{"$oid":"5d1afac1b5e8a023b09831ea"},"projectId":"1002","projectName":"default_workspace","sprintId":"1001","sprintName":"Sprint 1","createdDate":{"$date":"2017-11-22T00:54:58.000Z"},"startDate":{"$date":"2020-04-20T12:00:00.000Z"},"lastModified":{"$date":"2017-11-22T00:55:49.000Z"},"endDate":{"$date":"2020-05-01T12:00:00.000Z"},"workingDays":10,"numberOfWorkingDaysTill":0,"numberOfRemainingWorkDays":0,"versionStamp":2,"releaseId":"1001"}
{"_id":{"$oid":"5d1afac1b5e8a023b09831eb"},"projectId":"1002","projectName":"default_workspace","sprintId":"1002","sprintName":"Sprint 2","createdDate":{"$date":"2017-11-22T00:54:58.000Z"},"startDate":{"$date":"2020-05-04T12:00:00.000Z"},"lastModified":{"$date":"2017-12-20T13:59:35.000Z"},"endDate":{"$date":"2020-05-15T12:00:00.000Z"},"workingDays":10,"numberOfWorkingDaysTill":0,"numberOfRemainingWorkDays":0,"versionStamp":8,"releaseId":"1001"}
{"_id":{"$oid":"5d1afac1b5e8a023b09831ec"},"projectId":"1002","projectName":"default_workspace","sprintId":"1008","sprintName":"Sprint 3","createdDate":{"$date":"2017-12-20T13:59:36.000Z"},"startDate":{"$date":"2020-05-18T12:00:00.000Z"},"lastModified":{"$date":"2018-01-02T13:53:46.000Z"},"endDate":{"$date":"2020-05-29T12:00:00.000Z"},"workingDays":10,"numberOfWorkingDaysTill":0,"numberOfRemainingWorkDays":0,"versionStamp":2,"releaseId":"1001"}
{"_id":{"$oid":"5d1afac1b5e8a023b09831ed"},"projectId":"1002","projectName":"default_workspace","sprintId":"1009","sprintName":"Sprint 4","createdDate":{"$date":"2018-01-02T13:53:47.000Z"},"startDate":{"$date":"2020-06-01T12:00:00.000Z"},"lastModified":{"$date":"2018-01-02T13:53:47.000Z"},"endDate":{"$date":"2020-06-14T12:00:00.000Z"},"workingDays":10,"numberOfWorkingDaysTill":0,"numberOfRemainingWorkDays":0,"versionStamp":1,"releaseId":"1001"}
{"_id":{"$oid":"5d1afac1b5e8a023b09831ee"},"projectId":"1002","projectName":"default_workspace","sprintId":"1006","sprintName":"Sprint 1","createdDate":{"$date":"2017-12-05T20:51:31.000Z"},"startDate":{"$date":"2018-01-22T12:00:00.000Z"},"lastModified":{"$date":"2018-01-02T13:54:58.000Z"},"endDate":{"$date":"2018-02-04T12:00:00.000Z"},"workingDays":10,"numberOfWorkingDaysTill":0,"numberOfRemainingWorkDays":0,"versionStamp":5,"releaseId":"1004"}
{"_id":{"$oid":"5d1afac1b5e8a023b09831ef"},"projectId":"1002","projectName":"default_workspace","sprintId":"1010","sprintName":"Sprint 2","createdDate":{"$date":"2018-01-02T13:54:59.000Z"},"startDate":{"$date":"2018-02-05T12:00:00.000Z"},"lastModified":{"$date":"2018-01-02T13:54:59.000Z"},"endDate":{"$date":"2018-02-16T12:00:00.000Z"},"workingDays":10,"numberOfWorkingDaysTill":0,"numberOfRemainingWorkDays":0,"versionStamp":1,"releaseId":"1004"}
{"_id":{"$oid":"5d1afac1b5e8a023b09831f0"},"projectId":"1002","projectName":"default_workspace","sprintId":"1011","sprintName":"Sprint3","createdDate":{"$date":"2018-02-08T14:25:06.000Z"},"startDate":{"$date":"2018-02-19T12:00:00.000Z"},"lastModified":{"$date":"2018-02-08T14:25:06.000Z"},"endDate":{"$date":"2018-03-02T12:00:00.000Z"},"workingDays":10,"numberOfWorkingDaysTill":0,"numberOfRemainingWorkDays":0,"versionStamp":1,"releaseId":"1004"}
{"_id":{"$oid":"5d1afac1b5e8a023b09831f1"},"projectId":"1002","projectName":"default_workspace","sprintId":"1012","sprintName":"Sprint4","createdDate":{"$date":"2018-02-08T14:25:27.000Z"},"startDate":{"$date":"2018-03-03T12:00:00.000Z"},"lastModified":{"$date":"2018-02-08T14:25:27.000Z"},"endDate":{"$date":"2018-03-16T12:00:00.000Z"},"workingDays":10,"numberOfWorkingDaysTill":0,"numberOfRemainingWorkDays":0,"versionStamp":1,"releaseId":"1004"}
{"_id":{"$oid":"5d1afac1b5e8a023b09831f2"},"projectId":"1002","projectName":"default_workspace","sprintId":"1013","sprintName":"Sprint5","createdDate":{"$date":"2018-03-06T13:52:55.000Z"},"startDate":{"$date":"2018-03-17T12:00:00.000Z"},"lastModified":{"$date":"2018-03-06T13:52:55.000Z"},"endDate":{"$date":"2018-03-30T12:00:00.000Z"},"workingDays":10,"numberOfWorkingDaysTill":0,"numberOfRemainingWorkDays":0,"versionStamp":1,"releaseId":"1004"}
{"_id":{"$oid":"5d1afac1b5e8a023b09831f3"},"projectId":"1002","projectName":"default_workspace","sprintId":"1014","sprintName":"Sprint6","createdDate":{"$date":"2018-03-21T13:59:19.000Z"},"startDate":{"$date":"2018-03-31T12:00:00.000Z"},"lastModified":{"$date":"2018-03-21T13:59:19.000Z"},"endDate":{"$date":"2018-04-13T12:00:00.000Z"},"workingDays":10,"numberOfWorkingDaysTill":0,"numberOfRemainingWorkDays":0,"versionStamp":1,"releaseId":"1004"}
{"_id":{"$oid":"5d1afac1b5e8a023b09831f4"},"projectId":"1002","projectName":"default_workspace","sprintId":"1015","sprintName":"sprint7","createdDate":{"$date":"2018-04-13T00:29:29.000Z"},"startDate":{"$date":"2018-04-14T12:00:00.000Z"},"lastModified":{"$date":"2018-04-13T00:29:29.000Z"},"endDate":{"$date":"2018-04-27T12:00:00.000Z"},"workingDays":10,"numberOfWorkingDaysTill":0,"numberOfRemainingWorkDays":0,"versionStamp":1,"releaseId":"1004"}
{"_id":{"$oid":"5d1afac1b5e8a023b09831f5"},"projectId":"1002","projectName":"default_workspace","sprintId":"1016","sprintName":"Sprint 1","createdDate":{"$date":"2018-04-27T15:01:35.000Z"},"startDate":{"$date":"2018-04-30T12:00:00.000Z"},"lastModified":{"$date":"2018-04-27T15:01:35.000Z"},"endDate":{"$date":"2018-05-13T12:00:00.000Z"},"workingDays":10,"numberOfWorkingDaysTill":0,"numberOfRemainingWorkDays":0,"versionStamp":1,"releaseId":"1006"}
{"_id":{"$oid":"5d1afac1b5e8a023b09831f6"},"projectId":"1002","projectName":"default_workspace","sprintId":"1017","sprintName":"Sprint 2","createdDate":{"$date":"2018-04-27T15:01:35.000Z"},"startDate":{"$date":"2018-05-14T12:00:00.000Z"},"lastModified":{"$date":"2018-04-27T15:01:35.000Z"},"endDate":{"$date":"2018-05-27T12:00:00.000Z"},"workingDays":10,"numberOfWorkingDaysTill":0,"numberOfRemainingWorkDays":0,"versionStamp":1,"releaseId":"1006"}
{"_id":{"$oid":"5d1afac1b5e8a023b09831f7"},"projectId":"1002","projectName":"default_workspace","sprintId":"1018","sprintName":"Sprint 3","createdDate":{"$date":"2018-04-27T15:01:35.000Z"},"startDate":{"$date":"2018-05-28T12:00:00.000Z"},"lastModified":{"$date":"2018-04-27T15:01:35.000Z"},"endDate":{"$date":"2018-06-10T12:00:00.000Z"},"workingDays":10,"numberOfWorkingDaysTill":0,"numberOfRemainingWorkDays":0,"versionStamp":1,"releaseId":"1006"}
{"_id":{"$oid":"5d1afac1b5e8a023b09831f8"},"projectId":"1002","projectName":"default_workspace","sprintId":"1019","sprintName":"Sprint 4","createdDate":{"$date":"2018-04-27T15:01:35.000Z"},"startDate":{"$date":"2018-06-11T12:00:00.000Z"},"lastModified":{"$date":"2018-04-27T15:01:35.000Z"},"endDate":{"$date":"2018-06-24T12:00:00.000Z"},"workingDays":10,"numberOfWorkingDaysTill":0,"numberOfRemainingWorkDays":0,"versionStamp":1,"releaseId":"1006"}
{"_id":{"$oid":"5d1afac1b5e8a023b09831f9"},"projectId":"1002","projectName":"default_workspace","sprintId":"2001","sprintName":"Sprint 1","createdDate":{"$date":"2018-06-11T20:27:03.000Z"},"startDate":{"$date":"2018-06-25T12:00:00.000Z"},"lastModified":{"$date":"2018-08-03T14:43:01.000Z"},"endDate":{"$date":"2018-07-13T12:00:00.000Z"},"workingDays":15,"numberOfWorkingDaysTill":0,"numberOfRemainingWorkDays":0,"versionStamp":4,"releaseId":"2001"}
{"_id":{"$oid":"5d1afac1b5e8a023b09831fa"},"projectId":"1002","projectName":"default_workspace","sprintId":"2002","sprintName":"Sprint 2","createdDate":{"$date":"2018-06-11T20:27:03.000Z"},"startDate":{"$date":"2018-07-09T12:00:00.000Z"},"lastModified":{"$date":"2018-06-27T20:40:38.000Z"},"endDate":{"$date":"2018-07-20T12:00:00.000Z"},"workingDays":10,"numberOfWorkingDaysTill":0,"numberOfRemainingWorkDays":0,"versionStamp":2,"releaseId":"2001"}
{"_id":{"$oid":"5d1afac1b5e8a023b09831fb"},"projectId":"1002","projectName":"default_workspace","sprintId":"2009","sprintName":"Release Hardening Sprint","createdDate":{"$date":"2018-06-27T17:00:02.000Z"},"startDate":{"$date":"2018-07-23T12:00:00.000Z"},"lastModified":{"$date":"2018-08-03T14:43:36.000Z"},"endDate":{"$date":"2018-08-10T12:00:00.000Z"},"workingDays":15,"numberOfWorkingDaysTill":0,"numberOfRemainingWorkDays":0,"versionStamp":7,"releaseId":"2001"}
{"_id":{"$oid":"5d1afac1b5e8a023b09831fc"},"projectId":"1002","projectName":"default_workspace","sprintId":"2003","sprintName":"Sprint 1","createdDate":{"$date":"2018-06-11T20:32:38.000Z"},"startDate":{"$date":"2018-08-13T12:00:00.000Z"},"lastModified":{"$date":"2018-08-03T14:41:06.000Z"},"endDate":{"$date":"2018-08-26T12:00:00.000Z"},"workingDays":10,"numberOfWorkingDaysTill":0,"numberOfRemainingWorkDays":0,"versionStamp":3,"releaseId":"2002"}
{"_id":{"$oid":"5d1afac1b5e8a023b09831fd"},"projectId":"1002","projectName":"default_workspace","sprintId":"2004","sprintName":"Release Hardening Sprint","createdDate":{"$date":"2018-06-11T20:32:38.000Z"},"startDate":{"$date":"2018-08-27T12:00:00.000Z"},"lastModified":{"$date":"2018-09-05T09:28:51.000Z"},"endDate":{"$date":"2018-09-09T12:00:00.000Z"},"workingDays":10,"numberOfWorkingDaysTill":0,"numberOfRemainingWorkDays":0,"versionStamp":8,"releaseId":"2002"}
{"_id":{"$oid":"5d1afac1b5e8a023b09831fe"},"projectId":"1002","projectName":"default_workspace","sprintId":"2011","sprintName":"Sprint 1","createdDate":{"$date":"2018-08-13T15:18:19.000Z"},"startDate":{"$date":"2018-09-10T12:00:00.000Z"},"lastModified":{"$date":"2018-09-05T09:01:17.000Z"},"endDate":{"$date":"2018-09-23T12:00:00.000Z"},"workingDays":10,"numberOfWorkingDaysTill":0,"numberOfRemainingWorkDays":0,"versionStamp":2,"releaseId":"2005"}
{"_id":{"$oid":"5d1afac1b5e8a023b09831ff"},"projectId":"1002","projectName":"default_workspace","sprintId":"2012","sprintName":"Sprint 2","createdDate":{"$date":"2018-08-13T15:18:19.000Z"},"startDate":{"$date":"2018-09-24T12:00:00.000Z"},"lastModified":{"$date":"2018-09-05T09:03:31.000Z"},"endDate":{"$date":"2018-10-07T12:00:00.000Z"},"workingDays":10,"numberOfWorkingDaysTill":0,"numberOfRemainingWorkDays":0,"versionStamp":6,"releaseId":"2005"}
{"_id":{"$oid":"5d1afac1b5e8a023b0983200"},"projectId":"1002","projectName":"default_workspace","sprintId":"2013","sprintName":"Sprint 3","createdDate":{"$date":"2018-08-13T15:20:57.000Z"},"startDate":{"$date":"2018-10-08T12:00:00.000Z"},"lastModified":{"$date":"2018-09-05T09:03:04.000Z"},"endDate":{"$date":"2018-10-21T12:00:00.000Z"},"workingDays":10,"numberOfWorkingDaysTill":0,"numberOfRemainingWorkDays":0,"versionStamp":4,"releaseId":"2005"}
{"_id":{"$oid":"5d1afac1b5e8a023b0983201"},"projectId":"1002","projectName":"default_workspace","sprintId":"2014","sprintName":"Release Hardening phase","createdDate":{"$date":"2018-09-05T09:01:18.000Z"},"startDate":{"$date":"2018-10-22T12:00:00.000Z"},"lastModified":{"$date":"2018-09-10T05:14:02.000Z"},"endDate":{"$date":"2018-11-02T12:00:00.000Z"},"workingDays":10,"numberOfWorkingDaysTill":0,"numberOfRemainingWorkDays":0,"versionStamp":4,"releaseId":"2005"}
{"_id":{"$oid":"5d1afac1b5e8a023b0983202"},"projectId":"1002","projectName":"default_workspace","sprintId":"3001","sprintName":"Sprint 1","createdDate":{"$date":"2018-09-22T14:50:59.000Z"},"startDate":{"$date":"2018-11-04T12:00:00.000Z"},"lastModified":{"$date":"2018-09-22T14:50:59.000Z"},"endDate":{"$date":"2018-11-17T12:00:00.000Z"},"workingDays":10,"numberOfWorkingDaysTill":0,"numberOfRemainingWorkDays":0,"versionStamp":1,"releaseId":"3001"}
{"_id":{"$oid":"5d1afac1b5e8a023b0983203"},"projectId":"1002","projectName":"default_workspace","sprintId":"3002","sprintName":"Sprint 2","createdDate":{"$date":"2018-09-22T14:50:59.000Z"},"startDate":{"$date":"2018-11-18T12:00:00.000Z"},"lastModified":{"$date":"2018-09-22T14:50:59.000Z"},"endDate":{"$date":"2018-12-01T12:00:00.000Z"},"workingDays":10,"numberOfWorkingDaysTill":0,"numberOfRemainingWorkDays":0,"versionStamp":1,"releaseId":"3001"}
{"_id":{"$oid":"5d1afac1b5e8a023b0983204"},"projectId":"1002","projectName":"default_workspace","sprintId":"3003","sprintName":"Sprint 3","createdDate":{"$date":"2018-09-22T14:50:59.000Z"},"startDate":{"$date":"2018-12-02T12:00:00.000Z"},"lastModified":{"$date":"2018-09-22T14:50:59.000Z"},"endDate":{"$date":"2018-12-15T12:00:00.000Z"},"workingDays":10,"numberOfWorkingDaysTill":0,"numberOfRemainingWorkDays":0,"versionStamp":1,"releaseId":"3001"}
{"_id":{"$oid":"5d1afac1b5e8a023b0983205"},"projectId":"1002","projectName":"default_workspace","sprintId":"3004","sprintName":"Sprint 4","createdDate":{"$date":"2018-09-22T14:50:59.000Z"},"startDate":{"$date":"2018-12-16T12:00:00.000Z"},"lastModified":{"$date":"2018-12-20T22:05:15.000Z"},"endDate":{"$date":"2018-12-31T12:00:00.000Z"},"workingDays":11,"numberOfWorkingDaysTill":0,"numberOfRemainingWorkDays":0,"versionStamp":5,"releaseId":"3001"}
{"_id":{"$oid":"5d1afac1b5e8a023b0983206"},"projectId":"1002","projectName":"default_workspace","sprintId":"4011","sprintName":"Sprint 5","createdDate":{"$date":"2018-12-20T22:05:36.000Z"},"startDate":{"$date":"2019-01-01T12:00:00.000Z"},"lastModified":{"$date":"2019-01-14T21:19:43.000Z"},"endDate":{"$date":"2019-01-20T12:00:00.000Z"},"workingDays":14,"numberOfWorkingDaysTill":0,"numberOfRemainingWorkDays":0,"versionStamp":6,"releaseId":"3001"}
{"_id":{"$oid":"5d1afac1b5e8a023b0983207"},"projectId":"1002","projectName":"default_workspace","sprintId":"4012","sprintName":"Release Hardening","createdDate":{"$date":"2018-12-20T22:06:05.000Z"},"startDate":{"$date":"2019-01-21T12:00:00.000Z"},"lastModified":{"$date":"2019-02-04T03:52:04.000Z"},"endDate":{"$date":"2019-02-08T12:00:00.000Z"},"workingDays":15,"numberOfWorkingDaysTill":0,"numberOfRemainingWorkDays":0,"versionStamp":6,"releaseId":"3001"}
{"_id":{"$oid":"5d1afac1b5e8a023b0983208"},"projectId":"1002","projectName":"default_workspace","sprintId":"4001","sprintName":"Sprint 1","createdDate":{"$date":"2018-12-16T16:49:23.000Z"},"startDate":{"$date":"2019-02-11T12:00:00.000Z"},"lastModified":{"$date":"2019-02-08T00:39:47.000Z"},"endDate":{"$date":"2019-02-24T12:00:00.000Z"},"workingDays":10,"numberOfWorkingDaysTill":0,"numberOfRemainingWorkDays":0,"versionStamp":4,"releaseId":"4001"}
{"_id":{"$oid":"5d1afac1b5e8a023b0983209"},"projectId":"1002","projectName":"default_workspace","sprintId":"4002","sprintName":"Sprint 2","createdDate":{"$date":"2018-12-16T16:49:23.000Z"},"startDate":{"$date":"2019-02-25T12:00:00.000Z"},"lastModified":{"$date":"2019-02-08T00:39:47.000Z"},"endDate":{"$date":"2019-03-10T12:00:00.000Z"},"workingDays":10,"numberOfWorkingDaysTill":0,"numberOfRemainingWorkDays":0,"versionStamp":4,"releaseId":"4001"}
{"_id":{"$oid":"5d1afac1b5e8a023b098320a"},"projectId":"1002","projectName":"default_workspace","sprintId":"4003","sprintName":"Sprint 3","createdDate":{"$date":"2018-12-16T16:49:23.000Z"},"startDate":{"$date":"2019-03-11T12:00:00.000Z"},"lastModified":{"$date":"2019-02-08T00:39:47.000Z"},"endDate":{"$date":"2019-03-24T12:00:00.000Z"},"workingDays":10,"numberOfWorkingDaysTill":0,"numberOfRemainingWorkDays":0,"versionStamp":5,"releaseId":"4001"}
{"_id":{"$oid":"5d1afac1b5e8a023b098320b"},"projectId":"1002","projectName":"default_workspace","sprintId":"4007","sprintName":"Release Hardening","createdDate":{"$date":"2018-12-20T22:04:20.000Z"},"startDate":{"$date":"2019-03-25T12:00:00.000Z"},"lastModified":{"$date":"2019-02-08T00:47:26.000Z"},"endDate":{"$date":"2019-03-29T12:00:00.000Z"},"workingDays":5,"numberOfWorkingDaysTill":0,"numberOfRemainingWorkDays":0,"versionStamp":5,"releaseId":"4001"}
{"_id":{"$oid":"5d1afac1b5e8a023b098320c"},"projectId":"1002","projectName":"default_workspace","sprintId":"5007","sprintName":"Sprint 1","createdDate":{"$date":"2019-03-12T17:06:19.000Z"},"startDate":{"$date":"2019-04-01T12:00:00.000Z"},"lastModified":{"$date":"2019-03-12T17:06:19.000Z"},"endDate":{"$date":"2019-04-14T12:00:00.000Z"},"workingDays":10,"numberOfWorkingDaysTill":0,"numberOfRemainingWorkDays":0,"versionStamp":1,"releaseId":"5002"}
{"_id":{"$oid":"5d1afac1b5e8a023b098320d"},"projectId":"1002","projectName":"default_workspace","sprintId":"5008","sprintName":"Sprint 2","createdDate":{"$date":"2019-03-12T17:06:19.000Z"},"startDate":{"$date":"2019-04-15T12:00:00.000Z"},"lastModified":{"$date":"2019-03-12T17:06:19.000Z"},"endDate":{"$date":"2019-04-28T12:00:00.000Z"},"workingDays":10,"numberOfWorkingDaysTill":0,"numberOfRemainingWorkDays":0,"versionStamp":1,"releaseId":"5002"}
{"_id":{"$oid":"5d1afac1b5e8a023b098320e"},"projectId":"1002","projectName":"default_workspace","sprintId":"5009","sprintName":"Release Hardening","createdDate":{"$date":"2019-03-12T17:06:19.000Z"},"startDate":{"$date":"2019-04-29T12:00:00.000Z"},"lastModified":{"$date":"2019-03-19T16:51:48.000Z"},"endDate":{"$date":"2019-05-03T12:00:00.000Z"},"workingDays":5,"numberOfWorkingDaysTill":0,"numberOfRemainingWorkDays":0,"versionStamp":2,"releaseId":"5002"}
{"_id":{"$oid":"5d1afac1b5e8a023b098320f"},"projectId":"1002","projectName":"default_workspace","sprintId":"5010","sprintName":"Sprint 1","createdDate":{"$date":"2019-03-12T17:07:12.000Z"},"startDate":{"$date":"2019-05-06T12:00:00.000Z"},"lastModified":{"$date":"2019-04-16T14:05:09.000Z"},"endDate":{"$date":"2019-05-18T12:00:00.000Z"},"workingDays":10,"numberOfWorkingDaysTill":0,"numberOfRemainingWorkDays":0,"versionStamp":3,"releaseId":"5003"}
{"_id":{"$oid":"5d1afac1b5e8a023b0983210"},"projectId":"1002","projectName":"default_workspace","sprintId":"5024","sprintName":"Sprint 2","createdDate":{"$date":"2019-04-16T14:04:40.000Z"},"startDate":{"$date":"2019-05-19T12:00:00.000Z"},"lastModified":{"$date":"2019-05-20T11:35:25.000Z"},"endDate":{"$date":"2019-05-26T12:00:00.000Z"},"workingDays":5,"numberOfWorkingDaysTill":0,"numberOfRemainingWorkDays":0,"versionStamp":2,"releaseId":"5003"}
{"_id":{"$oid":"5d1afac1b5e8a023b0983211"},"projectId":"1002","projectName":"default_workspace","sprintId":"5011","sprintName":"Release Hardening","createdDate":{"$date":"2019-03-12T17:07:12.000Z"},"startDate":{"$date":"2019-05-27T12:00:00.000Z"},"lastModified":{"$date":"2019-05-27T10:24:24.000Z"},"endDate":{"$date":"2019-05-31T12:00:00.000Z"},"workingDays":5,"numberOfWorkingDaysTill":0,"numberOfRemainingWorkDays":0,"versionStamp":6,"releaseId":"5003"}
{"_id":{"$oid":"5d1afac1b5e8a023b0983212"},"projectId":"1002","projectName":"default_workspace","sprintId":"5012","sprintName":"Sprint 1","createdDate":{"$date":"2019-03-19T16:50:30.000Z"},"startDate":{"$date":"2019-06-03T12:00:00.000Z"},"lastModified":{"$date":"2019-03-19T16:50:30.000Z"},"endDate":{"$date":"2019-06-16T12:00:00.000Z"},"workingDays":10,"numberOfWorkingDaysTill":0,"numberOfRemainingWorkDays":0,"versionStamp":1,"releaseId":"5004"}
{"_id":{"$oid":"5d1afac1b5e8a023b0983213"},"projectId":"1002","projectName":"default_workspace","sprintId":"7001","sprintName":"Sprint 2","createdDate":{"$date":"2019-05-20T10:54:00.000Z"},"startDate":{"$date":"2019-06-17T12:00:00.000Z"},"lastModified":{"$date":"2019-06-04T16:15:30.000Z"},"endDate":{"$date":"2019-06-23T12:00:00.000Z"},"workingDays":5,"numberOfWorkingDaysTill":0,"numberOfRemainingWorkDays":0,"versionStamp":2,"releaseId":"5004"}
{"_id":{"$oid":"5d1afac1b5e8a023b0983214"},"projectId":"1002","projectName":"default_workspace","sprintId":"7002","sprintName":"Release Hardening / Prod move","createdDate":{"$date":"2019-05-20T10:54:31.000Z"},"startDate":{"$date":"2019-06-24T12:00:00.000Z"},"lastModified":{"$date":"2019-06-04T16:15:45.000Z"},"endDate":{"$date":"2019-06-30T12:00:00.000Z"},"workingDays":5,"numberOfWorkingDaysTill":0,"numberOfRemainingWorkDays":0,"versionStamp":2,"releaseId":"5004"}
{"_id":{"$oid":"5d1afac1b5e8a023b0983215"},"projectId":"1002","projectName":"default_workspace","sprintId":"5014","sprintName":"Sprint 1","createdDate":{"$date":"2019-03-19T16:52:50.000Z"},"startDate":{"$date":"2019-07-01T12:00:00.000Z"},"lastModified":{"$date":"2019-06-27T10:52:38.000Z"},"endDate":{"$date":"2019-07-14T12:00:00.000Z"},"workingDays":10,"numberOfWorkingDaysTill":0,"numberOfRemainingWorkDays":9,"versionStamp":3,"releaseId":"5005"}
{"_id":{"$oid":"5d1afac1b5e8a023b0983216"},"projectId":"1002","projectName":"default_workspace","sprintId":"5015","sprintName":"Sprint 2","createdDate":{"$date":"2019-03-19T16:52:51.000Z"},"startDate":{"$date":"2019-07-15T12:00:00.000Z"},"lastModified":{"$date":"2019-06-27T10:53:42.000Z"},"endDate":{"$date":"2019-07-28T12:00:00.000Z"},"workingDays":10,"numberOfWorkingDaysTill":10,"numberOfRemainingWorkDays":10,"versionStamp":3,"releaseId":"5005"}
{"_id":{"$oid":"5d1afac1b5e8a023b0983217"},"projectId":"1002","projectName":"default_workspace","sprintId":"5016","sprintName":"Sprint 3","createdDate":{"$date":"2019-03-19T16:52:51.000Z"},"startDate":{"$date":"2019-07-29T12:00:00.000Z"},"lastModified":{"$date":"2019-06-27T10:55:01.000Z"},"endDate":{"$date":"2019-08-04T12:00:00.000Z"},"workingDays":5,"numberOfWorkingDaysTill":20,"numberOfRemainingWorkDays":20,"versionStamp":2,"releaseId":"5005"}
{"_id":{"$oid":"5d1afac1b5e8a023b0983218"},"projectId":"1002","projectName":"default_workspace","sprintId":"8001","sprintName":"Sprint 1","createdDate":{"$date":"2019-06-07T10:05:43.000Z"},"startDate":{"$date":"2019-08-05T12:00:00.000Z"},"lastModified":{"$date":"2019-06-27T10:55:38.000Z"},"endDate":{"$date":"2019-08-18T12:00:00.000Z"},"workingDays":10,"numberOfWorkingDaysTill":25,"numberOfRemainingWorkDays":25,"versionStamp":3,"releaseId":"8001"}
{"_id":{"$oid":"5d1afac1b5e8a023b0983219"},"projectId":"1002","projectName":"default_workspace","sprintId":"8002","sprintName":"Sprint 2","createdDate":{"$date":"2019-06-07T10:05:43.000Z"},"startDate":{"$date":"2019-08-19T12:00:00.000Z"},"lastModified":{"$date":"2019-06-27T10:57:02.000Z"},"endDate":{"$date":"2019-09-01T12:00:00.000Z"},"workingDays":10,"numberOfWorkingDaysTill":35,"numberOfRemainingWorkDays":35,"versionStamp":7,"releaseId":"8001"}
{"_id":{"$oid":"5d1afac1b5e8a023b098321a"},"projectId":"1002","projectName":"default_workspace","sprintId":"10001","sprintName":"Release Hardening","createdDate":{"$date":"2019-06-27T10:57:02.000Z"},"startDate":{"$date":"2019-09-02T12:00:00.000Z"},"lastModified":{"$date":"2019-06-27T10:57:52.000Z"},"endDate":{"$date":"2019-09-08T12:00:00.000Z"},"workingDays":5,"numberOfWorkingDaysTill":45,"numberOfRemainingWorkDays":45,"versionStamp":2,"releaseId":"8001"}
{"_id":{"$oid":"5d1afac1b5e8a023b098321b"},"projectId":"1002","projectName":"default_workspace","sprintId":"9002","sprintName":"Sprint 1","createdDate":{"$date":"2019-06-18T10:09:11.000Z"},"startDate":{"$date":"2019-09-09T12:00:00.000Z"},"lastModified":{"$date":"2019-06-27T10:58:41.000Z"},"endDate":{"$date":"2019-09-22T12:00:00.000Z"},"workingDays":10,"numberOfWorkingDaysTill":50,"numberOfRemainingWorkDays":50,"versionStamp":2,"releaseId":"9001"}
{"_id":{"$oid":"5d1afac1b5e8a023b098321c"},"projectId":"1002","projectName":"default_workspace","sprintId":"9003","sprintName":"Sprint 2","createdDate":{"$date":"2019-06-18T10:09:11.000Z"},"startDate":{"$date":"2019-09-23T12:00:00.000Z"},"lastModified":{"$date":"2019-06-27T10:59:15.000Z"},"endDate":{"$date":"2019-10-06T12:00:00.000Z"},"workingDays":10,"numberOfWorkingDaysTill":60,"numberOfRemainingWorkDays":60,"versionStamp":4,"releaseId":"9001"}
{"_id":{"$oid":"5d1afac1b5e8a023b098321d"},"projectId":"1002","projectName":"default_workspace","sprintId":"9004","sprintName":"Release Hardening Sprint","createdDate":{"$date":"2019-06-18T10:10:13.000Z"},"startDate":{"$date":"2019-10-07T12:00:00.000Z"},"lastModified":{"$date":"2019-06-27T10:59:42.000Z"},"endDate":{"$date":"2019-10-13T12:00:00.000Z"},"workingDays":5,"numberOfWorkingDaysTill":70,"numberOfRemainingWorkDays":70,"versionStamp":4,"releaseId":"9001"}
{"_id":{"$oid":"5d1afac1b5e8a023b098321e"},"projectId":"1002","projectName":"default_workspace","sprintId":"9005","sprintName":"Sprint 1","createdDate":{"$date":"2019-06-18T10:11:22.000Z"},"startDate":{"$date":"2019-10-14T12:00:00.000Z"},"lastModified":{"$date":"2019-06-27T11:01:05.000Z"},"endDate":{"$date":"2019-10-27T12:00:00.000Z"},"workingDays":10,"numberOfWorkingDaysTill":75,"numberOfRemainingWorkDays":75,"versionStamp":2,"releaseId":"9002"}
{"_id":{"$oid":"5d1afac1b5e8a023b098321f"},"projectId":"1002","projectName":"default_workspace","sprintId":"9006","sprintName":"Sprint 2","createdDate":{"$date":"2019-06-18T10:11:22.000Z"},"startDate":{"$date":"2019-10-28T12:00:00.000Z"},"lastModified":{"$date":"2019-06-27T11:01:33.000Z"},"endDate":{"$date":"2019-11-10T12:00:00.000Z"},"workingDays":10,"numberOfWorkingDaysTill":85,"numberOfRemainingWorkDays":85,"versionStamp":4,"releaseId":"9002"}
{"_id":{"$oid":"5d1afac1b5e8a023b0983220"},"projectId":"1002","projectName":"default_workspace","sprintId":"9007","sprintName":"Release Hardening Sprint","createdDate":{"$date":"2019-06-18T10:12:35.000Z"},"startDate":{"$date":"2019-11-11T12:00:00.000Z"},"lastModified":{"$date":"2019-06-27T11:01:58.000Z"},"endDate":{"$date":"2019-11-17T12:00:00.000Z"},"workingDays":5,"numberOfWorkingDaysTill":95,"numberOfRemainingWorkDays":95,"versionStamp":4,"releaseId":"9002"}
{"_id":{"$oid":"5d1afac2b5e8a023b0983221"},"projectId":"3001","projectName":"AVM-Bot-Dev","sprintId":"3006","sprintName":"Sprint 1","createdDate":{"$date":"2018-10-12T20:52:14.000Z"},"startDate":{"$date":"2018-10-22T12:00:00.000Z"},"lastModified":{"$date":"2018-10-12T20:52:14.000Z"},"endDate":{"$date":"2018-11-04T12:00:00.000Z"},"workingDays":10,"numberOfWorkingDaysTill":0,"numberOfRemainingWorkDays":0,"versionStamp":1,"releaseId":"3002"}
{"_id":{"$oid":"5d1afac2b5e8a023b0983222"},"projectId":"3001","projectName":"AVM-Bot-Dev","sprintId":"3007","sprintName":"Sprint 2","createdDate":{"$date":"2018-10-12T20:52:14.000Z"},"startDate":{"$date":"2018-11-05T12:00:00.000Z"},"lastModified":{"$date":"2018-10-12T20:52:14.000Z"},"endDate":{"$date":"2018-11-18T12:00:00.000Z"},"workingDays":10,"numberOfWorkingDaysTill":0,"numberOfRemainingWorkDays":0,"versionStamp":1,"releaseId":"3002"}
{"_id":{"$oid":"5d1afac2b5e8a023b0983223"},"projectId":"3001","projectName":"AVM-Bot-Dev","sprintId":"3008","sprintName":"Sprint 3","createdDate":{"$date":"2018-10-12T20:52:14.000Z"},"startDate":{"$date":"2018-11-19T12:00:00.000Z"},"lastModified":{"$date":"2018-10-12T20:52:14.000Z"},"endDate":{"$date":"2018-11-30T12:00:00.000Z"},"workingDays":10,"numberOfWorkingDaysTill":0,"numberOfRemainingWorkDays":0,"versionStamp":1,"releaseId":"3002"}
{"_id":{"$oid":"5d1afac2b5e8a023b0983224"},"projectId":"3001","projectName":"AVM-Bot-Dev","sprintId":"4004","sprintName":"Sprint 1","createdDate":{"$date":"2018-12-17T06:17:55.000Z"},"startDate":{"$date":"2018-12-01T12:00:00.000Z"},"lastModified":{"$date":"2018-12-17T06:17:55.000Z"},"endDate":{"$date":"2018-12-14T12:00:00.000Z"},"workingDays":10,"numberOfWorkingDaysTill":0,"numberOfRemainingWorkDays":0,"versionStamp":1,"releaseId":"4002"}
{"_id":{"$oid":"5d1afac2b5e8a023b0983225"},"projectId":"3001","projectName":"AVM-Bot-Dev","sprintId":"4005","sprintName":"Sprint 2","createdDate":{"$date":"2018-12-17T06:17:55.000Z"},"startDate":{"$date":"2018-12-15T12:00:00.000Z"},"lastModified":{"$date":"2018-12-17T06:17:55.000Z"},"endDate":{"$date":"2018-12-28T12:00:00.000Z"},"workingDays":10,"numberOfWorkingDaysTill":0,"numberOfRemainingWorkDays":0,"versionStamp":1,"releaseId":"4002"}
{"_id":{"$oid":"5d1afac2b5e8a023b0983226"},"projectId":"3001","projectName":"AVM-Bot-Dev","sprintId":"4006","sprintName":"Sprint 3","createdDate":{"$date":"2018-12-17T06:17:55.000Z"},"startDate":{"$date":"2018-12-29T12:00:00.000Z"},"lastModified":{"$date":"2018-12-17T06:17:55.000Z"},"endDate":{"$date":"2018-12-31T12:00:00.000Z"},"workingDays":1,"numberOfWorkingDaysTill":0,"numberOfRemainingWorkDays":0,"versionStamp":1,"releaseId":"4002"}
{"_id":{"$oid":"5d1afac2b5e8a023b0983227"},"projectId":"3001","projectName":"AVM-Bot-Dev","sprintId":"5017","sprintName":"Sprint 1","createdDate":{"$date":"2019-03-22T15:08:16.000Z"},"startDate":{"$date":"2019-01-01T12:00:00.000Z"},"lastModified":{"$date":"2019-03-22T15:08:16.000Z"},"endDate":{"$date":"2019-01-28T12:00:00.000Z"},"workingDays":20,"numberOfWorkingDaysTill":0,"numberOfRemainingWorkDays":0,"versionStamp":1,"releaseId":"5006"}
{"_id":{"$oid":"5d1afac2b5e8a023b0983228"},"projectId":"3001","projectName":"AVM-Bot-Dev","sprintId":"5018","sprintName":"Sprint 2","createdDate":{"$date":"2019-03-22T15:08:16.000Z"},"startDate":{"$date":"2019-01-29T12:00:00.000Z"},"lastModified":{"$date":"2019-03-22T15:08:16.000Z"},"endDate":{"$date":"2019-01-31T12:00:00.000Z"},"workingDays":3,"numberOfWorkingDaysTill":0,"numberOfRemainingWorkDays":0,"versionStamp":1,"releaseId":"5006"}
{"_id":{"$oid":"5d1afac2b5e8a023b0983229"},"projectId":"3001","projectName":"AVM-Bot-Dev","sprintId":"5021","sprintName":"Sprint 1","createdDate":{"$date":"2019-03-22T21:40:11.000Z"},"startDate":{"$date":"2019-03-01T12:00:00.000Z"},"lastModified":{"$date":"2019-03-22T21:40:11.000Z"},"endDate":{"$date":"2019-03-14T12:00:00.000Z"},"workingDays":10,"numberOfWorkingDaysTill":0,"numberOfRemainingWorkDays":0,"versionStamp":1,"releaseId":"5008"}
{"_id":{"$oid":"5d1afac2b5e8a023b098322a"},"projectId":"3001","projectName":"AVM-Bot-Dev","sprintId":"5022","sprintName":"Sprint 2","createdDate":{"$date":"2019-03-22T21:40:11.000Z"},"startDate":{"$date":"2019-03-15T12:00:00.000Z"},"lastModified":{"$date":"2019-03-22T21:40:11.000Z"},"endDate":{"$date":"2019-03-28T12:00:00.000Z"},"workingDays":10,"numberOfWorkingDaysTill":0,"numberOfRemainingWorkDays":0,"versionStamp":1,"releaseId":"5008"}
{"_id":{"$oid":"5d1afac2b5e8a023b098322b"},"projectId":"3001","projectName":"AVM-Bot-Dev","sprintId":"5023","sprintName":"Sprint 3","createdDate":{"$date":"2019-03-22T21:40:11.000Z"},"startDate":{"$date":"2019-03-29T12:00:00.000Z"},"lastModified":{"$date":"2019-03-22T21:40:11.000Z"},"endDate":{"$date":"2019-03-31T12:00:00.000Z"},"workingDays":1,"numberOfWorkingDaysTill":0,"numberOfRemainingWorkDays":0,"versionStamp":1,"releaseId":"5008"}
{"_id":{"$oid":"5d1afac2b5e8a023b098322c"},"projectId":"3001","projectName":"AVM-Bot-Dev","sprintId":"9008","sprintName":"Sprint 1","createdDate":{"$date":"2019-06-25T11:49:25.000Z"},"startDate":{"$date":"2019-06-24T12:00:00.000Z"},"lastModified":{"$date":"2019-06-25T11:49:25.000Z"},"endDate":{"$date":"2019-07-07T12:00:00.000Z"},"workingDays":10,"numberOfWorkingDaysTill":0,"numberOfRemainingWorkDays":4,"versionStamp":1,"releaseId":"9003"}
{"_id":{"$oid":"5d1afac2b5e8a023b098322d"},"projectId":"3001","projectName":"AVM-Bot-Dev","sprintId":"9009","sprintName":"Sprint 2","createdDate":{"$date":"2019-06-25T11:49:25.000Z"},"startDate":{"$date":"2019-07-08T12:00:00.000Z"},"lastModified":{"$date":"2019-06-25T11:49:25.000Z"},"endDate":{"$date":"2019-07-21T12:00:00.000Z"},"workingDays":10,"numberOfWorkingDaysTill":5,"numberOfRemainingWorkDays":5,"versionStamp":1,"releaseId":"9003"}
{"_id":{"$oid":"5d1afac2b5e8a023b098322e"},"projectId":"3001","projectName":"AVM-Bot-Dev","sprintId":"9010","sprintName":"Sprint 3","createdDate":{"$date":"2019-06-25T11:49:25.000Z"},"startDate":{"$date":"2019-07-22T12:00:00.000Z"},"lastModified":{"$date":"2019-06-25T11:49:25.000Z"},"endDate":{"$date":"2019-07-31T12:00:00.000Z"},"workingDays":8,"numberOfWorkingDaysTill":15,"numberOfRemainingWorkDays":15,"versionStamp":1,"releaseId":"9003"}
{"_id":{"$oid":"5d1afac2b5e8a023b098322f"},"projectId":"3001","projectName":"AVM-Bot-Dev","sprintId":"9011","sprintName":"Sprint 1","createdDate":{"$date":"2019-06-25T11:50:08.000Z"},"startDate":{"$date":"2019-08-01T12:00:00.000Z"},"lastModified":{"$date":"2019-06-25T11:50:08.000Z"},"endDate":{"$date":"2019-08-14T12:00:00.000Z"},"workingDays":10,"numberOfWorkingDaysTill":23,"numberOfRemainingWorkDays":23,"versionStamp":1,"releaseId":"9004"}
{"_id":{"$oid":"5d1afac2b5e8a023b0983230"},"projectId":"3001","projectName":"AVM-Bot-Dev","sprintId":"9012","sprintName":"Sprint 2","createdDate":{"$date":"2019-06-25T11:50:08.000Z"},"startDate":{"$date":"2019-08-15T12:00:00.000Z"},"lastModified":{"$date":"2019-06-25T11:50:08.000Z"},"endDate":{"$date":"2019-08-28T12:00:00.000Z"},"workingDays":10,"numberOfWorkingDaysTill":33,"numberOfRemainingWorkDays":33,"versionStamp":1,"releaseId":"9004"}
{"_id":{"$oid":"5d1afac2b5e8a023b0983231"},"projectId":"3001","projectName":"AVM-Bot-Dev","sprintId":"9013","sprintName":"Sprint 3","createdDate":{"$date":"2019-06-25T11:50:08.000Z"},"startDate":{"$date":"2019-08-29T12:00:00.000Z"},"lastModified":{"$date":"2019-06-25T11:50:08.000Z"},"endDate":{"$date":"2019-08-31T12:00:00.000Z"},"workingDays":2,"numberOfWorkingDaysTill":43,"numberOfRemainingWorkDays":43,"versionStamp":1,"releaseId":"9004"}
{"_id":{"$oid":"5d1afac2b5e8a023b0983232"},"projectId":"3001","projectName":"AVM-Bot-Dev","sprintId":"9014","sprintName":"Sprint 1","createdDate":{"$date":"2019-06-25T11:50:37.000Z"},"startDate":{"$date":"2019-09-01T12:00:00.000Z"},"lastModified":{"$date":"2019-06-25T11:50:37.000Z"},"endDate":{"$date":"2019-09-14T12:00:00.000Z"},"workingDays":10,"numberOfWorkingDaysTill":44,"numberOfRemainingWorkDays":44,"versionStamp":1,"releaseId":"9005"}
{"_id":{"$oid":"5d1afac2b5e8a023b0983233"},"projectId":"3001","projectName":"AVM-Bot-Dev","sprintId":"9015","sprintName":"Sprint 2","createdDate":{"$date":"2019-06-25T11:50:37.000Z"},"startDate":{"$date":"2019-09-15T12:00:00.000Z"},"lastModified":{"$date":"2019-06-25T11:50:37.000Z"},"endDate":{"$date":"2019-09-28T12:00:00.000Z"},"workingDays":10,"numberOfWorkingDaysTill":54,"numberOfRemainingWorkDays":54,"versionStamp":1,"releaseId":"9005"}
{"_id":{"$oid":"5d1afac2b5e8a023b0983234"},"projectId":"3001","projectName":"AVM-Bot-Dev","sprintId":"9016","sprintName":"Sprint 3","createdDate":{"$date":"2019-06-25T11:50:37.000Z"},"startDate":{"$date":"2019-09-29T12:00:00.000Z"},"lastModified":{"$date":"2019-06-25T11:50:37.000Z"},"endDate":{"$date":"2019-09-30T12:00:00.000Z"},"workingDays":1,"numberOfWorkingDaysTill":64,"numberOfRemainingWorkDays":64,"versionStamp":1,"releaseId":"9005"}
{"_id":{"$oid":"5d1afac2b5e8a023b0983235"},"projectId":"3001","projectName":"AVM-Bot-Dev","sprintId":"9017","sprintName":"Sprint 1","createdDate":{"$date":"2019-06-25T11:51:02.000Z"},"startDate":{"$date":"2019-10-01T12:00:00.000Z"},"lastModified":{"$date":"2019-06-25T11:51:02.000Z"},"endDate":{"$date":"2019-10-14T12:00:00.000Z"},"workingDays":10,"numberOfWorkingDaysTill":66,"numberOfRemainingWorkDays":66,"versionStamp":1,"releaseId":"9006"}
{"_id":{"$oid":"5d1afac2b5e8a023b0983236"},"projectId":"3001","projectName":"AVM-Bot-Dev","sprintId":"9018","sprintName":"Sprint 2","createdDate":{"$date":"2019-06-25T11:51:02.000Z"},"startDate":{"$date":"2019-10-15T12:00:00.000Z"},"lastModified":{"$date":"2019-06-25T11:51:02.000Z"},"endDate":{"$date":"2019-10-28T12:00:00.000Z"},"workingDays":10,"numberOfWorkingDaysTill":76,"numberOfRemainingWorkDays":76,"versionStamp":1,"releaseId":"9006"}
{"_id":{"$oid":"5d1afac2b5e8a023b0983237"},"projectId":"3001","projectName":"AVM-Bot-Dev","sprintId":"9019","sprintName":"Sprint 3","createdDate":{"$date":"2019-06-25T11:51:02.000Z"},"startDate":{"$date":"2019-10-29T12:00:00.000Z"},"lastModified":{"$date":"2019-06-25T11:51:02.000Z"},"endDate":{"$date":"2019-10-31T12:00:00.000Z"},"workingDays":3,"numberOfWorkingDaysTill":86,"numberOfRemainingWorkDays":86,"versionStamp":1,"releaseId":"9006"}
{"_id":{"$oid":"5d1afac2b5e8a023b0983238"},"projectId":"3001","projectName":"AVM-Bot-Dev","sprintId":"9020","sprintName":"Sprint 1","createdDate":{"$date":"2019-06-25T11:51:50.000Z"},"startDate":{"$date":"2019-11-01T12:00:00.000Z"},"lastModified":{"$date":"2019-06-25T11:51:50.000Z"},"endDate":{"$date":"2019-11-14T12:00:00.000Z"},"workingDays":10,"numberOfWorkingDaysTill":89,"numberOfRemainingWorkDays":89,"versionStamp":1,"releaseId":"9007"}
{"_id":{"$oid":"5d1afac2b5e8a023b0983239"},"projectId":"3001","projectName":"AVM-Bot-Dev","sprintId":"9021","sprintName":"Sprint 2","createdDate":{"$date":"2019-06-25T11:51:50.000Z"},"startDate":{"$date":"2019-11-15T12:00:00.000Z"},"lastModified":{"$date":"2019-06-25T11:51:50.000Z"},"endDate":{"$date":"2019-11-28T12:00:00.000Z"},"workingDays":10,"numberOfWorkingDaysTill":99,"numberOfRemainingWorkDays":99,"versionStamp":1,"releaseId":"9007"}
{"_id":{"$oid":"5d1afac2b5e8a023b098323a"},"projectId":"3001","projectName":"AVM-Bot-Dev","sprintId":"9022","sprintName":"Sprint 3","createdDate":{"$date":"2019-06-25T11:51:50.000Z"},"startDate":{"$date":"2019-11-29T12:00:00.000Z"},"lastModified":{"$date":"2019-06-25T11:51:50.000Z"},"endDate":{"$date":"2019-11-30T12:00:00.000Z"},"workingDays":1,"numberOfWorkingDaysTill":109,"numberOfRemainingWorkDays":109,"versionStamp":1,"releaseId":"9007"}
{"_id":{"$oid":"5d1afac2b5e8a023b098323b"},"projectId":"3001","projectName":"AVM-Bot-Dev","sprintId":"9023","sprintName":"Sprint 1","createdDate":{"$date":"2019-06-25T11:52:10.000Z"},"startDate":{"$date":"2019-12-01T12:00:00.000Z"},"lastModified":{"$date":"2019-06-25T11:52:10.000Z"},"endDate":{"$date":"2019-12-14T12:00:00.000Z"},"workingDays":10,"numberOfWorkingDaysTill":109,"numberOfRemainingWorkDays":109,"versionStamp":1,"releaseId":"9008"}
{"_id":{"$oid":"5d1afac2b5e8a023b098323c"},"projectId":"3001","projectName":"AVM-Bot-Dev","sprintId":"9024","sprintName":"Sprint 2","createdDate":{"$date":"2019-06-25T11:52:10.000Z"},"startDate":{"$date":"2019-12-15T12:00:00.000Z"},"lastModified":{"$date":"2019-06-25T11:52:10.000Z"},"endDate":{"$date":"2019-12-28T12:00:00.000Z"},"workingDays":10,"numberOfWorkingDaysTill":119,"numberOfRemainingWorkDays":119,"versionStamp":1,"releaseId":"9008"}
{"_id":{"$oid":"5d1afac2b5e8a023b098323d"},"projectId":"3001","projectName":"AVM-Bot-Dev","sprintId":"9025","sprintName":"Sprint 3","createdDate":{"$date":"2019-06-25T11:52:10.000Z"},"startDate":{"$date":"2019-12-29T12:00:00.000Z"},"lastModified":{"$date":"2019-06-25T11:52:10.000Z"},"endDate":{"$date":"2019-12-31T12:00:00.000Z"},"workingDays":2,"numberOfWorkingDaysTill":129,"numberOfRemainingWorkDays":129,"versionStamp":1,"releaseId":"9008"}
