{"_id":{"$oid":"5d12272ee896b6d89e28a52a"},"_class":"org.json.simple.JSONObject","jobName":"main \u003e dcoe-devops-demo","builds":[{"timeStamp":{"$date":"2019-04-18T13:10:11.184Z"},"startTime":{"$date":"2019-04-18T13:10:11.184Z"},"endTime":{"$date":"2019-04-18T00:02:40.000Z"},"buildNumber":"116","buildUrl":"http://ec2-34-212-9-250.us-west-2.compute.amazonaws.com:8080/job/dcoe-devops-demo/116/","result":"SUCCESS","duration":"160447"}],"joburl":"http://ec2-34-212-9-250.us-west-2.compute.amazonaws.com:8080/job/dcoe-devops-demo/"}
{"_id":{"$oid":"5d12272ee896b6d89e28a52b"},"_class":"org.json.simple.JSONObject","jobName":"main \u003e idashboard_fortify","builds":[{"timeStamp":{"$date":"2019-05-28T09:47:40.903Z"},"startTime":{"$date":"2019-05-28T09:47:40.903Z"},"endTime":{"$date":"2019-05-28T00:29:13.000Z"},"buildNumber":"6","buildUrl":"http://ec2-34-212-9-250.us-west-2.compute.amazonaws.com:8080/job/idashboard_fortify/6/","result":"SUCCESS","duration":"1753450"},{"timeStamp":{"$date":"2019-05-28T07:18:48.210Z"},"startTime":{"$date":"2019-05-28T07:18:48.210Z"},"endTime":{"$date":"2019-05-28T00:30:26.000Z"},"buildNumber":"5","buildUrl":"http://ec2-34-212-9-250.us-west-2.compute.amazonaws.com:8080/job/idashboard_fortify/5/","result":"SUCCESS","duration":"1826411"},{"timeStamp":{"$date":"2019-05-27T09:27:25.436Z"},"startTime":{"$date":"2019-05-27T09:27:25.436Z"},"endTime":{"$date":"2019-05-27T00:50:19.000Z"},"buildNumber":"4","buildUrl":"http://ec2-34-212-9-250.us-west-2.compute.amazonaws.com:8080/job/idashboard_fortify/4/","result":"SUCCESS","duration":"3019728"},{"timeStamp":{"$date":"2019-05-15T08:37:54.213Z"},"startTime":{"$date":"2019-05-15T08:37:54.213Z"},"endTime":{"$date":"2019-05-15T00:24:13.000Z"},"buildNumber":"3","buildUrl":"http://ec2-34-212-9-250.us-west-2.compute.amazonaws.com:8080/job/idashboard_fortify/3/","result":"SUCCESS","duration":"1453576"},{"timeStamp":{"$date":"2019-05-14T08:51:21.548Z"},"startTime":{"$date":"2019-05-14T08:51:21.548Z"},"endTime":{"$date":"2019-05-14T00:46:00.000Z"},"buildNumber":"2","buildUrl":"http://ec2-34-212-9-250.us-west-2.compute.amazonaws.com:8080/job/idashboard_fortify/2/","result":"SUCCESS","duration":"2760133"},{"timeStamp":{"$date":"2019-05-14T08:25:41.814Z"},"startTime":{"$date":"2019-05-14T08:25:41.814Z"},"endTime":{"$date":"2019-05-14T00:21:06.000Z"},"buildNumber":"1","buildUrl":"http://ec2-34-212-9-250.us-west-2.compute.amazonaws.com:8080/job/idashboard_fortify/1/","result":"FAILURE","duration":"1266080"}],"joburl":"http://ec2-34-212-9-250.us-west-2.compute.amazonaws.com:8080/job/idashboard_fortify/"}
{"_id":{"$oid":"5d12272ee896b6d89e28a52c"},"_class":"org.json.simple.JSONObject","jobName":"main \u003e idashboard_fortify_coderefactor","builds":[{"timeStamp":{"$date":"2019-06-12T11:44:13.993Z"},"startTime":{"$date":"2019-06-12T11:44:13.993Z"},"endTime":{"$date":"2019-06-12T00:39:27.000Z"},"buildNumber":"30","buildUrl":"http://ec2-34-212-9-250.us-west-2.compute.amazonaws.com:8080/job/idashboard_fortify_coderefactor/30/","result":"SUCCESS","duration":"2367036"},{"timeStamp":{"$date":"2019-06-12T05:26:02.982Z"},"startTime":{"$date":"2019-06-12T05:26:02.982Z"},"endTime":{"$date":"2019-06-12T00:38:17.000Z"},"buildNumber":"29","buildUrl":"http://ec2-34-212-9-250.us-west-2.compute.amazonaws.com:8080/job/idashboard_fortify_coderefactor/29/","result":"SUCCESS","duration":"2297268"},{"timeStamp":{"$date":"2019-06-06T07:03:39.634Z"},"startTime":{"$date":"2019-06-06T07:03:39.634Z"},"endTime":{"$date":"2019-06-06T00:40:07.000Z"},"buildNumber":"28","buildUrl":"http://ec2-34-212-9-250.us-west-2.compute.amazonaws.com:8080/job/idashboard_fortify_coderefactor/28/","result":"SUCCESS","duration":"2407369"},{"timeStamp":{"$date":"2019-06-05T06:02:59.255Z"},"startTime":{"$date":"2019-06-05T06:02:59.255Z"},"endTime":{"$date":"2019-06-05T00:38:35.000Z"},"buildNumber":"27","buildUrl":"http://ec2-34-212-9-250.us-west-2.compute.amazonaws.com:8080/job/idashboard_fortify_coderefactor/27/","result":"SUCCESS","duration":"2315436"},{"timeStamp":{"$date":"2019-06-05T05:24:19.931Z"},"startTime":{"$date":"2019-06-05T05:24:19.931Z"},"endTime":{"$date":"2019-06-05T00:38:39.000Z"},"buildNumber":"26","buildUrl":"http://ec2-34-212-9-250.us-west-2.compute.amazonaws.com:8080/job/idashboard_fortify_coderefactor/26/","result":"SUCCESS","duration":"2319216"}],"joburl":"http://ec2-34-212-9-250.us-west-2.compute.amazonaws.com:8080/job/idashboard_fortify_coderefactor/"}
{"_id":{"$oid":"5d12272ee896b6d89e28a52d"},"_class":"org.json.simple.JSONObject","jobName":"main \u003e qi-bots-py-build","builds":[{"timeStamp":{"$date":"2019-06-25T12:20:39.428Z"},"startTime":{"$date":"2019-06-25T12:20:39.428Z"},"endTime":{"$date":"2019-06-25T00:00:30.000Z"},"buildNumber":"131","buildUrl":"http://ec2-34-212-9-250.us-west-2.compute.amazonaws.com:8080/job/qi-bots-py-build/131/","result":"SUCCESS","duration":"30487"},{"timeStamp":{"$date":"2019-06-25T11:30:12.860Z"},"startTime":{"$date":"2019-06-25T11:30:12.860Z"},"endTime":{"$date":"2019-06-25T00:00:28.000Z"},"buildNumber":"130","buildUrl":"http://ec2-34-212-9-250.us-west-2.compute.amazonaws.com:8080/job/qi-bots-py-build/130/","result":"SUCCESS","duration":"28117"},{"timeStamp":{"$date":"2019-06-25T08:57:12.520Z"},"startTime":{"$date":"2019-06-25T08:57:12.520Z"},"endTime":{"$date":"2019-06-25T00:00:24.000Z"},"buildNumber":"129","buildUrl":"http://ec2-34-212-9-250.us-west-2.compute.amazonaws.com:8080/job/qi-bots-py-build/129/","result":"SUCCESS","duration":"24799"}],"joburl":"http://ec2-34-212-9-250.us-west-2.compute.amazonaws.com:8080/job/qi-bots-py-build/"}
{"_id":{"$oid":"5d12272ee896b6d89e28a52e"},"_class":"org.json.simple.JSONObject","jobName":"main \u003e qi-bots-scala-fortify","builds":[{"timeStamp":{"$date":"2019-06-07T14:23:58.622Z"},"startTime":{"$date":"2019-06-07T14:23:58.622Z"},"endTime":{"$date":"2019-06-07T01:19:27.000Z"},"buildNumber":"3","buildUrl":"http://ec2-34-212-9-250.us-west-2.compute.amazonaws.com:8080/job/qi-bots-scala-fortify/3/","result":"SUCCESS","duration":"4767085"},{"timeStamp":{"$date":"2019-05-30T19:47:20.702Z"},"startTime":{"$date":"2019-05-30T19:47:20.702Z"},"endTime":{"$date":"2019-05-30T01:24:15.000Z"},"buildNumber":"2","buildUrl":"http://ec2-34-212-9-250.us-west-2.compute.amazonaws.com:8080/job/qi-bots-scala-fortify/2/","result":"SUCCESS","duration":"5055801"},{"timeStamp":{"$date":"2019-04-26T16:02:14.035Z"},"startTime":{"$date":"2019-04-26T16:02:14.035Z"},"endTime":{"$date":"2019-04-26T01:30:53.000Z"},"buildNumber":"1","buildUrl":"http://ec2-34-212-9-250.us-west-2.compute.amazonaws.com:8080/job/qi-bots-scala-fortify/1/","result":"SUCCESS","duration":"5453159"}],"joburl":"http://ec2-34-212-9-250.us-west-2.compute.amazonaws.com:8080/job/qi-bots-scala-fortify/"}
{"_id":{"$oid":"5d12272ee896b6d89e28a52f"},"_class":"org.json.simple.JSONObject","jobName":"main \u003e qi-cia-fortify","builds":[{"timeStamp":{"$date":"2019-06-14T19:19:17.442Z"},"startTime":{"$date":"2019-06-14T19:19:17.442Z"},"endTime":{"$date":"2019-06-14T00:02:35.000Z"},"buildNumber":"5","buildUrl":"http://ec2-34-212-9-250.us-west-2.compute.amazonaws.com:8080/job/qi-cia-fortify/5/","result":"SUCCESS","duration":"155184"},{"timeStamp":{"$date":"2019-06-14T19:10:06.369Z"},"startTime":{"$date":"2019-06-14T19:10:06.369Z"},"endTime":{"$date":"2019-06-14T00:02:29.000Z"},"buildNumber":"4","buildUrl":"http://ec2-34-212-9-250.us-west-2.compute.amazonaws.com:8080/job/qi-cia-fortify/4/","result":"SUCCESS","duration":"149587"},{"timeStamp":{"$date":"2019-06-11T15:15:14.125Z"},"startTime":{"$date":"2019-06-11T15:15:14.125Z"},"endTime":{"$date":"2019-06-11T00:02:43.000Z"},"buildNumber":"3","buildUrl":"http://ec2-34-212-9-250.us-west-2.compute.amazonaws.com:8080/job/qi-cia-fortify/3/","result":"SUCCESS","duration":"163590"},{"timeStamp":{"$date":"2019-06-10T22:34:30.642Z"},"startTime":{"$date":"2019-06-10T22:34:30.642Z"},"endTime":{"$date":"2019-06-10T00:02:46.000Z"},"buildNumber":"2","buildUrl":"http://ec2-34-212-9-250.us-west-2.compute.amazonaws.com:8080/job/qi-cia-fortify/2/","result":"SUCCESS","duration":"166585"},{"timeStamp":{"$date":"2019-06-06T09:52:52.384Z"},"startTime":{"$date":"2019-06-06T09:52:52.384Z"},"endTime":{"$date":"2019-06-06T00:01:14.000Z"},"buildNumber":"1","buildUrl":"http://ec2-34-212-9-250.us-west-2.compute.amazonaws.com:8080/job/qi-cia-fortify/1/","result":"SUCCESS","duration":"74324"}],"joburl":"http://ec2-34-212-9-250.us-west-2.compute.amazonaws.com:8080/job/qi-cia-fortify/"}
{"_id":{"$oid":"5d12272ee896b6d89e28a530"},"_class":"org.json.simple.JSONObject","jobName":"main \u003e qi-cia-testfootprintcapture-fortify","builds":[{"timeStamp":{"$date":"2019-06-14T19:20:07.909Z"},"startTime":{"$date":"2019-06-14T19:20:07.909Z"},"endTime":{"$date":"2019-06-14T00:02:12.000Z"},"buildNumber":"5","buildUrl":"http://ec2-34-212-9-250.us-west-2.compute.amazonaws.com:8080/job/qi-cia-testfootprintcapture-fortify/5/","result":"SUCCESS","duration":"132270"},{"timeStamp":{"$date":"2019-06-14T19:10:09.223Z"},"startTime":{"$date":"2019-06-14T19:10:09.223Z"},"endTime":{"$date":"2019-06-14T00:01:54.000Z"},"buildNumber":"4","buildUrl":"http://ec2-34-212-9-250.us-west-2.compute.amazonaws.com:8080/job/qi-cia-testfootprintcapture-fortify/4/","result":"SUCCESS","duration":"114546"},{"timeStamp":{"$date":"2019-06-11T15:17:19.133Z"},"startTime":{"$date":"2019-06-11T15:17:19.133Z"},"endTime":{"$date":"2019-06-11T00:02:17.000Z"},"buildNumber":"3","buildUrl":"http://ec2-34-212-9-250.us-west-2.compute.amazonaws.com:8080/job/qi-cia-testfootprintcapture-fortify/3/","result":"SUCCESS","duration":"137074"},{"timeStamp":{"$date":"2019-06-10T22:35:11.235Z"},"startTime":{"$date":"2019-06-10T22:35:11.235Z"},"endTime":{"$date":"2019-06-10T00:02:13.000Z"},"buildNumber":"2","buildUrl":"http://ec2-34-212-9-250.us-west-2.compute.amazonaws.com:8080/job/qi-cia-testfootprintcapture-fortify/2/","result":"SUCCESS","duration":"133951"},{"timeStamp":{"$date":"2019-06-06T10:06:39.779Z"},"startTime":{"$date":"2019-06-06T10:06:39.779Z"},"endTime":{"$date":"2019-06-06T00:00:58.000Z"},"buildNumber":"1","buildUrl":"http://ec2-34-212-9-250.us-west-2.compute.amazonaws.com:8080/job/qi-cia-testfootprintcapture-fortify/1/","result":"SUCCESS","duration":"58783"}],"joburl":"http://ec2-34-212-9-250.us-west-2.compute.amazonaws.com:8080/job/qi-cia-testfootprintcapture-fortify/"}
{"_id":{"$oid":"5d12272ee896b6d89e28a531"},"_class":"org.json.simple.JSONObject","jobName":"main \u003e qi-functional-tests-tosca","builds":[{"timeStamp":{"$date":"2019-06-25T12:08:00.959Z"},"startTime":{"$date":"2019-06-25T12:08:00.959Z"},"endTime":{"$date":"2019-06-25T00:11:04.000Z"},"buildNumber":"155","buildUrl":"http://ec2-34-212-9-250.us-west-2.compute.amazonaws.com:8080/job/qi-functional-tests-tosca/155/","result":"UNSTABLE","duration":"664768"},{"timeStamp":{"$date":"2019-06-25T00:08:00.962Z"},"startTime":{"$date":"2019-06-25T00:08:00.962Z"},"endTime":{"$date":"2019-06-25T00:11:09.000Z"},"buildNumber":"154","buildUrl":"http://ec2-34-212-9-250.us-west-2.compute.amazonaws.com:8080/job/qi-functional-tests-tosca/154/","result":"UNSTABLE","duration":"669037"},{"timeStamp":{"$date":"2019-06-24T12:39:51.163Z"},"startTime":{"$date":"2019-06-24T12:39:51.163Z"},"endTime":{"$date":"2019-06-24T00:11:04.000Z"},"buildNumber":"153","buildUrl":"http://ec2-34-212-9-250.us-west-2.compute.amazonaws.com:8080/job/qi-functional-tests-tosca/153/","result":"UNSTABLE","duration":"664759"},{"timeStamp":{"$date":"2019-06-24T12:19:04.867Z"},"startTime":{"$date":"2019-06-24T12:19:04.867Z"},"endTime":{"$date":"2019-06-24T00:10:04.000Z"},"buildNumber":"152","buildUrl":"http://ec2-34-212-9-250.us-west-2.compute.amazonaws.com:8080/job/qi-functional-tests-tosca/152/","result":"UNSTABLE","duration":"604719"},{"timeStamp":{"$date":"2019-06-24T12:08:00.048Z"},"startTime":{"$date":"2019-06-24T12:08:00.048Z"},"endTime":{"$date":"2019-06-24T00:11:04.000Z"},"buildNumber":"151","buildUrl":"http://ec2-34-212-9-250.us-west-2.compute.amazonaws.com:8080/job/qi-functional-tests-tosca/151/","result":"UNSTABLE","duration":"664770"},{"timeStamp":{"$date":"2019-06-19T14:09:02.915Z"},"startTime":{"$date":"2019-06-19T14:09:02.915Z"},"endTime":{"$date":"2019-06-19T00:10:04.000Z"},"buildNumber":"139","buildUrl":"http://ec2-34-212-9-250.us-west-2.compute.amazonaws.com:8080/job/qi-functional-tests-tosca/139/","result":"SUCCESS","duration":"604709"}],"joburl":"http://ec2-34-212-9-250.us-west-2.compute.amazonaws.com:8080/job/qi-functional-tests-tosca/"}
{"_id":{"$oid":"5d12272ee896b6d89e28a532"},"_class":"org.json.simple.JSONObject","jobName":"main \u003e qi-functional-tests-tosca-tbd","builds":[{"timeStamp":{"$date":"2019-05-24T22:19:51.140Z"},"startTime":{"$date":"2019-05-24T22:19:51.140Z"},"endTime":{"$date":"2019-05-24T00:00:06.000Z"},"buildNumber":"185","buildUrl":"http://ec2-34-212-9-250.us-west-2.compute.amazonaws.com:8080/job/qi-functional-tests-tosca-tbd/185/","result":"FAILURE","duration":"6757"},{"timeStamp":{"$date":"2019-05-24T17:40:45.595Z"},"startTime":{"$date":"2019-05-24T17:40:45.595Z"},"endTime":{"$date":"2019-05-24T00:00:08.000Z"},"buildNumber":"184","buildUrl":"http://ec2-34-212-9-250.us-west-2.compute.amazonaws.com:8080/job/qi-functional-tests-tosca-tbd/184/","result":"FAILURE","duration":"8784"},{"timeStamp":{"$date":"2019-05-24T07:06:39.999Z"},"startTime":{"$date":"2019-05-24T07:06:39.999Z"},"endTime":{"$date":"2019-05-24T00:00:09.000Z"},"buildNumber":"183","buildUrl":"http://ec2-34-212-9-250.us-west-2.compute.amazonaws.com:8080/job/qi-functional-tests-tosca-tbd/183/","result":"FAILURE","duration":"9967"},{"timeStamp":{"$date":"2019-05-23T02:28:00.462Z"},"startTime":{"$date":"2019-05-23T02:28:00.462Z"},"endTime":{"$date":"2019-05-23T00:00:18.000Z"},"buildNumber":"182","buildUrl":"http://ec2-34-212-9-250.us-west-2.compute.amazonaws.com:8080/job/qi-functional-tests-tosca-tbd/182/","result":"FAILURE","duration":"18100"},{"timeStamp":{"$date":"2019-05-22T03:21:22.354Z"},"startTime":{"$date":"2019-05-22T03:21:22.354Z"},"endTime":{"$date":"2019-05-22T00:05:33.000Z"},"buildNumber":"181","buildUrl":"http://ec2-34-212-9-250.us-west-2.compute.amazonaws.com:8080/job/qi-functional-tests-tosca-tbd/181/","result":"FAILURE","duration":"333637"},{"timeStamp":{"$date":"2019-05-09T20:21:30.393Z"},"startTime":{"$date":"2019-05-09T20:21:30.393Z"},"endTime":{"$date":"2019-05-09T00:06:59.000Z"},"buildNumber":"161","buildUrl":"http://ec2-34-212-9-250.us-west-2.compute.amazonaws.com:8080/job/qi-functional-tests-tosca-tbd/161/","result":"SUCCESS","duration":"419980"}],"joburl":"http://ec2-34-212-9-250.us-west-2.compute.amazonaws.com:8080/job/qi-functional-tests-tosca-tbd/"}
{"_id":{"$oid":"5d12272ee896b6d89e28a533"},"_class":"org.json.simple.JSONObject","jobName":"main \u003e qi-platform-build","builds":[{"timeStamp":{"$date":"2019-06-25T12:20:36.926Z"},"startTime":{"$date":"2019-06-25T12:20:36.926Z"},"endTime":{"$date":"2019-06-25T00:02:18.000Z"},"buildNumber":"835","buildUrl":"http://ec2-34-212-9-250.us-west-2.compute.amazonaws.com:8080/job/qi-platform-build/835/","result":"SUCCESS","duration":"138866"},{"timeStamp":{"$date":"2019-06-25T11:30:17.864Z"},"startTime":{"$date":"2019-06-25T11:30:17.864Z"},"endTime":{"$date":"2019-06-25T00:02:05.000Z"},"buildNumber":"834","buildUrl":"http://ec2-34-212-9-250.us-west-2.compute.amazonaws.com:8080/job/qi-platform-build/834/","result":"SUCCESS","duration":"125492"},{"timeStamp":{"$date":"2019-06-21T14:02:02.490Z"},"startTime":{"$date":"2019-06-21T14:02:02.490Z"},"endTime":{"$date":"2019-06-21T00:01:40.000Z"},"buildNumber":"823","buildUrl":"http://ec2-34-212-9-250.us-west-2.compute.amazonaws.com:8080/job/qi-platform-build/823/","result":"FAILURE","duration":"100633"}],"joburl":"http://ec2-34-212-9-250.us-west-2.compute.amazonaws.com:8080/job/qi-platform-build/"}
{"_id":{"$oid":"5d12272ee896b6d89e28a534"},"_class":"org.json.simple.JSONObject","jobName":"main \u003e qi-platform-builds-sealights","builds":[{"timeStamp":{"$date":"2019-06-25T11:30:17.871Z"},"startTime":{"$date":"2019-06-25T11:30:17.871Z"},"endTime":{"$date":"2019-06-25T00:00:33.000Z"},"buildNumber":"99","buildUrl":"http://ec2-34-212-9-250.us-west-2.compute.amazonaws.com:8080/job/qi-platform-builds-sealights/99/","result":"FAILURE","duration":"33866"},{"timeStamp":{"$date":"2019-06-25T06:37:12.215Z"},"startTime":{"$date":"2019-06-25T06:37:12.215Z"},"endTime":{"$date":"2019-06-25T00:00:35.000Z"},"buildNumber":"98","buildUrl":"http://ec2-34-212-9-250.us-west-2.compute.amazonaws.com:8080/job/qi-platform-builds-sealights/98/","result":"FAILURE","duration":"35870"},{"timeStamp":{"$date":"2019-06-13T12:47:15.335Z"},"startTime":{"$date":"2019-06-13T12:47:15.335Z"},"endTime":{"$date":"2019-06-13T00:02:07.000Z"},"buildNumber":"39","buildUrl":"http://ec2-34-212-9-250.us-west-2.compute.amazonaws.com:8080/job/qi-platform-builds-sealights/39/","result":"SUCCESS","duration":"127113"}],"joburl":"http://ec2-34-212-9-250.us-west-2.compute.amazonaws.com:8080/job/qi-platform-builds-sealights/"}
{"_id":{"$oid":"5d12272ee896b6d89e28a535"},"_class":"org.json.simple.JSONObject","jobName":"main \u003e qi-platform-tests","builds":[{"timeStamp":{"$date":"2019-06-25T12:35:00.958Z"},"startTime":{"$date":"2019-06-25T12:35:00.958Z"},"endTime":{"$date":"2019-06-25T00:00:25.000Z"},"buildNumber":"441","buildUrl":"http://ec2-34-212-9-250.us-west-2.compute.amazonaws.com:8080/job/qi-platform-tests/441/","result":"UNSTABLE","duration":"25948"},{"timeStamp":{"$date":"2019-06-24T12:35:00.046Z"},"startTime":{"$date":"2019-06-24T12:35:00.046Z"},"endTime":{"$date":"2019-06-24T00:00:19.000Z"},"buildNumber":"440","buildUrl":"http://ec2-34-212-9-250.us-west-2.compute.amazonaws.com:8080/job/qi-platform-tests/440/","result":"UNSTABLE","duration":"19627"},{"timeStamp":{"$date":"2019-05-29T11:00:54.897Z"},"startTime":{"$date":"2019-05-29T11:00:54.897Z"},"endTime":{"$date":"2019-05-29T00:00:10.000Z"},"buildNumber":"407","buildUrl":"http://ec2-34-212-9-250.us-west-2.compute.amazonaws.com:8080/job/qi-platform-tests/407/","result":"FAILURE","duration":"10955"},{"timeStamp":{"$date":"2019-03-06T12:35:00.166Z"},"startTime":{"$date":"2019-03-06T12:35:00.166Z"},"endTime":{"$date":"2019-03-06T00:03:38.000Z"},"buildNumber":"298","buildUrl":"http://ec2-34-212-9-250.us-west-2.compute.amazonaws.com:8080/job/qi-platform-tests/298/","result":"SUCCESS","duration":"218921"}],"joburl":"http://ec2-34-212-9-250.us-west-2.compute.amazonaws.com:8080/job/qi-platform-tests/"}
{"_id":{"$oid":"5d12272ee896b6d89e28a536"},"_class":"org.json.simple.JSONObject","jobName":"main \u003e qi-python-bots-fortify","builds":[{"timeStamp":{"$date":"2019-06-24T15:41:32.982Z"},"startTime":{"$date":"2019-06-24T15:41:32.982Z"},"endTime":{"$date":"2019-06-24T00:03:27.000Z"},"buildNumber":"58","buildUrl":"http://ec2-34-212-9-250.us-west-2.compute.amazonaws.com:8080/job/qi-python-bots-fortify/58/","result":"SUCCESS","duration":"207964"},{"timeStamp":{"$date":"2019-06-24T06:11:12.943Z"},"startTime":{"$date":"2019-06-24T06:11:12.943Z"},"endTime":{"$date":"2019-06-24T00:02:26.000Z"},"buildNumber":"57","buildUrl":"http://ec2-34-212-9-250.us-west-2.compute.amazonaws.com:8080/job/qi-python-bots-fortify/57/","result":"FAILURE","duration":"146724"},{"timeStamp":{"$date":"2019-06-21T11:41:14.102Z"},"startTime":{"$date":"2019-06-21T11:41:14.102Z"},"endTime":{"$date":"2019-06-21T00:03:35.000Z"},"buildNumber":"56","buildUrl":"http://ec2-34-212-9-250.us-west-2.compute.amazonaws.com:8080/job/qi-python-bots-fortify/56/","result":"SUCCESS","duration":"215660"}],"joburl":"http://ec2-34-212-9-250.us-west-2.compute.amazonaws.com:8080/job/qi-python-bots-fortify/"}
{"_id":{"$oid":"5d12272ee896b6d89e28a537"},"_class":"org.json.simple.JSONObject","jobName":"main \u003e qi-scala-bots-build","builds":[{"timeStamp":{"$date":"2019-06-25T12:20:53.091Z"},"startTime":{"$date":"2019-06-25T12:20:53.091Z"},"endTime":{"$date":"2019-06-25T00:01:26.000Z"},"buildNumber":"177","buildUrl":"http://ec2-34-212-9-250.us-west-2.compute.amazonaws.com:8080/job/qi-scala-bots-build/177/","result":"SUCCESS","duration":"86765"},{"timeStamp":{"$date":"2019-06-25T04:55:11.980Z"},"startTime":{"$date":"2019-06-25T04:55:11.980Z"},"endTime":{"$date":"2019-06-25T00:01:06.000Z"},"buildNumber":"176","buildUrl":"http://ec2-34-212-9-250.us-west-2.compute.amazonaws.com:8080/job/qi-scala-bots-build/176/","result":"SUCCESS","duration":"66167"},{"timeStamp":{"$date":"2019-06-21T15:30:58.601Z"},"startTime":{"$date":"2019-06-21T15:30:58.601Z"},"endTime":{"$date":"2019-06-21T00:01:22.000Z"},"buildNumber":"175","buildUrl":"http://ec2-34-212-9-250.us-west-2.compute.amazonaws.com:8080/job/qi-scala-bots-build/175/","result":"SUCCESS","duration":"82457"}],"joburl":"http://ec2-34-212-9-250.us-west-2.compute.amazonaws.com:8080/job/qi-scala-bots-build/"}
{"_id":{"$oid":"5d12272ee896b6d89e28a538"},"_class":"org.json.simple.JSONObject","jobName":"main \u003e qi-scala-bots-fortify","builds":[{"timeStamp":{"$date":"2019-06-24T15:43:26.178Z"},"startTime":{"$date":"2019-06-24T15:43:26.178Z"},"endTime":{"$date":"2019-06-24T00:04:58.000Z"},"buildNumber":"23","buildUrl":"http://ec2-34-212-9-250.us-west-2.compute.amazonaws.com:8080/job/qi-scala-bots-fortify/23/","result":"SUCCESS","duration":"298086"},{"timeStamp":{"$date":"2019-06-24T15:41:16.563Z"},"startTime":{"$date":"2019-06-24T15:41:16.563Z"},"endTime":{"$date":"2019-06-24T00:02:08.000Z"},"buildNumber":"22","buildUrl":"http://ec2-34-212-9-250.us-west-2.compute.amazonaws.com:8080/job/qi-scala-bots-fortify/22/","result":"SUCCESS","duration":"128889"},{"timeStamp":{"$date":"2019-06-24T15:05:44.301Z"},"startTime":{"$date":"2019-06-24T15:05:44.301Z"},"endTime":{"$date":"2019-06-24T00:00:57.000Z"},"buildNumber":"21","buildUrl":"http://ec2-34-212-9-250.us-west-2.compute.amazonaws.com:8080/job/qi-scala-bots-fortify/21/","result":"FAILURE","duration":"57383"}],"joburl":"http://ec2-34-212-9-250.us-west-2.compute.amazonaws.com:8080/job/qi-scala-bots-fortify/"}
{"_id":{"$oid":"5d12272ee896b6d89e28a539"},"_class":"org.json.simple.JSONObject","jobName":"main \u003e qi-windows-linux-packager","builds":[{"timeStamp":{"$date":"2019-06-25T12:56:09.207Z"},"startTime":{"$date":"2019-06-25T12:56:09.207Z"},"endTime":{"$date":"2019-06-25T00:01:19.000Z"},"buildNumber":"34","buildUrl":"http://ec2-34-212-9-250.us-west-2.compute.amazonaws.com:8080/job/qi-windows-linux-packager/34/","result":"SUCCESS","duration":"79224"},{"timeStamp":{"$date":"2019-06-24T11:16:25.004Z"},"startTime":{"$date":"2019-06-24T11:16:25.004Z"},"endTime":{"$date":"2019-06-24T00:01:10.000Z"},"buildNumber":"33","buildUrl":"http://ec2-34-212-9-250.us-west-2.compute.amazonaws.com:8080/job/qi-windows-linux-packager/33/","result":"SUCCESS","duration":"70604"},{"timeStamp":{"$date":"2019-06-21T15:34:43.938Z"},"startTime":{"$date":"2019-06-21T15:34:43.938Z"},"endTime":{"$date":"2019-06-21T00:00:14.000Z"},"buildNumber":"32","buildUrl":"http://ec2-34-212-9-250.us-west-2.compute.amazonaws.com:8080/job/qi-windows-linux-packager/32/","result":"ABORTED","duration":"14370"},{"timeStamp":{"$date":"2019-06-21T14:22:20.015Z"},"startTime":{"$date":"2019-06-21T14:22:20.015Z"},"endTime":{"$date":"2019-06-21T00:00:08.000Z"},"buildNumber":"31","buildUrl":"http://ec2-34-212-9-250.us-west-2.compute.amazonaws.com:8080/job/qi-windows-linux-packager/31/","result":"FAILURE","duration":"8333"},{"timeStamp":{"$date":"2019-06-21T14:19:46.859Z"},"startTime":{"$date":"2019-06-21T14:19:46.859Z"},"endTime":{"$date":"2019-06-21T00:00:17.000Z"},"buildNumber":"30","buildUrl":"http://ec2-34-212-9-250.us-west-2.compute.amazonaws.com:8080/job/qi-windows-linux-packager/30/","result":"FAILURE","duration":"17507"},{"timeStamp":{"$date":"2019-06-17T11:48:12.849Z"},"startTime":{"$date":"2019-06-17T11:48:12.849Z"},"endTime":{"$date":"2019-06-17T00:01:25.000Z"},"buildNumber":"29","buildUrl":"http://ec2-34-212-9-250.us-west-2.compute.amazonaws.com:8080/job/qi-windows-linux-packager/29/","result":"SUCCESS","duration":"85906"},{"timeStamp":{"$date":"2019-06-14T14:32:45.182Z"},"startTime":{"$date":"2019-06-14T14:32:45.182Z"},"endTime":{"$date":"2019-06-14T00:55:52.000Z"},"buildNumber":"28","buildUrl":"http://ec2-34-212-9-250.us-west-2.compute.amazonaws.com:8080/job/qi-windows-linux-packager/28/","result":"SUCCESS","duration":"3352221"},{"timeStamp":{"$date":"2019-06-14T12:55:37.528Z"},"startTime":{"$date":"2019-06-14T12:55:37.528Z"},"endTime":{"$date":"2019-06-14T00:01:02.000Z"},"buildNumber":"27","buildUrl":"http://ec2-34-212-9-250.us-west-2.compute.amazonaws.com:8080/job/qi-windows-linux-packager/27/","result":"SUCCESS","duration":"62362"},{"timeStamp":{"$date":"2019-06-14T09:39:37.324Z"},"startTime":{"$date":"2019-06-14T09:39:37.324Z"},"endTime":{"$date":"2019-06-14T00:01:16.000Z"},"buildNumber":"26","buildUrl":"http://ec2-34-212-9-250.us-west-2.compute.amazonaws.com:8080/job/qi-windows-linux-packager/26/","result":"SUCCESS","duration":"76650"},{"timeStamp":{"$date":"2019-06-03T13:47:05.578Z"},"startTime":{"$date":"2019-06-03T13:47:05.578Z"},"endTime":{"$date":"2019-06-03T00:00:56.000Z"},"buildNumber":"25","buildUrl":"http://ec2-34-212-9-250.us-west-2.compute.amazonaws.com:8080/job/qi-windows-linux-packager/25/","result":"SUCCESS","duration":"56249"},{"timeStamp":{"$date":"2019-05-31T07:05:27.019Z"},"startTime":{"$date":"2019-05-31T07:05:27.019Z"},"endTime":{"$date":"2019-05-31T00:56:10.000Z"},"buildNumber":"24","buildUrl":"http://ec2-34-212-9-250.us-west-2.compute.amazonaws.com:8080/job/qi-windows-linux-packager/24/","result":"SUCCESS","duration":"3370795"},{"timeStamp":{"$date":"2019-05-29T13:53:05.268Z"},"startTime":{"$date":"2019-05-29T13:53:05.268Z"},"endTime":{"$date":"2019-05-29T00:00:49.000Z"},"buildNumber":"23","buildUrl":"http://ec2-34-212-9-250.us-west-2.compute.amazonaws.com:8080/job/qi-windows-linux-packager/23/","result":"SUCCESS","duration":"49416"},{"timeStamp":{"$date":"2019-05-29T12:14:02.056Z"},"startTime":{"$date":"2019-05-29T12:14:02.056Z"},"endTime":{"$date":"2019-05-29T00:01:03.000Z"},"buildNumber":"22","buildUrl":"http://ec2-34-212-9-250.us-west-2.compute.amazonaws.com:8080/job/qi-windows-linux-packager/22/","result":"SUCCESS","duration":"63608"},{"timeStamp":{"$date":"2019-05-24T12:54:41.487Z"},"startTime":{"$date":"2019-05-24T12:54:41.487Z"},"endTime":{"$date":"2019-05-24T00:00:54.000Z"},"buildNumber":"21","buildUrl":"http://ec2-34-212-9-250.us-west-2.compute.amazonaws.com:8080/job/qi-windows-linux-packager/21/","result":"SUCCESS","duration":"54316"},{"timeStamp":{"$date":"2019-05-24T12:48:09.771Z"},"startTime":{"$date":"2019-05-24T12:48:09.771Z"},"endTime":{"$date":"2019-05-24T00:04:26.000Z"},"buildNumber":"20","buildUrl":"http://ec2-34-212-9-250.us-west-2.compute.amazonaws.com:8080/job/qi-windows-linux-packager/20/","result":"FAILURE","duration":"266513"},{"timeStamp":{"$date":"2019-05-24T11:45:38.072Z"},"startTime":{"$date":"2019-05-24T11:45:38.072Z"},"endTime":{"$date":"2019-05-24T00:00:47.000Z"},"buildNumber":"19","buildUrl":"http://ec2-34-212-9-250.us-west-2.compute.amazonaws.com:8080/job/qi-windows-linux-packager/19/","result":"SUCCESS","duration":"47192"},{"timeStamp":{"$date":"2019-05-24T06:09:44.387Z"},"startTime":{"$date":"2019-05-24T06:09:44.387Z"},"endTime":{"$date":"2019-05-24T00:00:42.000Z"},"buildNumber":"18","buildUrl":"http://ec2-34-212-9-250.us-west-2.compute.amazonaws.com:8080/job/qi-windows-linux-packager/18/","result":"SUCCESS","duration":"42474"},{"timeStamp":{"$date":"2019-05-24T05:06:29.917Z"},"startTime":{"$date":"2019-05-24T05:06:29.917Z"},"endTime":{"$date":"2019-05-24T00:56:15.000Z"},"buildNumber":"17","buildUrl":"http://ec2-34-212-9-250.us-west-2.compute.amazonaws.com:8080/job/qi-windows-linux-packager/17/","result":"SUCCESS","duration":"3375112"},{"timeStamp":{"$date":"2019-05-14T11:29:49.981Z"},"startTime":{"$date":"2019-05-14T11:29:49.981Z"},"endTime":{"$date":"2019-05-14T00:00:39.000Z"},"buildNumber":"16","buildUrl":"http://ec2-34-212-9-250.us-west-2.compute.amazonaws.com:8080/job/qi-windows-linux-packager/16/","result":"SUCCESS","duration":"39848"},{"timeStamp":{"$date":"2019-05-10T13:50:08.198Z"},"startTime":{"$date":"2019-05-10T13:50:08.198Z"},"endTime":{"$date":"2019-05-10T00:00:41.000Z"},"buildNumber":"15","buildUrl":"http://ec2-34-212-9-250.us-west-2.compute.amazonaws.com:8080/job/qi-windows-linux-packager/15/","result":"SUCCESS","duration":"41260"},{"timeStamp":{"$date":"2019-05-09T12:11:44.953Z"},"startTime":{"$date":"2019-05-09T12:11:44.953Z"},"endTime":{"$date":"2019-05-09T00:00:37.000Z"},"buildNumber":"14","buildUrl":"http://ec2-34-212-9-250.us-west-2.compute.amazonaws.com:8080/job/qi-windows-linux-packager/14/","result":"SUCCESS","duration":"37490"},{"timeStamp":{"$date":"2019-05-09T12:10:40.211Z"},"startTime":{"$date":"2019-05-09T12:10:40.211Z"},"endTime":{"$date":"2019-05-09T00:00:39.000Z"},"buildNumber":"13","buildUrl":"http://ec2-34-212-9-250.us-west-2.compute.amazonaws.com:8080/job/qi-windows-linux-packager/13/","result":"SUCCESS","duration":"39204"},{"timeStamp":{"$date":"2019-05-09T12:09:54.659Z"},"startTime":{"$date":"2019-05-09T12:09:54.659Z"},"endTime":{"$date":"2019-05-09T00:00:06.000Z"},"buildNumber":"12","buildUrl":"http://ec2-34-212-9-250.us-west-2.compute.amazonaws.com:8080/job/qi-windows-linux-packager/12/","result":"FAILURE","duration":"6041"},{"timeStamp":{"$date":"2019-05-09T12:09:09.370Z"},"startTime":{"$date":"2019-05-09T12:09:09.370Z"},"endTime":{"$date":"2019-05-09T00:00:07.000Z"},"buildNumber":"11","buildUrl":"http://ec2-34-212-9-250.us-west-2.compute.amazonaws.com:8080/job/qi-windows-linux-packager/11/","result":"FAILURE","duration":"7434"},{"timeStamp":{"$date":"2019-05-09T08:51:38.651Z"},"startTime":{"$date":"2019-05-09T08:51:38.651Z"},"endTime":{"$date":"2019-05-09T00:56:25.000Z"},"buildNumber":"10","buildUrl":"http://ec2-34-212-9-250.us-west-2.compute.amazonaws.com:8080/job/qi-windows-linux-packager/10/","result":"SUCCESS","duration":"3385916"},{"timeStamp":{"$date":"2019-05-09T08:50:10.660Z"},"startTime":{"$date":"2019-05-09T08:50:10.660Z"},"endTime":{"$date":"2019-05-09T00:00:05.000Z"},"buildNumber":"9","buildUrl":"http://ec2-34-212-9-250.us-west-2.compute.amazonaws.com:8080/job/qi-windows-linux-packager/9/","result":"SUCCESS","duration":"5245"},{"timeStamp":{"$date":"2019-05-09T08:49:59.885Z"},"startTime":{"$date":"2019-05-09T08:49:59.885Z"},"endTime":{"$date":"2019-05-09T00:00:05.000Z"},"buildNumber":"8","buildUrl":"http://ec2-34-212-9-250.us-west-2.compute.amazonaws.com:8080/job/qi-windows-linux-packager/8/","result":"SUCCESS","duration":"5223"},{"timeStamp":{"$date":"2019-05-09T08:49:13.249Z"},"startTime":{"$date":"2019-05-09T08:49:13.249Z"},"endTime":{"$date":"2019-05-09T00:00:05.000Z"},"buildNumber":"7","buildUrl":"http://ec2-34-212-9-250.us-west-2.compute.amazonaws.com:8080/job/qi-windows-linux-packager/7/","result":"FAILURE","duration":"5335"},{"timeStamp":{"$date":"2019-05-09T08:48:24.874Z"},"startTime":{"$date":"2019-05-09T08:48:24.874Z"},"endTime":{"$date":"2019-05-09T00:00:09.000Z"},"buildNumber":"6","buildUrl":"http://ec2-34-212-9-250.us-west-2.compute.amazonaws.com:8080/job/qi-windows-linux-packager/6/","result":"FAILURE","duration":"9939"},{"timeStamp":{"$date":"2019-05-09T08:46:47.199Z"},"startTime":{"$date":"2019-05-09T08:46:47.199Z"},"endTime":{"$date":"2019-05-09T00:00:06.000Z"},"buildNumber":"5","buildUrl":"http://ec2-34-212-9-250.us-west-2.compute.amazonaws.com:8080/job/qi-windows-linux-packager/5/","result":"FAILURE","duration":"6047"},{"timeStamp":{"$date":"2019-05-09T06:34:54.452Z"},"startTime":{"$date":"2019-05-09T06:34:54.452Z"},"endTime":{"$date":"2019-05-09T00:56:11.000Z"},"buildNumber":"4","buildUrl":"http://ec2-34-212-9-250.us-west-2.compute.amazonaws.com:8080/job/qi-windows-linux-packager/4/","result":"FAILURE","duration":"3371817"},{"timeStamp":{"$date":"2019-05-09T06:33:41.995Z"},"startTime":{"$date":"2019-05-09T06:33:41.995Z"},"endTime":{"$date":"2019-05-09T00:00:00.000Z"},"buildNumber":"3","buildUrl":"http://ec2-34-212-9-250.us-west-2.compute.amazonaws.com:8080/job/qi-windows-linux-packager/3/","result":"FAILURE","duration":"18"},{"timeStamp":{"$date":"2019-05-09T06:28:55.004Z"},"startTime":{"$date":"2019-05-09T06:28:55.004Z"},"endTime":{"$date":"2019-05-09T00:00:00.000Z"},"buildNumber":"2","buildUrl":"http://ec2-34-212-9-250.us-west-2.compute.amazonaws.com:8080/job/qi-windows-linux-packager/2/","result":"SUCCESS","duration":"495"},{"timeStamp":{"$date":"2019-05-09T06:26:43.259Z"},"startTime":{"$date":"2019-05-09T06:26:43.259Z"},"endTime":{"$date":"2019-05-09T00:00:00.000Z"},"buildNumber":"1","buildUrl":"http://ec2-34-212-9-250.us-west-2.compute.amazonaws.com:8080/job/qi-windows-linux-packager/1/","result":"FAILURE","duration":"8"}],"joburl":"http://ec2-34-212-9-250.us-west-2.compute.amazonaws.com:8080/job/qi-windows-linux-packager/"}
{"_id":{"$oid":"5d12272ee896b6d89e28a53a"},"_class":"org.json.simple.JSONObject","jobName":"main \u003e qi_platform_fortify","builds":[{"timeStamp":{"$date":"2019-06-24T15:41:22.169Z"},"startTime":{"$date":"2019-06-24T15:41:22.169Z"},"endTime":{"$date":"2019-06-24T00:21:05.000Z"},"buildNumber":"120","buildUrl":"http://ec2-34-212-9-250.us-west-2.compute.amazonaws.com:8080/job/qi_platform_fortify/120/","result":"SUCCESS","duration":"1265774"},{"timeStamp":{"$date":"2019-06-24T11:44:42.109Z"},"startTime":{"$date":"2019-06-24T11:44:42.109Z"},"endTime":{"$date":"2019-06-24T00:29:02.000Z"},"buildNumber":"119","buildUrl":"http://ec2-34-212-9-250.us-west-2.compute.amazonaws.com:8080/job/qi_platform_fortify/119/","result":"FAILURE","duration":"1742555"},{"timeStamp":{"$date":"2019-06-24T11:14:18.646Z"},"startTime":{"$date":"2019-06-24T11:14:18.646Z"},"endTime":{"$date":"2019-06-24T00:30:23.000Z"},"buildNumber":"118","buildUrl":"http://ec2-34-212-9-250.us-west-2.compute.amazonaws.com:8080/job/qi_platform_fortify/118/","result":"FAILURE","duration":"1823033"}],"joburl":"http://ec2-34-212-9-250.us-west-2.compute.amazonaws.com:8080/job/qi_platform_fortify/"}
