{"_id":{"$oid":"5996a0f56efbb5c3fc49bdee"},"storyID":"US43","defID":"DE1","defName":"Test Defect","defDescription":"","defPrjName":"DevOps","priority":"None","severity":"None","defectCreationDate":"2016-11-03T18:18:21.439Z","defectLastUpdateDate":"2017-07-19T18:02:14.928Z","status":"Submitted","rallyWorkspace":"Workspace 1","SprintID":null,"levelId":10101.0,"defectId":101}
{"_id":{"$oid":"5996a0f66efbb5c3fc49bdef"},"storyID":"US43","defID":"DE2","defName":"Test Defect","defDescription":"","defPrjName":"DevOps","priority":"None","severity":"None","defectCreationDate":"2016-11-03T18:20:41.160Z","defectLastUpdateDate":"2017-07-19T18:04:32.521Z","status":"Fixed","rallyWorkspace":"Workspace 1","SprintID":null,"levelId":10101.0,"defectId":102}
{"_id":{"$oid":"5996a0f66efbb5c3fc49bdf2"},"storyID":"US12","defID":"DE3","defName":"Defect_1","defDescription":"Unable to open application","defPrjName":"Taxi4U","priority":"None","severity":"None","defectCreationDate":"2016-11-25T14:02:33.391Z","defectLastUpdateDate":"2016-11-25T14:02:33.940Z","status":"Submitted","rallyWorkspace":"Workspace 1","SprintID":3,"levelId":10101.0,"defectId":104}
{"_id":{"$oid":"5996a0f66efbb5c3fc49bdf3"},"storyID":"US12","defID":"DE4","defName":"DE12","defDescription":"","defPrjName":"Taxi4U","priority":"None","severity":"None","defectCreationDate":"2017-08-18T00:24:32.072Z","defectLastUpdateDate":"2017-08-18T00:24:32.115Z","status":"Submitted","rallyWorkspace":"Workspace 1","SprintID":4,"levelId":10101.0,"defectId":105}
{"_id":{"$oid":"599725e76efb3938b64577e4"},"storyID":"US43","defID":"DE1","defName":"Test Defect","defDescription":"","defPrjName":"DevOps","priority":"None","severity":"None","defectCreationDate":"2016-11-03T18:18:21.439Z","defectLastUpdateDate":"2017-07-19T18:02:14.928Z","status":"Submitted","rallyWorkspace":"Workspace 1","SprintID":null,"levelId":10101.0,"defectId":103}
{"_id":{"$oid":"599725e76efb3938b64577e5"},"storyID":"US43","defID":"DE2","defName":"Test Defect","defDescription":"","defPrjName":"DevOps","priority":"None","severity":"None","defectCreationDate":"2016-11-03T18:20:41.160Z","defectLastUpdateDate":"2017-07-19T18:04:32.521Z","status":"Fixed","rallyWorkspace":"Workspace 1","SprintID":null,"levelId":10101.0,"defectId":108}
{"_id":{"$oid":"599725e86efb3938b6457802"},"storyID":"US10","defID":"DE3","defName":"Defect_1","defDescription":"Unable to open application","defPrjName":"Taxi4U","priority":"None","severity":"None","defectCreationDate":"2016-11-25T14:02:33.391Z","defectLastUpdateDate":"2016-11-25T14:02:33.940Z","status":"Submitted","rallyWorkspace":"Workspace 1","SprintID":3,"levelId":10101.0,"defectId":109}
{"_id":{"$oid":"599725e86efb3938b6457803"},"storyID":"US12","defID":"DE4","defName":"DE12","defDescription":"","defPrjName":"Taxi4U","priority":"None","severity":"None","defectCreationDate":"2017-08-18T00:24:32.072Z","defectLastUpdateDate":"2017-08-18T00:24:32.115Z","status":"Submitted","rallyWorkspace":"Workspace 1","SprintID":4,"levelId":10101.0,"defectId":110}
{"_id":{"$oid":"59974a036efb0d05858d2f6a"},"storyID":"US43","defID":"DE1","defName":"Test Defect","defDescription":"","defPrjName":"DevOps","priority":"None","severity":"None","defectCreationDate":"2016-11-03T18:18:21.439Z","defectLastUpdateDate":"2017-07-19T18:02:14.928Z","status":"Submitted","rallyWorkspace":"Workspace 1","SprintID":null,"levelId":10101.0,"defectId":107}
{"_id":{"$oid":"59974a046efb0d05858d2f6b"},"storyID":"US43","defID":"DE2","defName":"Test Defect","defDescription":"","defPrjName":"DevOps","priority":"None","severity":"None","defectCreationDate":"2016-11-03T18:20:41.160Z","defectLastUpdateDate":"2017-07-19T18:04:32.521Z","status":"Fixed","rallyWorkspace":"Workspace 1","SprintID":null,"levelId":10101.0,"defectId":106}
{"_id":{"$oid":"59974a056efb0d05858d2f88"},"storyID":"US10","defID":"DE3","defName":"Defect_1","defDescription":"Unable to open application","defPrjName":"Taxi4U","priority":"None","severity":"None","defectCreationDate":"2016-11-25T14:02:33.391Z","defectLastUpdateDate":"2016-11-25T14:02:33.940Z","status":"Submitted","rallyWorkspace":"Workspace 1","SprintID":3,"levelId":10101.0,"defectId":113}
{"_id":{"$oid":"59974a056efb0d05858d2f89"},"storyID":"US12","defID":"DE4","defName":"DE12","defDescription":"","defPrjName":"Taxi4U","priority":"None","severity":"None","defectCreationDate":"2017-08-18T00:24:32.072Z","defectLastUpdateDate":"2017-08-18T00:24:32.115Z","status":"Submitted","rallyWorkspace":"Workspace 1","SprintID":4,"levelId":10101.0,"defectId":112}
{"_id":{"$oid":"599859716efb5a1441616a28"},"storyID":"US43","defID":"DE1","defName":"Test Defect","defDescription":"","defPrjName":"DevOps","priority":"None","severity":"None","defectCreationDate":"2016-11-03T18:18:21.439Z","defectLastUpdateDate":"2017-07-19T18:02:14.928Z","status":"Submitted","rallyWorkspace":"Workspace 1","SprintID":null,"levelId":10101.0,"defectId":114}
{"_id":{"$oid":"599859716efb5a1441616a29"},"storyID":"US43","defID":"DE2","defName":"Test Defect","defDescription":"","defPrjName":"DevOps","priority":"None","severity":"None","defectCreationDate":"2016-11-03T18:20:41.160Z","defectLastUpdateDate":"2017-07-19T18:04:32.521Z","status":"Fixed","rallyWorkspace":"Workspace 1","SprintID":null,"levelId":10101.0,"defectId":119}
{"_id":{"$oid":"599859736efb5a1441616a46"},"storyID":"US10","defID":"DE3","defName":"Defect_1","defDescription":"Unable to open application","defPrjName":"Taxi4U","priority":"None","severity":"None","defectCreationDate":"2016-11-25T14:02:33.391Z","defectLastUpdateDate":"2016-11-25T14:02:33.940Z","status":"Submitted","rallyWorkspace":"Workspace 1","SprintID":3,"levelId":10101.0,"defectId":111}
{"_id":{"$oid":"599859746efb5a1441616a47"},"storyID":"US12","defID":"DE4","defName":"DE12","defDescription":"","defPrjName":"Taxi4U","priority":"None","severity":"None","defectCreationDate":"2017-08-18T00:24:32.072Z","defectLastUpdateDate":"2017-08-18T00:24:32.115Z","status":"Submitted","rallyWorkspace":"Workspace 1","SprintID":4,"levelId":10101.0,"defectId":115}
{"_id":{"$oid":"59a05ca46efb92abe6e87cb6"},"storyID":"US43","defID":"DE1","defName":"Test Defect","defDescription":"","defPrjName":"DevOps","priority":"None","severity":"None","defectCreationDate":"2016-11-03T18:18:21.439Z","defectLastUpdateDate":"2017-07-19T18:02:14.928Z","status":"Submitted","rallyWorkspace":"Workspace 1","SprintID":null,"levelId":10101.0,"defectId":116}
{"_id":{"$oid":"59a05ca46efb92abe6e87cb7"},"storyID":"US43","defID":"DE2","defName":"Test Defect","defDescription":"","defPrjName":"DevOps","priority":"None","severity":"None","defectCreationDate":"2016-11-03T18:20:41.160Z","defectLastUpdateDate":"2017-07-19T18:04:32.521Z","status":"Fixed","rallyWorkspace":"Workspace 1","SprintID":null,"levelId":10101.0,"defectId":117}
{"_id":{"$oid":"59a05ca66efb92abe6e87cd4"},"storyID":"US10","defID":"DE3","defName":"Defect_1","defDescription":"Unable to open application","defPrjName":"Taxi4U","priority":"None","severity":"None","defectCreationDate":"2016-11-25T14:02:33.391Z","defectLastUpdateDate":"2016-11-25T14:02:33.940Z","status":"Submitted","rallyWorkspace":"Workspace 1","SprintID":3,"levelId":10101.0,"defectId":118}
{"_id":{"$oid":"59a05ca66efb92abe6e87cd5"},"storyID":"US12","defID":"DE4","defName":"DE12","defDescription":"","defPrjName":"Taxi4U","priority":"None","severity":"None","defectCreationDate":"2017-08-18T00:24:32.072Z","defectLastUpdateDate":"2017-08-18T00:24:32.115Z","status":"Submitted","rallyWorkspace":"Workspace 1","SprintID":4,"levelId":10101.0,"defectId":120}
