{"_id":{"$oid":"5ce9bae4c6e8567fe49c8507"},"prjKey":"IDDEV","prjName":"iDashboard-Development","prjId":"10101","levelId":10101,"issueID":10593,"issueKey":"IDDEV-489","issueType":"Test","issueStatus":"To Do","issueStatusCategory":"To Do","storyPoints":5.0,"issueSprint":"","issueSprintStartDate":null,"issueSprintEndDate":null,"issueCreated":{"$date":"2019-04-02T08:47:25.000Z"},"issueUpdated":{"$date":"2019-04-02T08:47:25.000Z"},"issueResolved":null,"issuePriority":"","issueVersion":[],"issueEpic":"without Epics","issueAssignee":"Unassigned","linkedBugs":[],"linkedStories":[]}
{"_id":{"$oid":"5ce9bae6c6e8567fe49c856f"},"prjKey":"IDDEV","prjName":"iDashboard-Development","prjId":"10101","levelId":10101,"issueID":10489,"issueKey":"IDDEV-385","issueType":"Test","issueStatus":"To Do","issueStatusCategory":"To Do","storyPoints":5.0,"issueSprint":"","issueSprintStartDate":null,"issueSprintEndDate":null,"issueCreated":{"$date":"2019-03-12T07:21:59.000Z"},"issueUpdated":{"$date":"2019-04-12T09:01:12.000Z"},"issueResolved":null,"issuePriority":"High","issueVersion":[],"issueEpic":"without Epics","issueAssignee":"Unassigned","linkedBugs":[],"linkedStories":[]}
{"_id":{"$oid":"5ce9bae6c6e8567fe49c8570"},"prjKey":"IDDEV","prjName":"iDashboard-Development","prjId":"10101","levelId":10101,"issueID":10488,"issueKey":"IDDEV-384","issueType":"Test","issueStatus":"To Do","issueStatusCategory":"To Do","storyPoints":5.0,"issueSprint":"","issueSprintStartDate":null,"issueSprintEndDate":null,"issueCreated":{"$date":"2019-03-12T06:55:45.000Z"},"issueUpdated":{"$date":"2019-03-12T07:04:16.000Z"},"issueResolved":null,"issuePriority":"Medium","issueVersion":[],"issueEpic":"without Epics","issueAssignee":"Unassigned","linkedBugs":[],"linkedStories":[]}
{"_id":{"$oid":"5ce9bae9c6e8566610d83722"},"prjKey":"IDDEV","prjName":"iDashboard-Development","prjId":"10101","levelId":10101,"issueID":10118,"issueKey":"IDDEV-14","issueType":"Test","issueStatus":"To Do","issueStatusCategory":"To Do","storyPoints":5.0,"issueSprint":"","issueSprintStartDate":null,"issueSprintEndDate":null,"issueCreated":{"$date":"2018-07-10T16:21:29.000Z"},"issueUpdated":{"$date":"2019-03-19T06:08:16.000Z"},"issueResolved":null,"issuePriority":"Medium","issueVersion":[],"issueEpic":"without Epics","issueAssignee":"Unassigned","linkedBugs":[],"linkedStories":[]}
{"_id":{"$oid":"5cebcb6f8a912d1a5041c3cf"},"prjKey":"IDDEV","prjName":"iDashboard-Development","prjId":"10101","levelId":10101,"issueID":10593,"issueKey":"IDDEV-489","issueType":"Test","issueStatus":"To Do","issueStatusCategory":"To Do","storyPoints":5.0,"issueSprint":"","issueSprintStartDate":null,"issueSprintEndDate":null,"issueCreated":{"$date":"2019-04-02T08:47:25.000Z"},"issueUpdated":{"$date":"2019-04-02T08:47:25.000Z"},"issueResolved":null,"issuePriority":"","issueVersion":[],"issueEpic":"without Epics","issueAssignee":"Unassigned","linkedBugs":[],"linkedStories":[]}
{"_id":{"$oid":"5cebcb6f8a912d1a5041c437"},"prjKey":"IDDEV","prjName":"iDashboard-Development","prjId":"10101","levelId":10101,"issueID":10489,"issueKey":"IDDEV-385","issueType":"Test","issueStatus":"To Do","issueStatusCategory":"To Do","storyPoints":5.0,"issueSprint":"","issueSprintStartDate":null,"issueSprintEndDate":null,"issueCreated":{"$date":"2019-03-12T07:21:59.000Z"},"issueUpdated":{"$date":"2019-04-12T09:01:12.000Z"},"issueResolved":null,"issuePriority":"High","issueVersion":[],"issueEpic":"without Epics","issueAssignee":"Unassigned","linkedBugs":[],"linkedStories":[]}
{"_id":{"$oid":"5cebcb6f8a912d1a5041c438"},"prjKey":"IDDEV","prjName":"iDashboard-Development","prjId":"10101","levelId":10101,"issueID":10488,"issueKey":"IDDEV-384","issueType":"Test","issueStatus":"To Do","issueStatusCategory":"To Do","storyPoints":5.0,"issueSprint":"","issueSprintStartDate":null,"issueSprintEndDate":null,"issueCreated":{"$date":"2019-03-12T06:55:45.000Z"},"issueUpdated":{"$date":"2019-03-12T07:04:16.000Z"},"issueResolved":null,"issuePriority":"Medium","issueVersion":[],"issueEpic":"without Epics","issueAssignee":"Unassigned","linkedBugs":[],"linkedStories":[]}
{"_id":{"$oid":"5cebcb718a912d1a5041c525"},"prjKey":"IDDEV","prjName":"iDashboard-Development","prjId":"10101","levelId":10101,"issueID":10118,"issueKey":"IDDEV-14","issueType":"Test","issueStatus":"To Do","issueStatusCategory":"To Do","storyPoints":5.0,"issueSprint":"","issueSprintStartDate":null,"issueSprintEndDate":null,"issueCreated":{"$date":"2018-07-10T16:21:29.000Z"},"issueUpdated":{"$date":"2019-03-19T06:08:16.000Z"},"issueResolved":null,"issuePriority":"Medium","issueVersion":[],"issueEpic":"without Epics","issueAssignee":"Unassigned","linkedBugs":[],"linkedStories":[]}
{"_id":{"$oid":"5cf4d385c6e8567184f8b1cd"},"prjKey":"IDDEV","prjName":"iDashboard-Development","prjId":"10101","levelId":10101,"issueID":10593,"issueKey":"IDDEV-489","issueType":"Test","issueStatus":"To Do","issueStatusCategory":"To Do","storyPoints":5.0,"issueSprint":"","issueSprintStartDate":null,"issueSprintEndDate":null,"issueCreated":{"$date":"2019-04-02T08:47:25.000Z"},"issueUpdated":{"$date":"2019-04-02T08:47:25.000Z"},"issueResolved":null,"issuePriority":"","issueVersion":[],"issueEpic":"without Epics","issueAssignee":"Unassigned","linkedBugs":[],"linkedStories":[]}
{"_id":{"$oid":"5cf4d385c6e8567184f8b236"},"prjKey":"IDDEV","prjName":"iDashboard-Development","prjId":"10101","levelId":10101,"issueID":10488,"issueKey":"IDDEV-384","issueType":"Test","issueStatus":"To Do","issueStatusCategory":"To Do","storyPoints":5.0,"issueSprint":"","issueSprintStartDate":null,"issueSprintEndDate":null,"issueCreated":{"$date":"2019-03-12T06:55:45.000Z"},"issueUpdated":{"$date":"2019-03-12T07:04:16.000Z"},"issueResolved":null,"issuePriority":"Medium","issueVersion":[],"issueEpic":"without Epics","issueAssignee":"Unassigned","linkedBugs":[],"linkedStories":[]}
{"_id":{"$oid":"5cf4d386c6e8567184f8b2d7"},"prjKey":"IDDEV","prjName":"iDashboard-Development","prjId":"10101","levelId":10101,"issueID":10118,"issueKey":"IDDEV-14","issueType":"Test","issueStatus":"To Do","issueStatusCategory":"To Do","storyPoints":5.0,"issueSprint":"","issueSprintStartDate":null,"issueSprintEndDate":null,"issueCreated":{"$date":"2018-07-10T16:21:29.000Z"},"issueUpdated":{"$date":"2019-03-19T06:08:16.000Z"},"issueResolved":null,"issuePriority":"Medium","issueVersion":[],"issueEpic":"without Epics","issueAssignee":"Unassigned","linkedBugs":[],"linkedStories":[]}
{"_id":{"$oid":"5cf4efa2c6e856872473842c"},"prjKey":"IDDEV","prjName":"iDashboard-Development","prjId":"10101","levelId":10101,"issueID":10489,"issueKey":"IDDEV-385","issueType":"Test","issueStatus":"To Do","issueStatusCategory":"To Do","storyPoints":5.0,"issueSprint":"","issueSprintStartDate":null,"issueSprintEndDate":null,"issueCreated":{"$date":"2019-03-12T07:21:59.000Z"},"issueUpdated":{"$date":"2019-04-12T09:01:12.000Z"},"issueResolved":null,"issuePriority":"High","issueVersion":[],"issueEpic":"without Epics","issueAssignee":"Unassigned","linkedBugs":[],"linkedStories":[]}
{"_id":{"$oid":"5cf77345c6e856b31821ebce"},"prjKey":"IDDEV","prjName":"iDashboard-Development","prjId":"10101","levelId":10101,"issueID":13449,"issueKey":"IDDEV-605","issueType":"Test","issueStatus":"To Do","issueStatusCategory":"To Do","storyPoints":5.0,"issueSprint":"IDDEV Jul Rel Sprint2","issueSprintStartDate":{"$date":"2019-06-04T12:38:00.000Z"},"issueSprintEndDate":{"$date":"2019-06-18T12:38:00.000Z"},"issueCreated":{"$date":"2019-06-04T11:10:56.000Z"},"issueUpdated":{"$date":"2019-06-05T07:00:19.000Z"},"issueResolved":null,"issuePriority":"Low","issueVersion":[],"issueEpic":"without Epics","issueAssignee":"Unassigned","linkedBugs":[{"bugID":"10486","bugKey":"IDDEV-382"}],"linkedStories":[]}
{"_id":{"$oid":"5cf9ff828a912d3b4c9cf05b"},"prjKey":"IDDEV","prjName":"iDashboard-Development","prjId":"10101","levelId":10101,"issueID":13450,"issueKey":"IDDEV-606","issueType":"Test","issueStatus":"To Do","issueStatusCategory":"To Do","storyPoints":5.0,"issueSprint":"","issueSprintStartDate":null,"issueSprintEndDate":null,"issueCreated":{"$date":"2019-06-05T08:06:10.000Z"},"issueUpdated":{"$date":"2019-06-05T08:06:10.000Z"},"issueResolved":null,"issuePriority":"Low","issueVersion":[],"issueEpic":"without Epics","issueAssignee":"Shankar Mahadevan","linkedBugs":[],"linkedStories":[]}
{"_id":{"$oid":"5cf9ff828a912d3b4c9cf05c"},"prjKey":"IDDEV","prjName":"iDashboard-Development","prjId":"10101","levelId":10101,"issueID":13449,"issueKey":"IDDEV-605","issueType":"Test","issueStatus":"To Do","issueStatusCategory":"To Do","storyPoints":5.0,"issueSprint":"","issueSprintStartDate":null,"issueSprintEndDate":null,"issueCreated":{"$date":"2019-06-04T11:10:56.000Z"},"issueUpdated":{"$date":"2019-06-05T07:00:19.000Z"},"issueResolved":null,"issuePriority":"Low","issueVersion":[],"issueEpic":"without Epics","issueAssignee":"Unassigned","linkedBugs":[{"bugID":"10486","bugKey":"IDDEV-382"}],"linkedStories":[]}
{"_id":{"$oid":"5cfa37c28a912d3b4c9cf129"},"prjKey":"IDDEV","prjName":"iDashboard-Development","prjId":"10101","levelId":10101,"issueID":13447,"issueKey":"IDDEV-603","issueType":"Test","issueStatus":"To Do","issueStatusCategory":"To Do","storyPoints":5.0,"issueSprint":"","issueSprintStartDate":null,"issueSprintEndDate":null,"issueCreated":{"$date":"2019-06-04T10:43:19.000Z"},"issueUpdated":{"$date":"2019-06-04T10:43:19.000Z"},"issueResolved":null,"issuePriority":"","issueVersion":[],"issueEpic":"without Epics","issueAssignee":"Unassigned","linkedBugs":[],"linkedStories":[]}
{"_id":{"$oid":"5cfa37c28a912d3b4c9cf12a"},"prjKey":"IDDEV","prjName":"iDashboard-Development","prjId":"10101","levelId":10101,"issueID":13446,"issueKey":"IDDEV-602","issueType":"Test","issueStatus":"To Do","issueStatusCategory":"To Do","storyPoints":5.0,"issueSprint":"","issueSprintStartDate":null,"issueSprintEndDate":null,"issueCreated":{"$date":"2019-06-04T10:38:14.000Z"},"issueUpdated":{"$date":"2019-06-04T10:38:14.000Z"},"issueResolved":null,"issuePriority":"","issueVersion":[],"issueEpic":"without Epics","issueAssignee":"Unassigned","linkedBugs":[],"linkedStories":[]}
{"_id":{"$oid":"5cfa4bee8a912d1a504202e0"},"prjKey":"IDDEV","prjName":"iDashboard-Development","prjId":"10101","levelId":10101,"issueID":13448,"issueKey":"IDDEV-604","issueType":"Test","issueStatus":"To Do","issueStatusCategory":"To Do","storyPoints":5.0,"issueSprint":"","issueSprintStartDate":null,"issueSprintEndDate":null,"issueCreated":{"$date":"2019-06-04T10:46:52.000Z"},"issueUpdated":{"$date":"2019-06-04T11:38:12.000Z"},"issueResolved":null,"issuePriority":"Highest","issueVersion":[],"issueEpic":"without Epics","issueAssignee":"Unassigned","linkedBugs":[],"linkedStories":[]}
{"_id":{"$oid":"5cfa70028a912d3b4c9cf1f3"},"prjKey":"IDDEV","prjName":"iDashboard-Development","prjId":"10101","levelId":10101,"issueID":13445,"issueKey":"IDDEV-601","issueType":"Test","issueStatus":"To Do","issueStatusCategory":"To Do","storyPoints":5.0,"issueSprint":"","issueSprintStartDate":null,"issueSprintEndDate":null,"issueCreated":{"$date":"2019-06-04T10:27:33.000Z"},"issueUpdated":{"$date":"2019-06-05T06:59:06.000Z"},"issueResolved":null,"issuePriority":"","issueVersion":[],"issueEpic":"without Epics","issueAssignee":"Unassigned","linkedBugs":[],"linkedStories":[]}
{"_id":{"$oid":"5cfa70028a912d3b4c9cf235"},"prjKey":"IDDEV","prjName":"iDashboard-Development","prjId":"10101","levelId":10101,"issueID":10591,"issueKey":"IDDEV-487","issueType":"Test","issueStatus":"To Do","issueStatusCategory":"To Do","storyPoints":5.0,"issueSprint":"","issueSprintStartDate":null,"issueSprintEndDate":null,"issueCreated":{"$date":"2019-04-02T05:42:54.000Z"},"issueUpdated":{"$date":"2019-06-05T06:56:09.000Z"},"issueResolved":null,"issuePriority":"","issueVersion":[],"issueEpic":"without Epics","issueAssignee":"Unassigned","linkedBugs":[{"bugID":"10554","bugKey":"IDDEV-450"}],"linkedStories":[]}
{"_id":{"$oid":"5cfa70028a912d3b4c9cf236"},"prjKey":"IDDEV","prjName":"iDashboard-Development","prjId":"10101","levelId":10101,"issueID":10590,"issueKey":"IDDEV-486","issueType":"Test","issueStatus":"Done","issueStatusCategory":"Done","storyPoints":5.0,"issueSprint":"","issueSprintStartDate":null,"issueSprintEndDate":null,"issueCreated":{"$date":"2019-04-01T12:18:39.000Z"},"issueUpdated":{"$date":"2019-06-05T06:25:22.000Z"},"issueResolved":{"$date":"2019-04-12T11:27:45.000Z"},"issuePriority":"Medium","issueVersion":[{"versionID":"10101","versionName":"1.0.1"},{"versionID":"10101","versionName":"1.0.1"}],"issueEpic":"without Epics","issueAssignee":"Aghalya","linkedBugs":[{"bugID":"10526","bugKey":"IDDEV-422"},{"bugID":"10526","bugKey":"IDDEV-422"}],"linkedStories":[]}
{"_id":{"$oid":"5cfbbe7cc6e8561fc8f359ed"},"prjKey":"IDDEV","prjName":"iDashboard-Development","prjId":"10101","levelId":10101,"issueID":13448,"issueKey":"IDDEV-604","issueType":"Test","issueStatus":"To Do","issueStatusCategory":"To Do","storyPoints":5.0,"issueSprint":"","issueSprintStartDate":null,"issueSprintEndDate":null,"issueCreated":{"$date":"2019-06-04T10:46:52.000Z"},"issueUpdated":{"$date":"2019-06-04T11:38:12.000Z"},"issueResolved":null,"issuePriority":"Highest","issueVersion":[],"issueEpic":"without Epics","issueAssignee":"Unassigned","linkedBugs":[],"linkedStories":[]}
{"_id":{"$oid":"5cfbbe7cc6e8561fc8f359ee"},"prjKey":"IDDEV","prjName":"iDashboard-Development","prjId":"10101","levelId":10101,"issueID":13447,"issueKey":"IDDEV-603","issueType":"Test","issueStatus":"To Do","issueStatusCategory":"To Do","storyPoints":5.0,"issueSprint":"","issueSprintStartDate":null,"issueSprintEndDate":null,"issueCreated":{"$date":"2019-06-04T10:43:19.000Z"},"issueUpdated":{"$date":"2019-06-04T10:43:19.000Z"},"issueResolved":null,"issuePriority":"","issueVersion":[],"issueEpic":"without Epics","issueAssignee":"Unassigned","linkedBugs":[],"linkedStories":[]}
{"_id":{"$oid":"5cfbbe7cc6e8561fc8f359ef"},"prjKey":"IDDEV","prjName":"iDashboard-Development","prjId":"10101","levelId":10101,"issueID":13446,"issueKey":"IDDEV-602","issueType":"Test","issueStatus":"To Do","issueStatusCategory":"To Do","storyPoints":5.0,"issueSprint":"","issueSprintStartDate":null,"issueSprintEndDate":null,"issueCreated":{"$date":"2019-06-04T10:38:14.000Z"},"issueUpdated":{"$date":"2019-06-04T10:38:14.000Z"},"issueResolved":null,"issuePriority":"","issueVersion":[],"issueEpic":"without Epics","issueAssignee":"Unassigned","linkedBugs":[],"linkedStories":[]}
{"_id":{"$oid":"5cfbbe7cc6e8561fc8f359f0"},"prjKey":"IDDEV","prjName":"iDashboard-Development","prjId":"10101","levelId":10101,"issueID":13445,"issueKey":"IDDEV-601","issueType":"Test","issueStatus":"To Do","issueStatusCategory":"To Do","storyPoints":5.0,"issueSprint":"","issueSprintStartDate":null,"issueSprintEndDate":null,"issueCreated":{"$date":"2019-06-04T10:27:33.000Z"},"issueUpdated":{"$date":"2019-06-05T06:59:06.000Z"},"issueResolved":null,"issuePriority":"","issueVersion":[],"issueEpic":"without Epics","issueAssignee":"Unassigned","linkedBugs":[],"linkedStories":[]}
{"_id":{"$oid":"5cfbbe7dc6e8561fc8f35a56"},"prjKey":"IDDEV","prjName":"iDashboard-Development","prjId":"10101","levelId":10101,"issueID":10591,"issueKey":"IDDEV-487","issueType":"Test","issueStatus":"To Do","issueStatusCategory":"To Do","storyPoints":5.0,"issueSprint":"","issueSprintStartDate":null,"issueSprintEndDate":null,"issueCreated":{"$date":"2019-04-02T05:42:54.000Z"},"issueUpdated":{"$date":"2019-06-05T06:56:09.000Z"},"issueResolved":null,"issuePriority":"","issueVersion":[],"issueEpic":"without Epics","issueAssignee":"Unassigned","linkedBugs":[{"bugID":"10554","bugKey":"IDDEV-450"}],"linkedStories":[]}
{"_id":{"$oid":"5cfbbe7dc6e8561fc8f35a57"},"prjKey":"IDDEV","prjName":"iDashboard-Development","prjId":"10101","levelId":10101,"issueID":10590,"issueKey":"IDDEV-486","issueType":"Test","issueStatus":"Done","issueStatusCategory":"Done","storyPoints":5.0,"issueSprint":"IDDEV May Rel Sprint 2","issueSprintStartDate":{"$date":"2019-04-02T03:35:04.457Z"},"issueSprintEndDate":{"$date":"2019-04-12T03:35:00.000Z"},"issueCreated":{"$date":"2019-04-01T12:18:39.000Z"},"issueUpdated":{"$date":"2019-06-05T06:25:22.000Z"},"issueResolved":{"$date":"2019-04-12T11:27:45.000Z"},"issuePriority":"Medium","issueVersion":[{"versionID":"10101","versionName":"1.0.1"},{"versionID":"10101","versionName":"1.0.1"}],"issueEpic":"without Epics","issueAssignee":"Aghalya","linkedBugs":[{"bugID":"10526","bugKey":"IDDEV-422"},{"bugID":"10526","bugKey":"IDDEV-422"}],"linkedStories":[]}
