{"_id":{"$oid":"5aec52fa1d5f4206a521a3e2"},"_class":"com.cts.metricsportal.vo.ProductDashboardVO","relName":"Rel_1","products":["demo"],"owner":"298834","fromDates":{"$date":"2019-03-20T22:35:25.000Z"},"toDates":{"$date":"2019-03-20T22:35:25.000Z"},"ispublic":false}
{"_id":{"$oid":"5cf6493007e5fb74500b66fb"},"_class":"com.cts.metricsportal.vo.KpiDashboardVO","relName":"Test","products":["5282019"],"owner":"admin","createdDate":{"$date":"2019-06-04T10:34:00.000Z"},"fromDates":{"$date":"2019-05-01T00:00:00.000Z"},"toDates":{"$date":"2019-05-31T00:00:00.000Z"},"ispublic":true,"selectedMetric":[{"metricName":"Total User Story Count"},{"metricName":"Sprint Count"},{"metricName":"Total Contributor Count"},{"metricName":"Lines of Code"},{"metricName":"Total Commit Count"},{"metricName":"Execution Count"},{"metricName":"Defects Count"},{"metricName":"Deployed Environments"},{"metricName":"Deployment Status"},{"metricName":"Automated Test Pass %"},{"metricName":"Incident Resolved with SLA"},{"metricName":"Deployment Size"},{"metricName":"Deployment Volume"},{"metricName":"Deployment Failure"},{"metricName":"Successful Deployment Speed"}]}
