{"_id":{"$oid":"5e392e82beb2b82440865c68"},"levelIdKey":"PROJECTS*LDF*LDF_Release_LifeSys","level1":"PROJECTS","level2":"LDF","level3":"LDF_Release_LifeSys","prjId":"0f715788-eed0-4167-b071-3766a6c341ee","releaseId":"1017","SourceTool":"ALM","levelId":711017}
{"_id":{"$oid":"5e392e82beb2b82440865c6c"},"levelIdKey":"PROJECTS*LDF*LDF_LifeWriter","level1":"PROJECTS","level2":"LDF","level3":"LDF_LifeWriter","prjId":"0f715788-eed0-4167-b071-3766a6c341ee","releaseId":"1020","SourceTool":"ALM","levelId":711020}
{"_id":{"$oid":"5e392ecebeb2b82440866a7c"},"levelIdKey":"PROJECTS*Life*2020 Q1 DesignIt Illustration System Release","level1":"PROJECTS","level2":"Life","level3":"2020 Q1 DesignIt Illustration System Release","prjId":"8b35bc25-88f0-4b3a-990e-8bd6881773c3","releaseId":"2103","SourceTool":"ALM","levelId":8352103}
{"_id":{"$oid":"5e392ee7beb2b82440866ef5"},"levelIdKey":"PROJECTS*Enterprise_Business_Systems*LP Plus","level1":"PROJECTS","level2":"Enterprise_Business_Systems","level3":"LP Plus","prjId":"9b496416-2fb6-4b0e-b877-c6b19765006e","releaseId":"1111","SourceTool":"ALM","levelId":9491111}
{"_id":{"$oid":"5e392ee7beb2b82440866ef7"},"levelIdKey":"PROJECTS*Enterprise_Business_Systems*DesignIT","level1":"PROJECTS","level2":"Enterprise_Business_Systems","level3":"DesignIT","prjId":"9b496416-2fb6-4b0e-b877-c6b19765006e","releaseId":"1112","SourceTool":"ALM","levelId":9491112}
{"_id":{"$oid":"5e3c280ebeb2b83d6cbbd276"},"levelIdKey":"PROJECTS*Annuities*FTW VTG Winter Release SYT9","level1":"PROJECTS","level2":"Annuities","level3":"FTW VTG Winter Release SYT9","prjId":"5e63b645-56f4-4399-b011-2f9c6f0ed131","releaseId":"1287","SourceTool":"ALM","levelId":5631287}
{"_id":{"$oid":"5e3c285abeb2b83d6cbbe521"},"levelIdKey":"PROJECTS*RPS*33374 - Hardship Regulatory Changes - RPS QA","level1":"PROJECTS","level2":"RPS","level3":"33374 - Hardship Regulatory Changes - RPS QA","prjId":"5ebb014d-4d49-407a-9855-741952ea8446","releaseId":"2072","SourceTool":"ALM","levelId":5012072}
{"_id":{"$oid":"5e3c285abeb2b83d6cbbe538"},"levelIdKey":"PROJECTS*RPS*B-67873 Load CYTD PYTD and Roth Cost Basis to RSXNET for Takeover Plans","level1":"PROJECTS","level2":"RPS","level3":"B-67873 Load CYTD PYTD and Roth Cost Basis to RSXNET for Takeover Plans","prjId":"5ebb014d-4d49-407a-9855-741952ea8446","releaseId":"2094","SourceTool":"ALM","levelId":5012094}
