{"_id":{"$oid":"59f7041540536d039fe717cd"},"_class":"com.cts.metricsportal.vo.LCDashboardVO","dashboardName":"Taxi4U","description":"Taxi4u project","owner":"105490","component":{"buildJobName":"Taxi4U-Java","codeAnalysisProjectName":"Demo - Java - Taxi4U Ver_1_0_2","gitName":"cognizantgithub","gitType":"users","gitRepo":"Taxi4U","domainName":"TESTING","projectName":"Proj_4","releaseName":"Default","rallyProject":"Sample Project","cookbookName":"Sample"},"ispublic":"false"}
{"_id":{"$oid":"5a1c091d4053fadf6cd5abbc"},"_class":"com.cts.metricsportal.vo.LCDashboardVO","dashboardName":"Taxi4U","description":"Taxi4U","owner":"qwerty","component":{"buildJobName":"Taxi4U-Java","codeAnalysisProjectName":"Demo - Java - Taxi4U Ver_1_0_2","gitName":"Microsoft","gitType":"Users","gitRepo":"AdaptiveCards","domainName":"TESTING","projectName":"Proj_4","releaseName":"Default","rallyProject":"Taxi4U","cookbookName":"Taxi4U"},"ispublic":"false"}
{"_id":{"$oid":"5a369abe4053d2c1178c1e43"},"_class":"com.cts.metricsportal.vo.LCDashboardVO","dashboardName":"Taxi4U","description":"Taxi4U","owner":"116559","component":{"buildJobName":"Taxi4U-Java","codeAnalysisProjectName":"Demo - Java - Taxi4U Ver_1_0_2","gitName":"Microsoft","gitType":"Users","gitRepo":"AdaptiveCards","domainName":"DEVOPS","projectName":"Online_Portal","releaseName":"Default","rallyProject":"Taxi4U","cookbookName":"Taxi4U"},"ispublic":"false"}
{"_id":{"$oid":"5a5347ed7426b5a63146ec82"},"_class":"com.cts.metricsportal.vo.LCDashboardVO","dashboardName":"Taxi4U","description":"Taxi4U","owner":"demouser","component":{"buildJobName":"Taxi4U-Java","codeAnalysisProjectName":"Demo - Java - Taxi4U Ver_1_0_2","gitName":"Microsoft","gitType":"Users","gitRepo":"AdaptiveCards","domainName":"TESTING","projectName":"Proj_4","releaseName":"Default","rallyProject":"Taxi4U","cookbookName":"Taxi4U"},"ispublic":"false"}
{"_id":{"$oid":"5a5349437426b5a63146ec85"},"_class":"com.cts.metricsportal.vo.LCDashboardVO","dashboardName":"Taxi4U","description":"Taxi4U","owner":"478479","component":{"buildJobName":"Taxi4U-Java","codeAnalysisProjectName":"Demo - Java - Taxi4U Ver_1_0_2","gitName":"Microsoft","gitType":"Users","gitRepo":"AirSim","domainName":"TESTING","projectName":"Proj_4","releaseName":"Default","rallyProject":"Taxi4U","cookbookName":"Sample"},"ispublic":"false"}
{"_id":{"$oid":"5a534aac7426b5a63146ec88"},"_class":"com.cts.metricsportal.vo.LCDashboardVO","dashboardName":"Insurance","description":"Insurance","owner":"demouser","component":{"buildJobName":"InsuranceQuote-.Net","codeAnalysisProjectName":"Hygieia","gitName":"facebook","gitType":"Users","gitRepo":"buck","domainName":"DEVOPS","projectName":"Online_Portal","releaseName":"Rel_1.0","rallyProject":"DevOps","cookbookName":"Taxi4U"},"ispublic":"false"}
{"_id":{"$oid":"5a53729b7426b5a63146ec8b"},"_class":"com.cts.metricsportal.vo.LCDashboardVO","dashboardName":"Taxi4U","description":"Taxi4U","owner":"603641","component":{"buildJobName":"Taxi4U-Java","codeAnalysisProjectName":"Demo - Java - Taxi4U Ver_1_0_2","gitName":"Microsoft","gitType":"Users","gitRepo":"AirSim","domainName":"TESTING","projectName":"Proj_4","releaseName":"Default","rallyProject":"Taxi4U","cookbookName":"Taxi4U"},"ispublic":"false"}
{"_id":{"$oid":"5a60cd5174262a2233d5c531"},"_class":"com.cts.metricsportal.vo.LCDashboardVO","dashboardName":"Taxi4u","description":"Taxi4u","owner":"138497","component":{"buildJobName":"Taxi4U-Java","codeAnalysisProjectName":"Demo - Java - Taxi4U Ver_1_0_2","gitName":"Microsoft","gitType":"Users","gitRepo":"AdaptiveCards","domainName":"DEVOPS","projectName":"Online_Portal","releaseName":"Rel_3.1","rallyProject":"Taxi4U","cookbookName":"Taxi4U"},"ispublic":"false"}
{"_id":{"$oid":"5a62169c74262a2233d5c53d"},"_class":"com.cts.metricsportal.vo.LCDashboardVO","dashboardName":"Taxi4U1","description":"Taxi4U","owner":"105471","component":{"buildJobName":"Zap Proxy","codeAnalysisProjectName":"Demo - Java - Taxi4U Ver_1_0_2","gitName":"Microsoft","gitType":"Users","gitRepo":"2LCS","domainName":"DEVOPS","projectName":"Online_Portal","releaseName":"Rel_1.0","rallyProject":"DevOps","cookbookName":"Taxi4U"},"ispublic":"false"}
{"_id":{"$oid":"5a62173b74262a2233d5c53f"},"_class":"com.cts.metricsportal.vo.LCDashboardVO","dashboardName":"Taxi4U","description":"Taxi4U","owner":"468110","component":{"buildJobName":"Promote_and_Deploy_to_QA","codeAnalysisProjectName":"Demo - Java - Taxi4U Ver_1_0_2","gitName":"facebook","gitType":"Users","gitRepo":"bistro","domainName":"TESTING","projectName":"Proj_4","releaseName":"Default","rallyProject":"Taxi4U","cookbookName":"Taxi4U"},"ispublic":"false"}
{"_id":{"$oid":"5a6217b174262a2233d5c541"},"_class":"com.cts.metricsportal.vo.LCDashboardVO","dashboardName":"Taxi4U","description":"Taxi4U","owner":"144366","component":{"buildJobName":"Taxi4U-Java","codeAnalysisProjectName":"Demo - Java - Taxi4U Ver_1_0_2","gitName":"Microsoft","gitType":"Users","gitRepo":"AdaptiveCards","domainName":"DEVOPS","projectName":"Online_Portal","releaseName":"Rel_4","rallyProject":"Taxi4U","cookbookName":"Taxi4U"},"ispublic":"false"}
{"_id":{"$oid":"5a62182074262a2233d5c543"},"_class":"com.cts.metricsportal.vo.LCDashboardVO","dashboardName":"Taxi4U","description":"Taxi4U","owner":"614019","component":{"buildJobName":"Taxi4U-Java","codeAnalysisProjectName":"Demo - Java - Taxi4U Ver_1_0_2","gitName":"Microsoft","gitType":"Users","gitRepo":"AirSim","domainName":"DEVOPS","projectName":"Online_Portal","releaseName":"Rel_Test","rallyProject":"Taxi4U","cookbookName":"Taxi4U"},"ispublic":"false"}
{"_id":{"$oid":"5a62187974262a2233d5c545"},"_class":"com.cts.metricsportal.vo.LCDashboardVO","dashboardName":"Taxi4U","description":"Taxi4U","owner":"182143","component":{"buildJobName":"Taxi4U-Java","codeAnalysisProjectName":"Demo - Java - Taxi4U Ver_1_0_2","gitName":"facebook","gitType":"Users","gitRepo":"bistro","domainName":"TESTING","projectName":"Proj_4","releaseName":"Default","rallyProject":"Taxi4U","cookbookName":"Taxi4U"},"ispublic":"false"}
{"_id":{"$oid":"5a661d48b9c8e1edc46f8713"},"_class":"com.cts.metricsportal.vo.LCDashboardVO","dashboardName":"Taxi4U","description":"Taxi4U","owner":"167837","component":{"buildJobName":"Taxi4U-Java","codeAnalysisProjectName":"Demo - Java - Taxi4U Ver_1_0_2","gitName":"Microsoft","gitType":"Users","gitRepo":"AdaptiveCards","domainName":"TESTING","projectName":"Proj_4","releaseName":"Default","rallyProject":"Taxi4U","cookbookName":"Taxi4U"},"ispublic":"false"}
{"_id":{"$oid":"5a69a307b9c82fde1a3f55b3"},"_class":"com.cts.metricsportal.vo.LCDashboardVO","dashboardName":"Humana DevOps Dashboard","description":"Humana Mellon Demo","owner":"478479","component":{"buildJobName":"InsuranceQuote-.Net","codeAnalysisProjectName":"Hygieia","gitName":"facebook","gitType":"Users","gitRepo":"bistro","domainName":"TESTING","projectName":"Proj_4","releaseName":"Default","rallyProject":"DevOps","cookbookName":"Sample"},"ispublic":"false"}
{"_id":{"$oid":"5a6a807fb9c8fe1191b7281d"},"_class":"com.cts.metricsportal.vo.LCDashboardVO","dashboardName":"test","description":"test","owner":"116559","component":{"buildJobName":"Taxi4U-Java","codeAnalysisProjectName":"Demo - Java - Taxi4U Ver_1_0_2","gitName":"capitalone","gitType":"Users","gitRepo":"Hygieia","domainName":"DEVOPS","projectName":"Online_Portal","releaseName":"Rel_1.0","rallyProject":"DevOps","cookbookName":"Taxi4U"},"ispublic":"false"}
{"_id":{"$oid":"5a78ab0db9c8fa62ca56eac1"},"_class":"com.cts.metricsportal.vo.LCDashboardVO","dashboardName":"dblcproduct1","description":"dashboard-product1-lifecycle","owner":"137348","component":{"buildJobName":"Taxi4U-Java","codeAnalysisProjectName":"Demo - Java - Taxi4U Ver_1_0_2","gitName":"capitalone","gitType":"Users","gitRepo":"BankAccountStarter-API-reference-app","domainName":"DEVOPS","projectName":"Online_Portal","releaseName":"Rel_1.0","rallyProject":"Taxi4U","cookbookName":"Taxi4U"},"ispublic":"false"}
{"_id":{"$oid":"5a905e03b9c8624ed481d8db"},"_class":"com.cts.metricsportal.vo.LCDashboardVO","dashboardName":"LifeCycleDashboard","description":"LifeCycleDashboard","owner":"516926","component":{"buildJobName":"InsuranceQuote-.Net","codeAnalysisProjectName":"Hygieia","gitName":"false","gitType":"false","gitRepo":"false","domainName":"DEVOPS","projectName":"Proj_2","releaseName":"Rel1.1","rallyProject":"Taxi4U","cookbookName":"Taxi4U"},"ispublic":"false"}
{"_id":{"$oid":"5a905f80b9c8624ed481d8de"},"_class":"com.cts.metricsportal.vo.LCDashboardVO","dashboardName":"DevOps_Dashboard","description":"Custom Dashboard2","owner":"516926","component":{"buildJobName":"InsuranceQuote-.Net","codeAnalysisProjectName":"Hygieia","gitName":"Microsoft","gitType":"Users","gitRepo":"AdaptiveCards","domainName":"false","projectName":"false","releaseName":"false","rallyProject":"DevOps","cookbookName":"Sample"},"ispublic":"false"}
{"_id":{"$oid":"5a9f2038b9c8c6d647dc91c3"},"_class":"com.cts.metricsportal.vo.LCDashboardVO","dashboardName":"TH","description":"Travel and Hospitality","owner":"102247","component":{"buildJobName":"Taxi4U-Java","codeAnalysisProjectName":"","gitName":"false","gitType":"false","gitRepo":"false","domainName":"false","projectName":"false","releaseName":"false","rallyProject":"Taxi4U","cookbookName":"false"},"ispublic":"false"}
{"_id":{"$oid":"5aa9aca0b9c8076e1eabbe28"},"_class":"com.cts.metricsportal.vo.LCDashboardVO","dashboardName":"kavi","description":"kavi desc","owner":"254816","component":{"buildJobName":"","codeAnalysisProjectName":"","gitName":"false","gitType":"false","gitRepo":"false","domainName":"false","projectName":"false","releaseName":"false","rallyProject":"false","cookbookName":"false"},"ispublic":"false"}
{"_id":{"$oid":"5aa9acb8b9c8076e1eabbe29"},"_class":"com.cts.metricsportal.vo.LCDashboardVO","dashboardName":"Insurance","description":"Demo","owner":"616230","component":{"buildJobName":"","codeAnalysisProjectName":"","gitName":"false","gitType":"false","gitRepo":"false","domainName":"false","projectName":"false","releaseName":"false","rallyProject":"false","cookbookName":"false"},"ispublic":"false"}
{"_id":{"$oid":"5aa9b49cb9c8076e1eabbe2f"},"_class":"com.cts.metricsportal.vo.LCDashboardVO","dashboardName":"BH","description":"Test dashboard","owner":"370169","component":{"buildJobName":"InsuranceQuote-.Net","codeAnalysisProjectName":"Demo - Java - Taxi4U Ver_1_0_2","gitName":"false","gitType":"Users","gitRepo":"false","domainName":"DEVOPS","projectName":"Proj_2","releaseName":"false","rallyProject":"DevOps","cookbookName":"Sample"},"ispublic":"false"}
{"_id":{"$oid":"5ab2b4a274264fcc1065f21a"},"_class":"com.cts.metricsportal.vo.LCDashboardVO","dashboardName":"My SDLC","description":"sample","owner":"347362","component":{"buildJobName":"","codeAnalysisProjectName":"","gitName":"false","gitType":"false","gitRepo":"false","domainName":"false","projectName":"false","releaseName":"false","rallyProject":"false","cookbookName":"false"},"ispublic":"false"}
{"_id":{"$oid":"5ad4a803742624215eafa938"},"_class":"com.cts.metricsportal.vo.LCDashboardVO","dashboardName":"LOB","description":"Taxi4U","owner":"118015","component":{"buildJobName":"Taxi4U-Java","codeAnalysisProjectName":"Demo - Java - Taxi4U Ver_1_0_2","gitName":"Microsoft","gitType":"Users","gitRepo":"AdaptiveCards","domainName":"DEVOPS","projectName":"Proj_2","releaseName":"Default","rallyProject":"Taxi4U","cookbookName":"Taxi4U"},"ispublic":"false"}
{"_id":{"$oid":"5ad4a82c742624215eafa939"},"_class":"com.cts.metricsportal.vo.LCDashboardVO","dashboardName":"DevOps","description":"DevOps","owner":"118015","component":{"buildJobName":"Promote_and_Deploy_to_QA","codeAnalysisProjectName":"Demo - Java - Taxi4U Ver_1_0_2","gitName":"facebook","gitType":"Users","gitRepo":"componentkit","domainName":"TESTING","projectName":"Proj_4","releaseName":"Default","rallyProject":"DevOps","cookbookName":"Sample"},"ispublic":"false"}
{"_id":{"$oid":"5adf6f66742662ab756977e6"},"_class":"com.cts.metricsportal.vo.LCDashboardVO","dashboardName":"app release","description":"app","owner":"170382","component":{"buildJobName":"Taxi4U-Java","codeAnalysisProjectName":"Demo - Java - Taxi4U Ver_1_0_2","gitName":"capitalone","gitType":"Users","gitRepo":"false","domainName":"TESTING","projectName":"false","releaseName":"false","rallyProject":"Taxi4U","cookbookName":"Taxi4U"},"ispublic":"false"}
{"_id":{"$oid":"5ae72ecb7426dad2deda47c7"},"_class":"com.cts.metricsportal.vo.LCDashboardVO","dashboardName":"Sample","description":"sampl1","owner":"561640","component":{"buildJobName":"","codeAnalysisProjectName":"","gitName":"false","gitType":"false","gitRepo":"false","domainName":"false","projectName":"false","releaseName":"false","rallyProject":"DevOps","cookbookName":"false"},"ispublic":"false"}
{"_id":{"$oid":"5ae730ec7426dad2deda47c8"},"_class":"com.cts.metricsportal.vo.LCDashboardVO","dashboardName":"Sample1","description":"Sample1","owner":"561640","component":{"buildJobName":"","codeAnalysisProjectName":"","gitName":"false","gitType":"false","gitRepo":"false","domainName":"false","projectName":"false","releaseName":"false","rallyProject":"Taxi4U","cookbookName":"false"},"ispublic":"false"}
{"_id":{"$oid":"5ae732407426dad2deda47c9"},"_class":"com.cts.metricsportal.vo.LCDashboardVO","dashboardName":"!@#$%","description":"!@#$$","owner":"561640","component":{"buildJobName":"","codeAnalysisProjectName":"","gitName":"false","gitType":"false","gitRepo":"false","domainName":"false","projectName":"false","releaseName":"false","rallyProject":"false","cookbookName":"false"},"ispublic":"false"}
{"_id":{"$oid":"5b21a584b9c8c034ca900e2f"},"_class":"com.cts.metricsportal.vo.LCDashboardVO","dashboardName":"Taxi4U","description":"Dashboard for Taxi4U","owner":"168681","component":{"buildJobName":"Taxi4U-Java","codeAnalysisProjectName":"Demo - Java - Taxi4U Ver_1_0_2","gitName":"Microsoft","gitType":"Users","gitRepo":"AdaptiveCards","domainName":"TESTING","projectName":"Proj_4","releaseName":"Rel_1","rallyProject":"Taxi4U","cookbookName":"Taxi4U"},"ispublic":"false"}
{"_id":{"$oid":"5b8f79ccb9c81bf0e0c9e070"},"_class":"com.cts.metricsportal.vo.LCDashboardVO","dashboardName":"Gannet","description":"Capabilities of iDashboard","owner":"557742","component":{"buildJobName":"Taxi4U-Java","codeAnalysisProjectName":"Demo - Java - Taxi4U Ver_1_0_2","gitName":"facebook","gitType":"Users","gitRepo":"bistro","domainName":"false","projectName":"false","releaseName":"false","rallyProject":"Taxi4U","cookbookName":"Taxi4U"},"ispublic":"false"}
{"_id":{"$oid":"5b995165b9c81bf0e0c9e075"},"_class":"com.cts.metricsportal.vo.LCDashboardVO","dashboardName":"Lifecycle 1","description":"Details","owner":"235859","component":{"buildJobName":"Zap Proxy","codeAnalysisProjectName":"","gitName":"Microsoft","gitType":"Users","gitRepo":"false","domainName":"false","projectName":"false","releaseName":"false","rallyProject":"DevOps","cookbookName":"false"},"ispublic":"false"}
{"_id":{"$oid":"5bc6c587b9c85da5958c17c1"},"_class":"com.cts.metricsportal.vo.LCDashboardVO","dashboardName":"New Project","description":"New Project","owner":"235859","component":{"buildJobName":"","codeAnalysisProjectName":"","gitName":"false","gitType":"false","gitRepo":"false","domainName":"false","projectName":"false","releaseName":"false","rallyProject":"DevOps","cookbookName":"false"},"ispublic":"false"}
{"_id":{"$oid":"5c17b5591c027413ad45368b"},"_class":"com.cts.metricsportal.vo.LCDashboardVO","dashboardName":"Lifecycle Dashboard","description":"Lifecycle Dashboard","owner":"561642","component":{"buildJobName":"Promote_and_Deploy_to_QA","codeAnalysisProjectName":"Demo - Java - Taxi4U Ver_1_0_2","gitName":"facebook","gitType":"Users","gitRepo":"dataloader","domainName":"DEVOPS","projectName":"Online_Portal","releaseName":"Rel_Test","rallyProject":"Sample Project","cookbookName":"Sample"},"ispublic":"false"}
{"_id":{"$oid":"5c17b5a01c027413ad45368c"},"_class":"com.cts.metricsportal.vo.LCDashboardVO","dashboardName":"Demo Dashboard","description":"Demo Dashboard","owner":"561642","component":{"buildJobName":"Zap Proxy","codeAnalysisProjectName":"Hygieia","gitName":"capitalone","gitType":"Users","gitRepo":"Data-Load-and-Copy-using-Python","domainName":"DEVOPS","projectName":"Proj_2","releaseName":"Default","rallyProject":"Sample Project","cookbookName":"Taxi4U"},"ispublic":"false"}
{"_id":{"$oid":"5c482b50b9c8cc58c63faaed"},"_class":"com.cts.metricsportal.vo.LCDashboardVO","dashboardName":"LifecycleDashboard","description":"Dashboard for lifecycle metrics","owner":"101861","component":{"buildJobName":"","codeAnalysisProjectName":"","gitName":"false","gitType":"false","gitRepo":"false","domainName":"false","projectName":"false","releaseName":"false","rallyProject":"false","cookbookName":"false"},"ispublic":"false"}
{"_id":{"$oid":"5c4ec787b9c8cc58c63faaf2"},"_class":"com.cts.metricsportal.vo.LCDashboardVO","dashboardName":"Taxi4U","description":"Taxi4U","owner":"298834","component":{"buildJobName":"Taxi4U-Java","codeAnalysisProjectName":"Demo - Java - Taxi4U Ver_1_0_2","gitName":"Microsoft","gitType":"Users","gitRepo":"AdaptiveCards","domainName":"DEVOPS","projectName":"Online_Portal","releaseName":"Default","rallyProject":"Taxi4U","cookbookName":"Taxi4U"},"ispublic":"false"}
{"_id":{"$oid":"5c4ec7c1b9c8cc58c63faaf3"},"_class":"com.cts.metricsportal.vo.LCDashboardVO","dashboardName":"DevOps","description":"DevOps","owner":"298834","component":{"buildJobName":"Zap Proxy","codeAnalysisProjectName":"Demo - Java - Taxi4U Ver_1_0_2","gitName":"facebook","gitType":"Users","gitRepo":"buck","domainName":"TESTING","projectName":"Proj_4","releaseName":"Default","rallyProject":"DevOps","cookbookName":"Taxi4U"},"ispublic":"false"}
{"_id":{"$oid":"5ced103a07e50f04936ac4e5"},"_class":"com.cts.metricsportal.vo.LCDashboardVO","dashboardName":"5282019","description":"5282019","createdDate":{"$date":"2019-05-28T10:54:00.000Z"},"ispublic":true,"owner":"admin","component":{"buildJobName":"main \u003e QI-windows Package","codeAnalysisProjectName":"BotsPython","gitName":"DigitalAssuranceCOE","gitType":"Groups","gitRepo":"qi-platform","domainName":"DEVOPS","projectName":"Online_Portal","releaseName":"Rel1","rallyProject":"false","cookbookName":"Sample"}}
{"_id":{"$oid":"5cef7c0207e5fcb5d4e8ef52"},"_class":"com.cts.metricsportal.vo.LCDashboardVO","dashboardName":"Test34","description":"Test34","createdDate":{"$date":"2019-06-06T09:27:00.000Z"},"ispublic":true,"owner":"admin","component":{"buildJobName":"main \u003e qi_platform_fortify","codeAnalysisProjectName":"IDASHBOARD","gitName":"DigitalAssuranceCOE","gitType":"Groups","gitRepo":"qi-platform","domainName":"DEVOPS","projectName":"Online_Portal","releaseName":"Rel_3.1","rallyProject":"false","jiraProject":"iDashboard-Development","cookbookName":"Sample"}}
