{"_id":{"$oid":"5c9500c3ee19ed6604fb8319"},"metricId":2001,"entityType":"Requirement","type":"Measure","almMetric":true,"jiraMetric":false,"metricName":"Requirement Stability"}
{"_id":{"$oid":"5c9500c3ee19ed6604fb831b"},"metricId":2002,"entityType":"Requirement","type":"Measure","almMetric":true,"jiraMetric":false,"metricName":"Total Requirement Count"}
{"_id":{"$oid":"5c9500c3ee19ed6604fb831c"},"metricId":2019,"entityType":"Execution","type":"Measure","almMetric":true,"jiraMetric":false,"metricName":"Total Test Execution Count"}
{"_id":{"$oid":"5c9500c3ee19ed6604fb831d"},"metricId":2003,"entityType":"Execution","type":"Metric","almMetric":true,"jiraMetric":false,"metricName":"Test Execution Coverage"}
{"_id":{"$oid":"5c9500c3ee19ed6604fb831e"},"metricId":2017,"entityType":"Defect","type":"Measure","almMetric":true,"jiraMetric":false,"metricName":"Total Defect Count"}
{"_id":{"$oid":"5c9500c3ee19ed6604fb831f"},"metricId":2004,"entityType":"Design","type":"Metric","almMetric":true,"jiraMetric":false,"metricName":"Test Design Coverage"}
{"_id":{"$oid":"5c9500c3ee19ed6604fb8320"},"metricId":2005,"entityType":"Defect","type":"Metric","almMetric":true,"jiraMetric":false,"metricName":"Defect Rejection Rate"}
{"_id":{"$oid":"5c9500c3ee19ed6604fb8323"},"metricId":2020,"entityType":"User Story","type":"Measure","almMetric":false,"jiraMetric":true,"metricName":"Total Story Count"}
{"_id":{"$oid":"5c9500c3ee19ed6604fb8324"},"metricId":2021,"entityType":"User Story","type":"Measure","almMetric":false,"jiraMetric":true,"metricName":"Total Story Points"}
{"_id":{"$oid":"5c9500c3ee19ed6604fb8325"},"metricId":2022,"entityType":"Defect","type":"Measure","almMetric":false,"jiraMetric":true,"metricName":"Total Bugs count"}
{"_id":{"$oid":"5c9500c3ee19ed6604fb8326"},"metricId":2007,"entityType":"Defect","type":"Measure","almMetric":false,"jiraMetric":true,"metricName":"Bugs Opened Rate"}
{"_id":{"$oid":"5c9500c3ee19ed6604fb8327"},"metricId":2023,"entityType":"Design","type":"Measure","almMetric":true,"jiraMetric":false,"metricName":"Total Test Count"}
{"_id":{"$oid":"5c9500c3ee19ed6604fb8329"},"metricId":2009,"entityType":"Requirement","type":"Measure","almMetric":true,"jiraMetric":false,"metricName":"Requirement Leakage"}
{"_id":{"$oid":"5c9500c3ee19ed6604fb832b"},"metricId":2031,"entityType":"Design","type":"Metric","almMetric":true,"jiraMetric":false,"metricName":"Regression Automation Coverage"}
{"_id":{"$oid":"5c9500c3ee19ed6604fb832d"},"metricId":2012,"entityType":"Execution","type":"Metric","almMetric":true,"jiraMetric":false,"metricName":"First Time Pass Rate"}
{"_id":{"$oid":"5c9500c3ee19ed6604fb832e"},"metricId":2013,"entityType":"Execution","type":"Metric","almMetric":true,"jiraMetric":false,"metricName":"Error Discovery Rate"}
{"_id":{"$oid":"5c9500c3ee19ed6604fb8331"},"metricId":2016,"entityType":"Defect","type":"Measure","almMetric":false,"jiraMetric":true,"metricName":"Closed Bugs Count"}
{"_id":{"$oid":"5c9500c3ee19ed6604fb8332"},"metricId":2014,"entityType":"Defect","type":"Measure","almMetric":false,"jiraMetric":true,"metricName":"Re-Opened Bugs Count"}
{"_id":{"$oid":"5c9500c3ee19ed6604fb8333"},"metricId":2025,"entityType":"User Story","type":"Measure","almMetric":false,"jiraMetric":true,"metricName":"Total No. of Iterations"}
{"_id":{"$oid":"5c9500c3ee19ed6604fb8335"},"metricId":2026,"entityType":"User Story","type":"Measure","almMetric":false,"jiraMetric":true,"metricName":"No. of Stories in Backlog"}
{"_id":{"$oid":"5c9500c3ee19ed6604fb8336"},"metricId":2015,"entityType":"User Story","type":"Measure","almMetric":false,"jiraMetric":true,"metricName":"No. of Defects Associates with User Stories"}
{"_id":{"$oid":"5d4d3003b8fa855aed9b7122"},"metricId":2027,"entityType":"Execution","type":"Measure","almMetric":true,"jiraMetric":false,"metricName":"UAT Automation Utilization"}
{"_id":{"$oid":"5d4d303cb8fa855aed9b7123"},"metricId":2028,"entityType":"Execution","type":"Measure","almMetric":true,"jiraMetric":false,"metricName":"Functional Automation Utilization"}
{"_id":{"$oid":"5d4d3067b8fa855aed9b7124"},"metricId":2029,"entityType":"Execution","type":"Measure","almMetric":true,"jiraMetric":false,"metricName":"Regression Automation Utilization"}
{"_id":{"$oid":"5d4d974bb8fa855aed9b7125"},"metricId":2030,"entityType":"Defect","type":"Metric","almMetric":true,"jiraMetric":false,"metricName":"Defect Density"}
