{"_id":{"$oid":"59973a1deb50a10a387a6c64"},"transactionName":"ILI_01_LaunchURL","type":"LoadRunner UI","intervals":[{"startDate":{"$date":"2017-06-09T10:52:05.000Z"},"endDate":{"$date":"2017-06-09T11:24:17.000Z"},"timePeriod":"08/09/2017 10:52:05 - 08/09/2017 11:24:17","average":1.499,"percentage90":2.443,"passCount":20,"failCount":2},{"startDate":{"$date":"2017-07-07T10:01:15.000Z"},"endDate":{"$date":"2017-07-07T10:17:31.000Z"},"timePeriod":"08/07/2017 10:01:15 - 08/07/2017 10:17:31","average":1.431,"percentage90":2.066,"passCount":19,"failCount":3},{"startDate":{"$date":"2017-08-09T05:20:34.000Z"},"endDate":{"$date":"2017-08-09T05:26:34.000Z"},"timePeriod":"08/09/2017 05:20:34 - 08/09/2017 05:26:24","average":1.621,"percentage90":2.408,"passCount":3,"failCount":0}]}
{"_id":{"$oid":"59973a1deb50a10a387a6c66"},"transactionName":"ILI_02_Login","type":"LoadRunner UI","intervals":[{"startDate":{"$date":"2017-06-09T10:52:05.000Z"},"endDate":{"$date":"2017-06-09T11:24:17.000Z"},"timePeriod":"08/09/2017 10:52:05 - 08/09/2017 11:24:17","average":3.04,"percentage90":4.771,"passCount":24,"failCount":0},{"startDate":{"$date":"2017-07-07T10:01:15.000Z"},"endDate":{"$date":"2017-07-07T10:17:31.000Z"},"timePeriod":"08/07/2017 10:01:15 - 08/07/2017 10:17:31","average":2.787,"percentage90":3.803,"passCount":22,"failCount":0},{"startDate":{"$date":"2017-08-09T05:20:34.000Z"},"endDate":{"$date":"2017-08-09T05:26:34.000Z"},"timePeriod":"08/09/2017 05:20:34 - 08/09/2017 05:26:24","average":2.553,"percentage90":2.747,"passCount":3,"failCount":0}]}
{"_id":{"$oid":"59973a1deb50a10a387a6c68"},"transactionName":"ILI_03_DashboardPageLoad","type":"LoadRunner UI","intervals":[{"startDate":{"$date":"2017-06-09T10:52:05.000Z"},"endDate":{"$date":"2017-06-09T11:24:17.000Z"},"timePeriod":"08/09/2017 10:52:05 - 08/09/2017 11:24:17","average":2.472,"percentage90":3.584,"passCount":24,"failCount":0},{"startDate":{"$date":"2017-07-07T10:01:15.000Z"},"endDate":{"$date":"2017-07-07T10:17:31.000Z"},"timePeriod":"08/07/2017 10:01:15 - 08/07/2017 10:17:31","average":2.645,"percentage90":3.589,"passCount":22,"failCount":0},{"startDate":{"$date":"2017-08-09T05:20:34.000Z"},"endDate":{"$date":"2017-08-09T05:26:34.000Z"},"timePeriod":"08/09/2017 05:20:34 - 08/09/2017 05:26:24","average":2.429,"percentage90":2.478,"passCount":3,"failCount":0}]}
{"_id":{"$oid":"59973a1deb50a10a387a6c6a"},"transactionName":"ILI_03_ProductContainer","type":"LoadRunner UI","intervals":[{"startDate":{"$date":"2017-06-09T10:52:05.000Z"},"endDate":{"$date":"2017-06-09T11:24:17.000Z"},"timePeriod":"08/09/2017 10:52:05 - 08/09/2017 11:24:17","average":2.422,"percentage90":3.533,"passCount":24,"failCount":0},{"startDate":{"$date":"2017-07-07T10:01:15.000Z"},"endDate":{"$date":"2017-07-07T10:17:31.000Z"},"timePeriod":"08/07/2017 10:01:15 - 08/07/2017 10:17:31","average":2.6,"percentage90":3.539,"passCount":22,"failCount":0},{"startDate":{"$date":"2017-08-09T05:20:34.000Z"},"endDate":{"$date":"2017-08-09T05:26:34.000Z"},"timePeriod":"08/09/2017 05:20:34 - 08/09/2017 05:26:24","average":2.381,"percentage90":2.431,"passCount":3,"failCount":0}]}
{"_id":{"$oid":"59973a1deb50a10a387a6c6c"},"transactionName":"ILI_03_SecQsClickNext","type":"LoadRunner UI","intervals":[{"startDate":{"$date":"2017-06-09T10:52:05.000Z"},"endDate":{"$date":"2017-06-09T11:24:17.000Z"},"timePeriod":"08/09/2017 10:52:05 - 08/09/2017 11:24:17","average":1.767,"percentage90":2.517,"passCount":24,"failCount":0},{"startDate":{"$date":"2017-07-07T10:01:15.000Z"},"endDate":{"$date":"2017-07-07T10:17:31.000Z"},"timePeriod":"08/07/2017 10:01:15 - 08/07/2017 10:17:31","average":1.575,"percentage90":2.386,"passCount":22,"failCount":0},{"startDate":{"$date":"2017-08-09T05:20:34.000Z"},"endDate":{"$date":"2017-08-09T05:26:34.000Z"},"timePeriod":"08/09/2017 05:20:34 - 08/09/2017 05:26:24","average":1.556,"percentage90":2.269,"passCount":3,"failCount":0}]}
{"_id":{"$oid":"59973a1deb50a10a387a6c6e"},"transactionName":"ILI_04_Logout","type":"LoadRunner UI","intervals":[{"startDate":{"$date":"2017-06-09T10:52:05.000Z"},"endDate":{"$date":"2017-06-09T11:24:17.000Z"},"timePeriod":"08/09/2017 10:52:05 - 08/09/2017 11:24:17","average":3.277,"percentage90":4.243,"passCount":24,"failCount":0},{"startDate":{"$date":"2017-07-07T10:01:15.000Z"},"endDate":{"$date":"2017-07-07T10:17:31.000Z"},"timePeriod":"08/07/2017 10:01:15 - 08/07/2017 10:17:31","average":3.389,"percentage90":4.39,"passCount":22,"failCount":0},{"startDate":{"$date":"2017-08-09T05:20:34.000Z"},"endDate":{"$date":"2017-08-09T05:26:34.000Z"},"timePeriod":"08/09/2017 05:20:34 - 08/09/2017 05:26:24","average":3.43,"percentage90":4.507,"passCount":3,"failCount":0}]}
{"_id":{"$oid":"59973a1deb50a10a387a6c70"},"transactionName":"ILI_05_DashBoardLogin","type":"LoadRunner UI","intervals":[{"startDate":{"$date":"2017-06-09T10:52:05.000Z"},"endDate":{"$date":"2017-06-09T11:24:17.000Z"},"timePeriod":"08/09/2017 10:52:05 - 08/09/2017 11:24:17","average":3.773,"percentage90":5.26,"passCount":24,"failCount":0},{"startDate":{"$date":"2017-07-07T10:01:15.000Z"},"endDate":{"$date":"2017-07-07T10:17:31.000Z"},"timePeriod":"08/07/2017 10:01:15 - 08/07/2017 10:17:31","average":3.485,"percentage90":4.913,"passCount":21,"failCount":0},{"startDate":{"$date":"2017-08-09T05:20:34.000Z"},"endDate":{"$date":"2017-08-09T05:26:34.000Z"},"timePeriod":"08/09/2017 05:20:34 - 08/09/2017 05:26:24","average":3.325,"percentage90":4.085,"passCount":3,"failCount":0}]}
{"_id":{"$oid":"59973a1deb50a10a387a6c72"},"transactionName":"ILI_06_DashboardPageLoad","type":"LoadRunner UI","intervals":[{"startDate":{"$date":"2017-06-09T10:52:05.000Z"},"endDate":{"$date":"2017-06-09T11:24:17.000Z"},"timePeriod":"08/09/2017 10:52:05 - 08/09/2017 11:24:17","average":4.761,"percentage90":6.458,"passCount":24,"failCount":0},{"startDate":{"$date":"2017-07-07T10:01:15.000Z"},"endDate":{"$date":"2017-07-07T10:17:31.000Z"},"timePeriod":"08/07/2017 10:01:15 - 08/07/2017 10:17:31","average":4.695,"percentage90":6.132,"passCount":21,"failCount":0},{"startDate":{"$date":"2017-08-09T05:20:34.000Z"},"endDate":{"$date":"2017-08-09T05:26:34.000Z"},"timePeriod":"08/09/2017 05:20:34 - 08/09/2017 05:26:24","average":4.532,"percentage90":5.305,"passCount":3,"failCount":0}]}
{"_id":{"$oid":"59973a1deb50a10a387a6c74"},"transactionName":"ILI_06_ProductContainer","type":"LoadRunner UI","intervals":[{"startDate":{"$date":"2017-06-09T10:52:05.000Z"},"endDate":{"$date":"2017-06-09T11:24:17.000Z"},"timePeriod":"08/09/2017 10:52:05 - 08/09/2017 11:24:17","average":4.712,"percentage90":6.414,"passCount":24,"failCount":0},{"startDate":{"$date":"2017-07-07T10:01:15.000Z"},"endDate":{"$date":"2017-07-07T10:17:31.000Z"},"timePeriod":"08/07/2017 10:01:15 - 08/07/2017 10:17:31","average":4.65,"percentage90":6.085,"passCount":21,"failCount":0},{"startDate":{"$date":"2017-08-09T05:20:34.000Z"},"endDate":{"$date":"2017-08-09T05:26:34.000Z"},"timePeriod":"08/09/2017 05:20:34 - 08/09/2017 05:26:24","average":4.486,"percentage90":5.254,"passCount":3,"failCount":0}]}
{"_id":{"$oid":"59973a1deb50a10a387a6c76"},"transactionName":"ILI_07_DashBoardLogout","type":"LoadRunner UI","intervals":[{"startDate":{"$date":"2017-06-09T10:52:05.000Z"},"endDate":{"$date":"2017-06-09T11:24:17.000Z"},"timePeriod":"08/09/2017 10:52:05 - 08/09/2017 11:24:17","average":4.128,"percentage90":4.74,"passCount":24,"failCount":0},{"startDate":{"$date":"2017-07-07T10:01:15.000Z"},"endDate":{"$date":"2017-07-07T10:17:31.000Z"},"timePeriod":"08/07/2017 10:01:15 - 08/07/2017 10:17:31","average":3.685,"percentage90":4.487,"passCount":21,"failCount":0},{"startDate":{"$date":"2017-08-09T05:20:34.000Z"},"endDate":{"$date":"2017-08-09T05:26:34.000Z"},"timePeriod":"08/09/2017 05:20:34 - 08/09/2017 05:26:24","average":3.101,"percentage90":3.209,"passCount":3,"failCount":0}]}
{"_id":{"$oid":"59973a1deb50a10a387a6c78"},"transactionName":"RSPAR_01_LaunchURL","type":"LoadRunner UI","intervals":[{"startDate":{"$date":"2017-06-09T10:52:05.000Z"},"endDate":{"$date":"2017-06-09T11:24:17.000Z"},"timePeriod":"08/09/2017 10:52:05 - 08/09/2017 11:24:17","average":1.056,"percentage90":1.755,"passCount":19,"failCount":0},{"startDate":{"$date":"2017-08-09T05:20:34.000Z"},"endDate":{"$date":"2017-08-09T05:26:34.000Z"},"timePeriod":"08/09/2017 05:20:34 - 08/09/2017 05:26:24","average":0.92,"percentage90":1.138,"passCount":5,"failCount":0}]}
{"_id":{"$oid":"59973a1deb50a10a387a6c7a"},"transactionName":"RSPAR_02_Login","type":"LoadRunner UI","intervals":[{"startDate":{"$date":"2017-06-09T10:52:05.000Z"},"endDate":{"$date":"2017-06-09T11:24:17.000Z"},"timePeriod":"08/09/2017 10:52:05 - 08/09/2017 11:24:17","average":3.778,"percentage90":6.297,"passCount":19,"failCount":0},{"startDate":{"$date":"2017-08-09T05:20:34.000Z"},"endDate":{"$date":"2017-08-09T05:26:34.000Z"},"timePeriod":"08/09/2017 05:20:34 - 08/09/2017 05:26:24","average":3.341,"percentage90":4.155,"passCount":5,"failCount":0}]}
{"_id":{"$oid":"59973a1deb50a10a387a6c7c"},"transactionName":"RSPAR_03_DashboardPageLoad","type":"LoadRunner UI","intervals":[{"startDate":{"$date":"2017-06-09T10:52:05.000Z"},"endDate":{"$date":"2017-06-09T11:24:17.000Z"},"timePeriod":"08/09/2017 10:52:05 - 08/09/2017 11:24:17","average":1.884,"percentage90":3.487,"passCount":19,"failCount":0},{"startDate":{"$date":"2017-08-09T05:20:34.000Z"},"endDate":{"$date":"2017-08-09T05:26:34.000Z"},"timePeriod":"08/09/2017 05:20:34 - 08/09/2017 05:26:24","average":1.491,"percentage90":2.514,"passCount":5,"failCount":0}]}
{"_id":{"$oid":"59973a1deb50a10a387a6c7e"},"transactionName":"RSPAR_03_ProductContainer","type":"LoadRunner UI","intervals":[{"startDate":{"$date":"2017-06-09T10:52:05.000Z"},"endDate":{"$date":"2017-06-09T11:24:17.000Z"},"timePeriod":"08/09/2017 10:52:05 - 08/09/2017 11:24:17","average":1.837,"percentage90":3.439,"passCount":19,"failCount":0},{"startDate":{"$date":"2017-08-09T05:20:34.000Z"},"endDate":{"$date":"2017-08-09T05:26:34.000Z"},"timePeriod":"08/09/2017 05:20:34 - 08/09/2017 05:26:24","average":1.444,"percentage90":2.468,"passCount":5,"failCount":0}]}
{"_id":{"$oid":"59973a1deb50a10a387a6c80"},"transactionName":"RSPAR_03_SecQsClickNext","type":"LoadRunner UI","intervals":[{"startDate":{"$date":"2017-06-09T10:52:05.000Z"},"endDate":{"$date":"2017-06-09T11:24:17.000Z"},"timePeriod":"08/09/2017 10:52:05 - 08/09/2017 11:24:17","average":1.617,"percentage90":2.411,"passCount":19,"failCount":0},{"startDate":{"$date":"2017-08-09T05:20:34.000Z"},"endDate":{"$date":"2017-08-09T05:26:34.000Z"},"timePeriod":"08/09/2017 05:20:34 - 08/09/2017 05:26:24","average":1.342,"percentage90":2.375,"passCount":5,"failCount":0}]}
{"_id":{"$oid":"59973a1deb50a10a387a6c82"},"transactionName":"RSPAR_04_Logout","type":"LoadRunner UI","intervals":[{"startDate":{"$date":"2017-06-09T10:52:05.000Z"},"endDate":{"$date":"2017-06-09T11:24:17.000Z"},"timePeriod":"08/09/2017 10:52:05 - 08/09/2017 11:24:17","average":3.083,"percentage90":4.21,"passCount":19,"failCount":0},{"startDate":{"$date":"2017-08-09T05:20:34.000Z"},"endDate":{"$date":"2017-08-09T05:26:34.000Z"},"timePeriod":"08/09/2017 05:20:34 - 08/09/2017 05:26:24","average":3.23,"percentage90":4.139,"passCount":5,"failCount":0}]}
{"_id":{"$oid":"59973a1deb50a10a387a6c84"},"transactionName":"RSPAR_05_DashBoardLogin","type":"LoadRunner UI","intervals":[{"startDate":{"$date":"2017-06-09T10:52:05.000Z"},"endDate":{"$date":"2017-06-09T11:24:17.000Z"},"timePeriod":"08/09/2017 10:52:05 - 08/09/2017 11:24:17","average":4.112,"percentage90":6.255,"passCount":19,"failCount":0},{"startDate":{"$date":"2017-08-09T05:20:34.000Z"},"endDate":{"$date":"2017-08-09T05:26:34.000Z"},"timePeriod":"08/09/2017 05:20:34 - 08/09/2017 05:26:24","average":3.145,"percentage90":3.265,"passCount":5,"failCount":0}]}
{"_id":{"$oid":"59973a1deb50a10a387a6c86"},"transactionName":"RSPAR_06_DashboardPageLoad","type":"LoadRunner UI","intervals":[{"startDate":{"$date":"2017-06-09T10:52:05.000Z"},"endDate":{"$date":"2017-06-09T11:24:17.000Z"},"timePeriod":"08/09/2017 10:52:05 - 08/09/2017 11:24:17","average":5.064,"percentage90":7.468,"passCount":19,"failCount":0},{"startDate":{"$date":"2017-08-09T05:20:34.000Z"},"endDate":{"$date":"2017-08-09T05:26:34.000Z"},"timePeriod":"08/09/2017 05:20:34 - 08/09/2017 05:26:24","average":3.314,"percentage90":3.466,"passCount":5,"failCount":0}]}
{"_id":{"$oid":"59973a1deb50a10a387a6c88"},"transactionName":"RSPAR_06_ProductContainer","type":"LoadRunner UI","intervals":[{"startDate":{"$date":"2017-06-09T10:52:05.000Z"},"endDate":{"$date":"2017-06-09T11:24:17.000Z"},"timePeriod":"08/09/2017 10:52:05 - 08/09/2017 11:24:17","average":5.015,"percentage90":7.42,"passCount":19,"failCount":0},{"startDate":{"$date":"2017-08-09T05:20:34.000Z"},"endDate":{"$date":"2017-08-09T05:26:34.000Z"},"timePeriod":"08/09/2017 05:20:34 - 08/09/2017 05:26:24","average":3.266,"percentage90":3.412,"passCount":5,"failCount":0}]}
{"_id":{"$oid":"59973a1deb50a10a387a6c8a"},"transactionName":"RSPAR_07_DashBoardLogout","type":"LoadRunner UI","intervals":[{"startDate":{"$date":"2017-06-09T10:52:05.000Z"},"endDate":{"$date":"2017-06-09T11:24:17.000Z"},"timePeriod":"08/09/2017 10:52:05 - 08/09/2017 11:24:17","average":4.113,"percentage90":5.184,"passCount":19,"failCount":0},{"startDate":{"$date":"2017-08-09T05:20:34.000Z"},"endDate":{"$date":"2017-08-09T05:26:34.000Z"},"timePeriod":"08/09/2017 05:20:34 - 08/09/2017 05:26:24","average":3.667,"percentage90":4.35,"passCount":5,"failCount":0}]}
