{"_id":{"$oid":"5a69dea7b9c8fe1191b7281c"},"_class":"com.cts.metricsportal.vo.ProductDashboardVO","relName":"Rel_25Jan2018","products":["Taxi4U","Insurance"],"owner":"478479","ispublic":"false"}
{"_id":{"$oid":"5a6a8094b9c8fe1191b7281e"},"_class":"com.cts.metricsportal.vo.ProductDashboardVO","relName":"Jan-2018","products":["Taxi4U","test"],"owner":"116559","ispublic":"false"}
{"_id":{"$oid":"5a70e743b9c8fe1191b72824"},"_class":"com.cts.metricsportal.vo.ProductDashboardVO","relName":"Feb-2018","products":["Taxi4U"],"owner":"116559","ispublic":"false"}
{"_id":{"$oid":"5a78aba3b9c8fa62ca56eac2"},"_class":"com.cts.metricsportal.vo.ProductDashboardVO","relName":"dbr1","products":["dblcproduct1"],"owner":"137348","ispublic":"false"}
{"_id":{"$oid":"5a85f10fb9c8fa62ca56eace"},"_class":"com.cts.metricsportal.vo.ProductDashboardVO","relName":"abc","products":["Taxi4U","test"],"owner":"116559","ispublic":"false"}
{"_id":{"$oid":"5a905ec2b9c8624ed481d8dc"},"_class":"com.cts.metricsportal.vo.ProductDashboardVO","relName":"Release4","products":["LifeCycleDashboard"],"owner":"516926","ispublic":"false"}
{"_id":{"$oid":"5a905fabb9c8624ed481d8df"},"_class":"com.cts.metricsportal.vo.ProductDashboardVO","relName":"ReleaseMaster_DevOps","products":["DevOps_Dashboard"],"owner":"516926","ispublic":"false"}
{"_id":{"$oid":"5a94309ab9c86e2148a51acf"},"_class":"com.cts.metricsportal.vo.ProductDashboardVO","relName":"Master","products":["LifeCycleDashboard","DevOps_Dashboard"],"owner":"516926","ispublic":"false"}
{"_id":{"$oid":"5aa69d33b9c80e64eb85c5b0"},"_class":"com.cts.metricsportal.vo.ProductDashboardVO","relName":"ReleaseM","products":["DevOps_Dashboard"],"owner":"516926","ispublic":"false"}
{"_id":{"$oid":"5ad4a841742624215eafa93a"},"_class":"com.cts.metricsportal.vo.ProductDashboardVO","relName":"Rel1","products":["DevOps","LOB"],"owner":"118015","ispublic":"false"}
{"_id":{"$oid":"5adf6fab742662ab756977e7"},"_class":"com.cts.metricsportal.vo.ProductDashboardVO","relName":"test","products":["app release"],"owner":"170382","ispublic":"false"}
{"_id":{"$oid":"5b3e52dc1c023267fe91bb9f"},"_class":"com.cts.metricsportal.vo.ProductDashboardVO","relName":"Release_July2018","products":["DevOps_Dashboard","LifeCycleDashboard"],"owner":"516926","ispublic":"false"}
{"_id":{"$oid":"5c17b5b61c027413ad45368d"},"_class":"com.cts.metricsportal.vo.ProductDashboardVO","relName":"Demo Release","products":["Lifecycle Dashboard","Demo Dashboard"],"owner":"561642","ispublic":"false"}
{"_id":{"$oid":"5c3ef7dd39103d67d0d04f42"},"_class":"com.cts.metricsportal.vo.ProductDashboardVO","relName":"Release Master","products":[],"owner":"516926","ispublic":"false"}
{"_id":{"$oid":"5c482e84b9c8cc58c63faaee"},"_class":"com.cts.metricsportal.vo.ProductDashboardVO","relName":"Release 1","products":["LifecycleDashboard"],"owner":"101861","ispublic":"false"}
{"_id":{"$oid":"5c4ec7d6b9c8cc58c63faaf4"},"_class":"com.cts.metricsportal.vo.ProductDashboardVO","relName":"Rel_All","products":["Taxi4U","DevOps"],"owner":"298834","ispublic":"false"}
{"_id":{"$oid":"5c6416f0b9c8cc58c63faafc"},"_class":"com.cts.metricsportal.vo.ProductDashboardVO","relName":"Summer Release","products":["Taxi4U","test"],"owner":"116559","ispublic":"false"}
{"_id":{"$oid":"5cbd683b7426168c944e9b4b"},"_class":"com.cts.metricsportal.vo.ProductDashboardVO","relName":"Demo Release1","products":["Lifecycle Dashboard","Demo Dashboard"],"owner":"561642","ispublic":"false"}
{"_id":{"$oid":"5cc1f72e7426168c944e9b50"},"_class":"com.cts.metricsportal.vo.ProductDashboardVO","relName":"Release_001","products":["Taxi4U"],"owner":"468110","ispublic":"false"}
