{"_id":{"$oid":"5d3f16cae896a4cbcaefd53a"},"_class":"com.cts.metricsportal.vo.ToolSelectionVO","userId":"admin","label":"User Story","imagePath":"app\\pages\\admin\\icon-jira.png","key":"userStory","template":"dragapp\\pages\\admin\\icon-chef.png","position":1}
{"_id":{"$oid":"5d3f16cae896a4cbcaefd53b"},"_class":"com.cts.metricsportal.vo.ToolSelectionVO","userId":"admin","label":"ALM-Octane","imagePath":"app\\pages\\admin\\icon-octane.png","key":"octane","template":"dragapp\\pages\\admin\\icon-sonar.png","position":2}
{"_id":{"$oid":"5d3f16cae896a4cbcaefd53c"},"_class":"com.cts.metricsportal.vo.ToolSelectionVO","userId":"admin","label":"Fortify","imagePath":"app\\pages\\admin\\icon-fortify.png","key":"fortify","template":"dragapp\\pages\\admin\\icon-jira.png","position":3}
{"_id":{"$oid":"5d3f16cae896a4cbcaefd53d"},"_class":"com.cts.metricsportal.vo.ToolSelectionVO","userId":"admin","label":"Code Quality","imagePath":"app\\pages\\admin\\icon-sonar.png","key":"codeQuality","template":"dragapp\\pages\\admin\\icon-fortify.png","position":4}
{"_id":{"$oid":"5d3f16cae896a4cbcaefd53e"},"_class":"com.cts.metricsportal.vo.ToolSelectionVO","userId":"admin","label":"Build","imagePath":"app\\pages\\admin\\icon-jenkins.png","key":"build","template":"dragapp\\pages\\admin\\icon-octane.png","position":5}
{"_id":{"$oid":"5d3f16cae896a4cbcaefd53f"},"_class":"com.cts.metricsportal.vo.ToolSelectionVO","userId":"admin","label":"SCM","imagePath":"app\\pages\\admin\\icon-github.png","key":"gitHub","template":"dragapp\\pages\\admin\\icon-hp.png","position":6}
{"_id":{"$oid":"5d3f16cae896a4cbcaefd540"},"_class":"com.cts.metricsportal.vo.ToolSelectionVO","userId":"admin","label":"Test Management","imagePath":"app\\pages\\admin\\icon-hp.png","key":"testManagement","template":"dragapp\\pages\\admin\\icon-github.png","position":7}
{"_id":{"$oid":"5d3f16cae896a4cbcaefd541"},"_class":"com.cts.metricsportal.vo.ToolSelectionVO","userId":"admin","label":"Deployment","imagePath":"app\\pages\\admin\\icon-chef.png","key":"chef","template":"dragapp\\pages\\admin\\icon-jenkins.png","position":8}
