{"_id":{"$oid":"5a520618319003414f4ee826"},"projectName":"Sample Project","storyID":"US1","storyName":"Browse safaris test 12345 hI Rajesh","userStrdescription":"As a web site visitor, I want to browse through the inventory of available safaris so that I can pick one that fits my time, budget and interest.","release":"","storyOwner":null,"storyCreationDate":{"$date":"2016-10-18T17:06:37.000Z"},"storyLastUpdateDate":{"$date":"2017-09-11T18:49:41.000Z"},"projectURL":"https://rally1.rallydev.com/slm/webservice/1.29/project/69701567436","defect":null,"testcase":null,"iteration":"Iteration 2 - Streamline Operations","rallyWorkspace":"Workspace 1","hasChildren":"false","backlogStr":"false","storyStatus":"Defined","planEstimate":4}
{"_id":{"$oid":"5a520618319003414f4ee828"},"projectName":"Sample Project","storyID":"US2","storyName":"Show availability of safaris","userStrdescription":"As a web site visitor, I want to view upcoming safari availability so that I can choose an available date.","release":"","storyOwner":null,"storyCreationDate":{"$date":"2016-10-18T17:06:37.000Z"},"storyLastUpdateDate":{"$date":"2017-08-23T17:58:10.000Z"},"projectURL":"https://rally1.rallydev.com/slm/webservice/1.29/project/69701567436","defect":null,"testcase":null,"iteration":"Iteration 1 - Browse and Book","rallyWorkspace":"Workspace 1","hasChildren":"false","backlogStr":"false","storyStatus":"Defined","planEstimate":4}
{"_id":{"$oid":"5a520618319003414f4ee82a"},"projectName":"Sample Project","storyID":"US3","storyName":"Register for Frequent Adventurer card","userStrdescription":"As a safari-taker, I want to sign-up for a Frequent Adventurer Card so I can earn rewards.","release":"","storyOwner":null,"storyCreationDate":{"$date":"2016-10-18T17:06:37.000Z"},"storyLastUpdateDate":{"$date":"2017-08-23T19:10:57.000Z"},"projectURL":"https://rally1.rallydev.com/slm/webservice/1.29/project/69701567436","defect":null,"testcase":null,"iteration":"Iteration 3 - After Safari-part2","rallyWorkspace":"Workspace 1","hasChildren":"false","backlogStr":"false","storyStatus":"Defined","planEstimate":4}
{"_id":{"$oid":"5a520618319003414f4ee82c"},"projectName":"Sample Project","storyID":"US4","storyName":"Complete the \"You may get eaten\" waiver","userStrdescription":"As the owner of Simba's Safaris, I want the customers to complete a waiver so that our company has no liability if a lion eats them.","release":"","storyOwner":null,"storyCreationDate":{"$date":"2016-10-18T17:06:37.000Z"},"storyLastUpdateDate":{"$date":"2017-08-23T19:10:55.000Z"},"projectURL":"https://rally1.rallydev.com/slm/webservice/1.29/project/69701567436","defect":null,"testcase":null,"iteration":"Iteration 3 - After Safari-part2","rallyWorkspace":"Workspace 1","hasChildren":"false","backlogStr":"false","storyStatus":"Defined","planEstimate":2}
{"_id":{"$oid":"5a520618319003414f4ee82e"},"projectName":"Sample Project","storyID":"US5","storyName":"View jungle miles account","userStrdescription":"As a frequent adventurer, I want to view the number of jungle miles in my account so I can see if I'm eligible for a reward.","release":"","storyOwner":null,"storyCreationDate":{"$date":"2016-10-18T17:06:37.000Z"},"storyLastUpdateDate":{"$date":"2017-08-30T16:41:00.000Z"},"projectURL":"https://rally1.rallydev.com/slm/webservice/1.29/project/69701567436","defect":null,"testcase":null,"iteration":"Iteration 3 - After Safari-part2","rallyWorkspace":"Workspace 1","hasChildren":"false","backlogStr":"false","storyStatus":"Completed","planEstimate":4}
{"_id":{"$oid":"5a520618319003414f4ee830"},"projectName":"Sample Project","storyID":"US6","storyName":"Choose dietary plan","userStrdescription":"As a web site visitor, I want to view the available dietary selections (e.g., vegetarian, gluten-free, standard) and make a selection so that I know that any special food needs will be met.","release":"","storyOwner":null,"storyCreationDate":{"$date":"2016-10-18T17:06:37.000Z"},"storyLastUpdateDate":{"$date":"2017-08-30T16:39:53.000Z"},"projectURL":"https://rally1.rallydev.com/slm/webservice/1.29/project/69701567436","defect":null,"testcase":null,"iteration":"Iteration 3 - After Safari-part2","rallyWorkspace":"Workspace 1","hasChildren":"false","backlogStr":"false","storyStatus":"Defined","planEstimate":2}
{"_id":{"$oid":"5a520618319003414f4ee832"},"projectName":"Sample Project","storyID":"US7","storyName":"Manage special offers","userStrdescription":"As a safari scheduler, I want to publish special offers so that I can balance demand and availability.","release":"","storyOwner":null,"storyCreationDate":{"$date":"2016-10-18T17:06:38.000Z"},"storyLastUpdateDate":{"$date":"2017-08-30T16:40:52.000Z"},"projectURL":"https://rally1.rallydev.com/slm/webservice/1.29/project/69701567436","defect":null,"testcase":null,"iteration":"Iteration 3 - After Safari-part2","rallyWorkspace":"Workspace 1","hasChildren":"false","backlogStr":"false","storyStatus":"Completed","planEstimate":1}
{"_id":{"$oid":"5a520618319003414f4ee834"},"projectName":"Sample Project","storyID":"US8","storyName":"Order picture package","userStrdescription":"As a safari-taker, I want to view any pictures taken and be able to order reprints so that I can remember my trip.","release":"","storyOwner":null,"storyCreationDate":{"$date":"2016-10-18T17:06:38.000Z"},"storyLastUpdateDate":{"$date":"2017-08-23T19:11:04.000Z"},"projectURL":"https://rally1.rallydev.com/slm/webservice/1.29/project/69701567436","defect":null,"testcase":null,"iteration":"Iteration 3 - After Safari-part2","rallyWorkspace":"Workspace 1","hasChildren":"false","backlogStr":"false","storyStatus":"Defined","planEstimate":8}
{"_id":{"$oid":"5a520618319003414f4ee836"},"projectName":"Sample Project","storyID":"US9","storyName":"Book a Taxi using Taxi4U application","userStrdescription":"Book a new Taxi using Taxi4U application - From Eclipse - From Rally","release":"","storyOwner":"subramani.murthy","storyCreationDate":{"$date":"2016-11-01T13:46:28.000Z"},"storyLastUpdateDate":{"$date":"2017-08-30T16:41:35.000Z"},"projectURL":"https://rally1.rallydev.com/slm/webservice/1.29/project/69701567436","defect":null,"testcase":null,"iteration":"Iteration 2 - Streamline Operations","rallyWorkspace":"Workspace 1","hasChildren":"false","backlogStr":"false","storyStatus":"Defined","planEstimate":1}
{"_id":{"$oid":"5a520618319003414f4ee838"},"projectName":"Sample Project","storyID":"US44","storyName":"Test Rally User story from Sample project","userStrdescription":"Test Rally User story from Sample project","release":"","storyOwner":"Durgesh T","storyCreationDate":{"$date":"2017-07-21T17:05:39.000Z"},"storyLastUpdateDate":{"$date":"2017-07-21T17:05:39.000Z"},"projectURL":"https://rally1.rallydev.com/slm/webservice/1.29/project/69701567436","defect":null,"testcase":null,"iteration":"","rallyWorkspace":"Workspace 1","hasChildren":"false","backlogStr":"true","storyStatus":"Defined","planEstimate":0}
{"_id":{"$oid":"5a520618319003414f4ee83a"},"projectName":"Sample Project","storyID":"US62","storyName":"Sp Story -1","userStrdescription":"","release":"","storyOwner":"Durgesh T","storyCreationDate":{"$date":"2017-08-30T16:43:13.000Z"},"storyLastUpdateDate":{"$date":"2017-08-30T16:43:13.000Z"},"projectURL":"https://rally1.rallydev.com/slm/webservice/1.29/project/69701567436","defect":null,"testcase":null,"iteration":"Iteration 2 - Streamline Operations","rallyWorkspace":"Workspace 1","hasChildren":"false","backlogStr":"false","storyStatus":"In-Progress","planEstimate":2}
{"_id":{"$oid":"5a520618319003414f4ee83c"},"projectName":"Sample Project","storyID":"US63","storyName":"Sp Story 7","userStrdescription":"","release":"","storyOwner":"Durgesh T","storyCreationDate":{"$date":"2017-08-30T16:43:51.000Z"},"storyLastUpdateDate":{"$date":"2017-08-30T16:43:51.000Z"},"projectURL":"https://rally1.rallydev.com/slm/webservice/1.29/project/69701567436","defect":null,"testcase":null,"iteration":"Iteration 2 - Streamline Operations","rallyWorkspace":"Workspace 1","hasChildren":"false","backlogStr":"false","storyStatus":"In-Progress","planEstimate":2}
{"_id":{"$oid":"5a520618319003414f4ee83e"},"projectName":"Sample Project","storyID":"US64","storyName":"Sp Story 8","userStrdescription":"","release":"","storyOwner":"Durgesh T","storyCreationDate":{"$date":"2017-08-30T16:44:18.000Z"},"storyLastUpdateDate":{"$date":"2017-08-30T16:44:18.000Z"},"projectURL":"https://rally1.rallydev.com/slm/webservice/1.29/project/69701567436","defect":null,"testcase":null,"iteration":"Iteration 2 - Streamline Operations","rallyWorkspace":"Workspace 1","hasChildren":"false","backlogStr":"false","storyStatus":"In-Progress","planEstimate":2}
{"_id":{"$oid":"5a520618319003414f4ee840"},"projectName":"Sample Project","storyID":"US65","storyName":"SP Story 7","userStrdescription":"","release":"","storyOwner":"Durgesh T","storyCreationDate":{"$date":"2017-08-30T16:44:49.000Z"},"storyLastUpdateDate":{"$date":"2017-08-30T16:45:05.000Z"},"projectURL":"https://rally1.rallydev.com/slm/webservice/1.29/project/69701567436","defect":null,"testcase":null,"iteration":"Iteration 2 - Streamline Operations","rallyWorkspace":"Workspace 1","hasChildren":"false","backlogStr":"false","storyStatus":"Completed","planEstimate":2}
{"_id":{"$oid":"5a520618319003414f4ee842"},"projectName":"Sample Project","storyID":"US66","storyName":"SP Iter-1","userStrdescription":"","release":"","storyOwner":"Durgesh T","storyCreationDate":{"$date":"2017-08-30T16:46:06.000Z"},"storyLastUpdateDate":{"$date":"2017-08-30T16:46:06.000Z"},"projectURL":"https://rally1.rallydev.com/slm/webservice/1.29/project/69701567436","defect":null,"testcase":null,"iteration":"Iteration 1 - Browse and Book","rallyWorkspace":"Workspace 1","hasChildren":"false","backlogStr":"false","storyStatus":"Defined","planEstimate":2}
{"_id":{"$oid":"5a520618319003414f4ee844"},"projectName":"Sample Project","storyID":"US67","storyName":"SP-Iter1","userStrdescription":"","release":"","storyOwner":"Durgesh T","storyCreationDate":{"$date":"2017-08-30T16:46:45.000Z"},"storyLastUpdateDate":{"$date":"2017-08-30T16:46:45.000Z"},"projectURL":"https://rally1.rallydev.com/slm/webservice/1.29/project/69701567436","defect":null,"testcase":null,"iteration":"Iteration 1 - Browse and Book","rallyWorkspace":"Workspace 1","hasChildren":"false","backlogStr":"false","storyStatus":"Defined","planEstimate":2}
{"_id":{"$oid":"5a520618319003414f4ee846"},"projectName":"Sample Project","storyID":"US68","storyName":"sp Iter-1","userStrdescription":"","release":"","storyOwner":"Durgesh T","storyCreationDate":{"$date":"2017-08-30T16:47:36.000Z"},"storyLastUpdateDate":{"$date":"2017-08-30T16:47:36.000Z"},"projectURL":"https://rally1.rallydev.com/slm/webservice/1.29/project/69701567436","defect":null,"testcase":null,"iteration":"Iteration 1 - Browse and Book","rallyWorkspace":"Workspace 1","hasChildren":"false","backlogStr":"false","storyStatus":"In-Progress","planEstimate":1}
{"_id":{"$oid":"5a520618319003414f4ee848"},"projectName":"Sample Project","storyID":"US69","storyName":"SP Iter-4","userStrdescription":"","release":"","storyOwner":"Durgesh T","storyCreationDate":{"$date":"2017-08-30T16:48:01.000Z"},"storyLastUpdateDate":{"$date":"2017-08-30T16:48:01.000Z"},"projectURL":"https://rally1.rallydev.com/slm/webservice/1.29/project/69701567436","defect":null,"testcase":null,"iteration":"Iteration 1 - Browse and Book","rallyWorkspace":"Workspace 1","hasChildren":"false","backlogStr":"false","storyStatus":"In-Progress","planEstimate":1}
{"_id":{"$oid":"5a520618319003414f4ee84a"},"projectName":"Sample Project","storyID":"US70","storyName":"sp iTER-1","userStrdescription":"","release":"","storyOwner":"Durgesh T","storyCreationDate":{"$date":"2017-08-30T16:48:31.000Z"},"storyLastUpdateDate":{"$date":"2017-08-30T16:48:45.000Z"},"projectURL":"https://rally1.rallydev.com/slm/webservice/1.29/project/69701567436","defect":null,"testcase":null,"iteration":"Iteration 1 - Browse and Book","rallyWorkspace":"Workspace 1","hasChildren":"false","backlogStr":"false","storyStatus":"Completed","planEstimate":1}
{"_id":{"$oid":"5a520618319003414f4ee84c"},"projectName":"Sample Project","storyID":"US71","storyName":"Sample Project Iter-4 str","userStrdescription":"Sample Project Iter-4 str","release":"","storyOwner":"Durgesh T","storyCreationDate":{"$date":"2017-08-31T18:51:21.000Z"},"storyLastUpdateDate":{"$date":"2017-08-31T18:51:21.000Z"},"projectURL":"https://rally1.rallydev.com/slm/webservice/1.29/project/69701567436","defect":null,"testcase":null,"iteration":"Sample Project Iteration 5","rallyWorkspace":"Workspace 1","hasChildren":"false","backlogStr":"false","storyStatus":"Defined","planEstimate":3}
{"_id":{"$oid":"5a520618319003414f4ee84e"},"projectName":"Sample Project","storyID":"US72","storyName":"Sample Project Iteration 4 str-2","userStrdescription":"","release":"","storyOwner":"Durgesh T","storyCreationDate":{"$date":"2017-08-31T18:51:59.000Z"},"storyLastUpdateDate":{"$date":"2017-08-31T18:51:59.000Z"},"projectURL":"https://rally1.rallydev.com/slm/webservice/1.29/project/69701567436","defect":null,"testcase":null,"iteration":"Sample Project Iteration 5","rallyWorkspace":"Workspace 1","hasChildren":"false","backlogStr":"false","storyStatus":"In-Progress","planEstimate":2}
{"_id":{"$oid":"5a520618319003414f4ee850"},"projectName":"Sample Project","storyID":"US73","storyName":"US1","userStrdescription":"","release":"","storyOwner":"Durgesh T","storyCreationDate":{"$date":"2017-09-11T18:41:55.000Z"},"storyLastUpdateDate":{"$date":"2017-09-20T23:04:31.000Z"},"projectURL":"https://rally1.rallydev.com/slm/webservice/1.29/project/69701567436","defect":null,"testcase":null,"iteration":"Sample Project Iteration 5","rallyWorkspace":"Workspace 1","hasChildren":"false","backlogStr":"false","storyStatus":"Defined","planEstimate":0}
{"_id":{"$oid":"5a520618319003414f4ee852"},"projectName":"Sample Project","storyID":"US78","storyName":"Sample project demo user story","userStrdescription":"","release":"","storyOwner":"Durgesh T","storyCreationDate":{"$date":"2017-09-20T22:49:26.000Z"},"storyLastUpdateDate":{"$date":"2017-09-20T22:49:26.000Z"},"projectURL":"https://rally1.rallydev.com/slm/webservice/1.29/project/69701567436","defect":null,"testcase":null,"iteration":"","rallyWorkspace":"Workspace 1","hasChildren":"false","backlogStr":"true","storyStatus":"Defined","planEstimate":0}
{"_id":{"$oid":"5a52061c319003414f4ee87d"},"projectName":"DevOps","storyID":"US43","storyName":"TestDevops-Story","userStrdescription":"Test user story.....","release":"","storyOwner":"Durgesh T","storyCreationDate":{"$date":"2017-07-19T17:58:05.000Z"},"storyLastUpdateDate":{"$date":"2017-08-30T16:19:00.000Z"},"projectURL":"https://rally1.rallydev.com/slm/webservice/1.29/project/72968962588","defect":"Test Defect","testcase":null,"iteration":"Iteration DeveOps-3","rallyWorkspace":"Workspace 1","hasChildren":"false","backlogStr":"false","storyStatus":"Defined","planEstimate":5}
{"_id":{"$oid":"5a52061c319003414f4ee87f"},"projectName":"DevOps","storyID":"US45","storyName":"US-Deveops-1","userStrdescription":"","release":"","storyOwner":"Durgesh T","storyCreationDate":{"$date":"2017-08-19T15:20:17.000Z"},"storyLastUpdateDate":{"$date":"2017-08-23T18:04:09.000Z"},"projectURL":"https://rally1.rallydev.com/slm/webservice/1.29/project/72968962588","defect":null,"testcase":null,"iteration":"Iteration Deveops-1","rallyWorkspace":"Workspace 1","hasChildren":"false","backlogStr":"false","storyStatus":"Defined","planEstimate":5}
{"_id":{"$oid":"5a52061c319003414f4ee881"},"projectName":"DevOps","storyID":"US46","storyName":"US-DeveOps-2","userStrdescription":"","release":"","storyOwner":"Durgesh T","storyCreationDate":{"$date":"2017-08-19T15:20:47.000Z"},"storyLastUpdateDate":{"$date":"2017-08-23T19:09:11.000Z"},"projectURL":"https://rally1.rallydev.com/slm/webservice/1.29/project/72968962588","defect":null,"testcase":null,"iteration":"Iteration Deveops-1","rallyWorkspace":"Workspace 1","hasChildren":"false","backlogStr":"false","storyStatus":"Defined","planEstimate":10}
{"_id":{"$oid":"5a52061c319003414f4ee883"},"projectName":"DevOps","storyID":"US47","storyName":"US-DevOps-3","userStrdescription":"","release":"","storyOwner":"Durgesh T","storyCreationDate":{"$date":"2017-08-19T15:28:40.000Z"},"storyLastUpdateDate":{"$date":"2017-08-30T16:27:40.000Z"},"projectURL":"https://rally1.rallydev.com/slm/webservice/1.29/project/72968962588","defect":null,"testcase":null,"iteration":"Iteration Deveops-1","rallyWorkspace":"Workspace 1","hasChildren":"false","backlogStr":"false","storyStatus":"Completed","planEstimate":10}
{"_id":{"$oid":"5a52061c319003414f4ee885"},"projectName":"DevOps","storyID":"US48","storyName":"US67","userStrdescription":"","release":"","storyOwner":"Durgesh T","storyCreationDate":{"$date":"2017-08-25T23:37:45.000Z"},"storyLastUpdateDate":{"$date":"2017-08-26T01:47:06.000Z"},"projectURL":"https://rally1.rallydev.com/slm/webservice/1.29/project/72968962588","defect":null,"testcase":null,"iteration":"Iteration Deveops-2","rallyWorkspace":"Workspace 1","hasChildren":"false","backlogStr":"false","storyStatus":"Defined","planEstimate":7}
{"_id":{"$oid":"5a52061c319003414f4ee887"},"projectName":"DevOps","storyID":"US49","storyName":"US68","userStrdescription":"","release":"","storyOwner":"Durgesh T","storyCreationDate":{"$date":"2017-08-25T23:38:05.000Z"},"storyLastUpdateDate":{"$date":"2017-08-30T16:27:02.000Z"},"projectURL":"https://rally1.rallydev.com/slm/webservice/1.29/project/72968962588","defect":null,"testcase":null,"iteration":"Iteration Deveops-2","rallyWorkspace":"Workspace 1","hasChildren":"false","backlogStr":"false","storyStatus":"In-Progress","planEstimate":3}
{"_id":{"$oid":"5a52061c319003414f4ee889"},"projectName":"DevOps","storyID":"US50","storyName":"US69","userStrdescription":"","release":"","storyOwner":"Durgesh T","storyCreationDate":{"$date":"2017-08-25T23:38:21.000Z"},"storyLastUpdateDate":{"$date":"2017-08-30T15:04:43.000Z"},"projectURL":"https://rally1.rallydev.com/slm/webservice/1.29/project/72968962588","defect":null,"testcase":null,"iteration":"Iteration DeveOps-3","rallyWorkspace":"Workspace 1","hasChildren":"false","backlogStr":"false","storyStatus":"Defined","planEstimate":5}
{"_id":{"$oid":"5a52061c319003414f4ee88b"},"projectName":"DevOps","storyID":"US51","storyName":"Test user story for E2E","userStrdescription":"","release":"","storyOwner":"Durgesh T","storyCreationDate":{"$date":"2017-08-30T14:54:25.000Z"},"storyLastUpdateDate":{"$date":"2017-08-30T14:54:25.000Z"},"projectURL":"https://rally1.rallydev.com/slm/webservice/1.29/project/72968962588","defect":null,"testcase":null,"iteration":"Iteration Deveops-2","rallyWorkspace":"Workspace 1","hasChildren":"false","backlogStr":"false","storyStatus":"Defined","planEstimate":5}
{"_id":{"$oid":"5a52061c319003414f4ee88d"},"projectName":"DevOps","storyID":"US52","storyName":"DevOps story 3","userStrdescription":"","release":"","storyOwner":"Durgesh T","storyCreationDate":{"$date":"2017-08-30T16:20:38.000Z"},"storyLastUpdateDate":{"$date":"2017-08-30T16:22:38.000Z"},"projectURL":"https://rally1.rallydev.com/slm/webservice/1.29/project/72968962588","defect":null,"testcase":null,"iteration":"Iteration DeveOps-3","rallyWorkspace":"Workspace 1","hasChildren":"false","backlogStr":"false","storyStatus":"Defined","planEstimate":3}
{"_id":{"$oid":"5a52061c319003414f4ee88f"},"projectName":"DevOps","storyID":"US53","storyName":"DeveOps story -4","userStrdescription":"","release":"","storyOwner":"Durgesh T","storyCreationDate":{"$date":"2017-08-30T16:24:02.000Z"},"storyLastUpdateDate":{"$date":"2017-08-30T16:24:48.000Z"},"projectURL":"https://rally1.rallydev.com/slm/webservice/1.29/project/72968962588","defect":null,"testcase":null,"iteration":"Iteration DeveOps-3","rallyWorkspace":"Workspace 1","hasChildren":"false","backlogStr":"false","storyStatus":"In-Progress","planEstimate":0}
{"_id":{"$oid":"5a52061c319003414f4ee891"},"projectName":"DevOps","storyID":"US54","storyName":"DevOps story 5","userStrdescription":"","release":"","storyOwner":"Durgesh T","storyCreationDate":{"$date":"2017-08-30T16:25:32.000Z"},"storyLastUpdateDate":{"$date":"2017-08-30T16:25:32.000Z"},"projectURL":"https://rally1.rallydev.com/slm/webservice/1.29/project/72968962588","defect":null,"testcase":null,"iteration":"Iteration DeveOps-3","rallyWorkspace":"Workspace 1","hasChildren":"false","backlogStr":"false","storyStatus":"In-Progress","planEstimate":3}
{"_id":{"$oid":"5a52061c319003414f4ee893"},"projectName":"DevOps","storyID":"US55","storyName":"DevOps story 6","userStrdescription":"","release":"","storyOwner":"Durgesh T","storyCreationDate":{"$date":"2017-08-30T16:26:14.000Z"},"storyLastUpdateDate":{"$date":"2017-08-30T16:26:14.000Z"},"projectURL":"https://rally1.rallydev.com/slm/webservice/1.29/project/72968962588","defect":null,"testcase":null,"iteration":"Iteration DeveOps-3","rallyWorkspace":"Workspace 1","hasChildren":"false","backlogStr":"false","storyStatus":"Completed","planEstimate":0}
{"_id":{"$oid":"5a52061c319003414f4ee895"},"projectName":"DevOps","storyID":"US56","storyName":"DevOps story 7","userStrdescription":"","release":"","storyOwner":"Durgesh T","storyCreationDate":{"$date":"2017-08-30T16:28:57.000Z"},"storyLastUpdateDate":{"$date":"2017-08-30T16:38:35.000Z"},"projectURL":"https://rally1.rallydev.com/slm/webservice/1.29/project/72968962588","defect":null,"testcase":null,"iteration":"Iteration Deveops-2","rallyWorkspace":"Workspace 1","hasChildren":"false","backlogStr":"false","storyStatus":"Completed","planEstimate":3}
{"_id":{"$oid":"5a52061c319003414f4ee897"},"projectName":"DevOps","storyID":"US57","storyName":"DeveOps story 8","userStrdescription":"","release":"","storyOwner":"Durgesh T","storyCreationDate":{"$date":"2017-08-30T16:29:37.000Z"},"storyLastUpdateDate":{"$date":"2017-08-30T16:29:46.000Z"},"projectURL":"https://rally1.rallydev.com/slm/webservice/1.29/project/72968962588","defect":null,"testcase":null,"iteration":"Iteration Deveops-1","rallyWorkspace":"Workspace 1","hasChildren":"false","backlogStr":"false","storyStatus":"Completed","planEstimate":2}
{"_id":{"$oid":"5a52061c319003414f4ee899"},"projectName":"DevOps","storyID":"US58","storyName":"Dev Ops Story 9","userStrdescription":"","release":"","storyOwner":"Durgesh T","storyCreationDate":{"$date":"2017-08-30T16:30:27.000Z"},"storyLastUpdateDate":{"$date":"2017-08-30T16:30:41.000Z"},"projectURL":"https://rally1.rallydev.com/slm/webservice/1.29/project/72968962588","defect":null,"testcase":null,"iteration":"Iteration Deveops-1","rallyWorkspace":"Workspace 1","hasChildren":"false","backlogStr":"false","storyStatus":"In-Progress","planEstimate":2}
{"_id":{"$oid":"5a52061c319003414f4ee89b"},"projectName":"DevOps","storyID":"US59","storyName":"Deve Iter 2 -1","userStrdescription":"","release":"","storyOwner":"Durgesh T","storyCreationDate":{"$date":"2017-08-30T16:31:45.000Z"},"storyLastUpdateDate":{"$date":"2017-08-30T16:39:14.000Z"},"projectURL":"https://rally1.rallydev.com/slm/webservice/1.29/project/72968962588","defect":null,"testcase":null,"iteration":"Iteration Deveops-2","rallyWorkspace":"Workspace 1","hasChildren":"false","backlogStr":"false","storyStatus":"Completed","planEstimate":2}
{"_id":{"$oid":"5a52061c319003414f4ee89d"},"projectName":"DevOps","storyID":"US60","storyName":"Dev Ops 2","userStrdescription":"","release":"","storyOwner":"Durgesh T","storyCreationDate":{"$date":"2017-08-30T16:32:14.000Z"},"storyLastUpdateDate":{"$date":"2017-08-30T16:32:14.000Z"},"projectURL":"https://rally1.rallydev.com/slm/webservice/1.29/project/72968962588","defect":null,"testcase":null,"iteration":"Iteration Deveops-1","rallyWorkspace":"Workspace 1","hasChildren":"false","backlogStr":"false","storyStatus":"Completed","planEstimate":2}
{"_id":{"$oid":"5a52061c319003414f4ee89f"},"projectName":"DevOps","storyID":"US61","storyName":"DevOps Itr1-5","userStrdescription":"","release":"","storyOwner":"Durgesh T","storyCreationDate":{"$date":"2017-08-30T16:32:53.000Z"},"storyLastUpdateDate":{"$date":"2017-08-30T16:32:53.000Z"},"projectURL":"https://rally1.rallydev.com/slm/webservice/1.29/project/72968962588","defect":null,"testcase":null,"iteration":"Iteration Deveops-1","rallyWorkspace":"Workspace 1","hasChildren":"false","backlogStr":"false","storyStatus":"In-Progress","planEstimate":2}
{"_id":{"$oid":"5a52061c319003414f4ee8a1"},"projectName":"DevOps","storyID":"US74","storyName":"User Story DevOps unit testing","userStrdescription":"","release":"","storyOwner":"Durgesh T","storyCreationDate":{"$date":"2017-09-11T19:28:41.000Z"},"storyLastUpdateDate":{"$date":"2017-09-20T22:53:27.000Z"},"projectURL":"https://rally1.rallydev.com/slm/webservice/1.29/project/72968962588","defect":null,"testcase":null,"iteration":"Iteration DeveOps-3","rallyWorkspace":"Workspace 1","hasChildren":"false","backlogStr":"false","storyStatus":"Defined","planEstimate":0}
{"_id":{"$oid":"5a52061c319003414f4ee8a3"},"projectName":"DevOps","storyID":"US75","storyName":"Dev Ops test user story-1","userStrdescription":"","release":"","storyOwner":"Durgesh T","storyCreationDate":{"$date":"2017-09-13T13:30:24.000Z"},"storyLastUpdateDate":{"$date":"2017-09-13T13:30:24.000Z"},"projectURL":"https://rally1.rallydev.com/slm/webservice/1.29/project/72968962588","defect":null,"testcase":null,"iteration":"","rallyWorkspace":"Workspace 1","hasChildren":"false","backlogStr":"true","storyStatus":"Defined","planEstimate":0}
{"_id":{"$oid":"5a52061c319003414f4ee8a5"},"projectName":"DevOps","storyID":"US76","storyName":"DevOps user story 0918","userStrdescription":"","release":"","storyOwner":"Durgesh T","storyCreationDate":{"$date":"2017-09-18T16:54:42.000Z"},"storyLastUpdateDate":{"$date":"2017-09-18T16:54:42.000Z"},"projectURL":"https://rally1.rallydev.com/slm/webservice/1.29/project/72968962588","defect":null,"testcase":null,"iteration":"","rallyWorkspace":"Workspace 1","hasChildren":"false","backlogStr":"true","storyStatus":"Defined","planEstimate":0}
{"_id":{"$oid":"5a52061c319003414f4ee8a7"},"projectName":"DevOps","storyID":"US77","storyName":"DevOps user story 0919","userStrdescription":"","release":"","storyOwner":"Durgesh T","storyCreationDate":{"$date":"2017-09-19T12:42:55.000Z"},"storyLastUpdateDate":{"$date":"2017-09-19T12:42:55.000Z"},"projectURL":"https://rally1.rallydev.com/slm/webservice/1.29/project/72968962588","defect":null,"testcase":null,"iteration":"","rallyWorkspace":"Workspace 1","hasChildren":"false","backlogStr":"true","storyStatus":"Defined","planEstimate":0}
{"_id":{"$oid":"5a520621319003414f4ee8e7"},"projectName":"Taxi4U","storyID":"US10","storyName":"As a user, i want to book a new taxi","userStrdescription":"\u003cdiv\u003eAs a user i want to book a Taxi from the drop down values available for a selected pick up time with an option to choose the required type of vehicle.\u0026nbsp;\u003c/div\u003e","release":"","storyOwner":"vinodh.irudayaraj","SprintID":3,"storyCreationDate":{"$date":"2016-11-03T15:27:00.000Z"},"storyLastUpdateDate":{"$date":"2017-08-30T18:23:02.000Z"},"projectURL":"https://rally1.rallydev.com/slm/webservice/1.29/project/72968969712","defect":"Defect_1","testcase":null,"iteration":"","rallyWorkspace":"Workspace 1","hasChildren":"true","backlogStr":"true","storyStatus":"In-Progress","planEstimate":8}
{"_id":{"$oid":"5a520621319003414f4ee8e9"},"projectName":"Taxi4U","storyID":"US11","storyName":"As a user, i want to edit an existing taxi order","userStrdescription":"As a user, i would like to change a booking that i made recently to change location, type of vehicle or the pick up point\u0026nbsp;","release":"R1","storyOwner":"vinodh.irudayaraj","SprintID":3,"storyCreationDate":{"$date":"2016-11-03T15:27:17.000Z"},"storyLastUpdateDate":{"$date":"2017-08-30T16:52:53.000Z"},"projectURL":"https://rally1.rallydev.com/slm/webservice/1.29/project/72968969712","defect":null,"testcase":null,"iteration":"Iteration 1","rallyWorkspace":"Workspace 1","hasChildren":"false","backlogStr":"false","storyStatus":"Completed","planEstimate":2}
{"_id":{"$oid":"5a520621319003414f4ee8eb"},"projectName":"Taxi4U","storyID":"US12","storyName":"As a user, i want to delete an existing taxi order","userStrdescription":"I should be able to delete a booking i just made","release":"R2","storyOwner":"vinodh.irudayaraj","SprintID":4,"storyCreationDate":{"$date":"2016-11-03T15:27:36.000Z"},"storyLastUpdateDate":{"$date":"2017-08-30T16:52:18.000Z"},"projectURL":"https://rally1.rallydev.com/slm/webservice/1.29/project/72968969712","defect":"DE12","testcase":null,"iteration":"Iteration 1","rallyWorkspace":"Workspace 1","hasChildren":"false","backlogStr":"false","storyStatus":"Defined","planEstimate":1}
{"_id":{"$oid":"5a520621319003414f4ee8ed"},"projectName":"Taxi4U","storyID":"US13","storyName":"Taxi Booking","userStrdescription":"","release":"","storyOwner":"subramani.murthy","storyCreationDate":{"$date":"2016-11-03T15:30:13.000Z"},"storyLastUpdateDate":{"$date":"2017-08-30T18:23:02.000Z"},"projectURL":"https://rally1.rallydev.com/slm/webservice/1.29/project/72968969712","defect":null,"testcase":null,"iteration":"","rallyWorkspace":"Workspace 1","hasChildren":"true","backlogStr":"true","storyStatus":"In-Progress","planEstimate":14}
{"_id":{"$oid":"5a520621319003414f4ee8ef"},"projectName":"Taxi4U","storyID":"US14","storyName":"As a user, i want to provide feedback","userStrdescription":"","release":"R1","storyOwner":"subramani.murthy","SprintID":1,"storyCreationDate":{"$date":"2016-11-03T15:30:29.000Z"},"storyLastUpdateDate":{"$date":"2017-08-30T16:53:24.000Z"},"projectURL":"https://rally1.rallydev.com/slm/webservice/1.29/project/72968969712","defect":null,"testcase":null,"iteration":"Iteration 1","rallyWorkspace":"Workspace 1","hasChildren":"false","backlogStr":"false","storyStatus":"In-Progress","planEstimate":10}
{"_id":{"$oid":"5a520621319003414f4ee8f1"},"projectName":"Taxi4U","storyID":"US15","storyName":"As a user, i want to view About details","userStrdescription":"","release":"R2","storyOwner":"subramani.murthy","SprintID":4,"storyCreationDate":{"$date":"2016-11-03T15:30:43.000Z"},"storyLastUpdateDate":{"$date":"2017-06-23T21:59:12.000Z"},"projectURL":"https://rally1.rallydev.com/slm/webservice/1.29/project/72968969712","defect":null,"testcase":null,"iteration":"Iteration 1","rallyWorkspace":"Workspace 1","hasChildren":"false","backlogStr":"false","storyStatus":"Defined","planEstimate":5}
{"_id":{"$oid":"5a520621319003414f4ee8f3"},"projectName":"Taxi4U","storyID":"US16","storyName":"As a user, i want to navigate into all pages","userStrdescription":"","release":"R1","storyOwner":"subramani.murthy","SprintID":3,"storyCreationDate":{"$date":"2016-11-03T15:33:31.000Z"},"storyLastUpdateDate":{"$date":"2017-08-30T16:53:13.000Z"},"projectURL":"https://rally1.rallydev.com/slm/webservice/1.29/project/72968969712","defect":null,"testcase":null,"iteration":"Iteration 1","rallyWorkspace":"Workspace 1","hasChildren":"false","backlogStr":"false","storyStatus":"Completed","planEstimate":2}
{"_id":{"$oid":"5a520621319003414f4ee8f5"},"projectName":"Taxi4U","storyID":"US17","storyName":"Page Navigation","userStrdescription":"","release":"","storyOwner":"subramani.murthy","storyCreationDate":{"$date":"2016-11-03T15:33:41.000Z"},"storyLastUpdateDate":{"$date":"2017-08-30T16:53:13.000Z"},"projectURL":"https://rally1.rallydev.com/slm/webservice/1.29/project/72968969712","defect":null,"testcase":null,"iteration":"","rallyWorkspace":"Workspace 1","hasChildren":"true","backlogStr":"true","storyStatus":"In-Progress","planEstimate":17}
{"_id":{"$oid":"5a520621319003414f4ee8f7"},"projectName":"Taxi4U","storyID":"US18","storyName":"CR: Change zip to pincode","userStrdescription":"","release":"R2","storyOwner":"subramani.murthy","SprintID":6,"storyCreationDate":{"$date":"2016-11-03T15:53:38.000Z"},"storyLastUpdateDate":{"$date":"2017-06-23T20:29:31.000Z"},"projectURL":"https://rally1.rallydev.com/slm/webservice/1.29/project/72968969712","defect":null,"testcase":null,"iteration":"","rallyWorkspace":"Workspace 1","hasChildren":"false","backlogStr":"true","storyStatus":"Defined","planEstimate":0}
{"_id":{"$oid":"5a520621319003414f4ee8f9"},"projectName":"Taxi4U","storyID":"US22","storyName":"View a Booking","userStrdescription":"As a Taxi Service Agent\u003cbr /\u003e\nI Want to view existing taxi bookings\u003cbr /\u003e\nSo that I should be able to manage my bookings\u003cbr /\u003e\n\u003cbr /\u003e\n\u003cstrong\u003eAcceptance Criteria:\u003c/strong\u003e\u003cbr /\u003e\n1) All the booking should display as a new line item as a table format in the \"View Booking\" page\u003cbr /\u003e\n2) following fields should show - Order No.. Pick Up, Drop, Travel Date \u0026amp; Time, Name, Email, Street, City, Zip, State, Telephone, Vehicle, Type, Action\u003cbr /\u003e\n3) Order No. - Latest booking should be at the top.\u003cbr /\u003e\n4) Travel Date \u0026amp; Time - Time format should be\u0026nbsp; DD/MM/YYYY HH:MM\u003cbr /\u003e\n5) Action - Should have Edit and Delete art-clip which is clickable.\u0026nbsp;\u003cbr /\u003e\n6) Standard Taxi4U banner should display at top.\u003cbr /\u003e\n7) Cognizant logo should display at bottom.\u003cbr /\u003e\n8) Order Details heading should display at top left of the booking table\u003cbr /\u003e\n9) Home, Book Now, View Booking, Feedback, About menus should display at top.\u003cbr /\u003e\n\u003cbr /\u003e\n\u003cstrong\u003eDefinition of Done:\u003c/strong\u003e\u003cbr /\u003e\nPassing all regression tests\u003cbr /\u003e\nPassing tests as acceptance criteria.\u003cbr /\u003e\nApproved by UI team\u003cbr /\u003e\nAble to show features in demo to product owner and other stakeholders.","release":"","storyOwner":"Supriya P","storyCreationDate":{"$date":"2017-06-01T13:29:03.000Z"},"storyLastUpdateDate":{"$date":"2017-08-30T18:22:49.000Z"},"projectURL":"https://rally1.rallydev.com/slm/webservice/1.29/project/72968969712","defect":null,"testcase":null,"iteration":"","rallyWorkspace":"Workspace 1","hasChildren":"true","backlogStr":"true","storyStatus":"In-Progress","planEstimate":4}
{"_id":{"$oid":"5a520621319003414f4ee8fb"},"projectName":"Taxi4U","storyID":"US23","storyName":"Fill-in taxi booking form","userStrdescription":"\u003cp\u003eAs a\u0026nbsp;user of the website\u003cbr /\u003e I Want to provide\u0026nbsp;pickup address and vehicle\u0026nbsp;details for\u0026nbsp;booking a taxi\u003cbr /\u003e So that I can book a taxi immediately\u003cbr /\u003e\u003cbr /\u003e\u003cb\u003eAcceptance Criteria:\u003c/b\u003e\u003cbr /\u003e1) 'Book now' page should contain - Location information, Address information, Price information categories.\u003c/p\u003e\u003cp\u003e2) Location information should contain - Pickup City, Drop City, Pickup Date, Pickup Time as fields.\u003c/p\u003e\u003cp\u003ePickup city should be a dropdown with list of cities in India\u003c/p\u003e\u003cp\u003eDrop city should be a dropdown with list of cities in India\u003c/p\u003e\u003cp\u003ePickup Date\u0026nbsp; should be a Date picker\u003c/p\u003e\u003cp\u003ePickup Time should be a Time picker\u003c/p\u003e\u003cp\u003e3) Address information should contain - Name, Email, Street, City, Zip, State, Telephone fields\u003c/p\u003e\u003cp\u003eName should be a text field\u003c/p\u003e\u003cp\u003eEmail should be a text field allowing all email field requirements\u003c/p\u003e\u003cp\u003eStreet should be a test field allowing to fill in street address\u003c/p\u003e\u003cp\u003eCity should be text field\u003c/p\u003e\u003cp\u003eZip should be a text field allowing with zip code field requirements\u003c/p\u003e\u003cp\u003eState should be a text field \u003c/p\u003e\u003cp\u003eTelephone should be a text field\u0026nbsp; allowing phone number field requirements\u003c/p\u003e\u003cp\u003e4) Price information should contain - Vehicle Type , Vehicle type with\u0026nbsp; Rate/Km details and Pay by Cash To driver details\u003c/p\u003e\u003cp\u003eVehicle Type should be a dropdown with vehicles list\u003c/p\u003e\u003cp\u003eVehicle type with\u0026nbsp; Rate/Km\u0026nbsp; should be in tabular format\u003c/p\u003e\u003cp\u003e'Pay by Cash To driver' option should be displayed\u003c/p\u003e\u003cp\u003e5) Book Now button should be displayed below the categories\u003c/p\u003e\u003cp\u003e6)\u0026nbsp;Standard Taxi4U banner should display at top.\u003c/p\u003e\u003cp\u003e7) Cognizant logo should display at bottom.\u003c/p\u003e\u003cp\u003e8) Order Details heading should display at top left of the booking table\u003cbr /\u003e 9) Home, Book Now, View Booking, Feedback, About menus should display at top.\u003c/p\u003e\u003cp\u003e\u0026nbsp;\u003cbr /\u003e\u003cbr /\u003e\u003cb\u003eDefinition of Done:\u003c/b\u003e\u003cbr /\u003e Passing all regression tests\u003cbr /\u003e Passing tests as acceptance criteria.\u003cbr /\u003e Approved by UI team\u003cbr /\u003e Able to show features in demo to product owner and other stakeholders.\u003c/p\u003e","release":"R3","storyOwner":"Supriya P","SprintID":8,"storyCreationDate":{"$date":"2017-06-12T17:23:58.000Z"},"storyLastUpdateDate":{"$date":"2017-06-23T20:21:54.000Z"},"projectURL":"https://rally1.rallydev.com/slm/webservice/1.29/project/72968969712","defect":null,"testcase":null,"iteration":"","rallyWorkspace":"Workspace 1","hasChildren":"false","backlogStr":"true","storyStatus":"Defined","planEstimate":0}
{"_id":{"$oid":"5a520621319003414f4ee8fd"},"projectName":"Taxi4U","storyID":"US24","storyName":"View Taxi4u home page","userStrdescription":"\u003cp\u003eAs a Taxi4u\u0026nbsp;application user\u003cbr /\u003e I Want to view\u0026nbsp;different menus from home page\u003cbr /\u003e So that I should be able to navigate each page easily\u003cbr /\u003e\u003cbr /\u003e\u003cb\u003eAcceptance Criteria:\u003c/b\u003e\u003cbr /\u003e 1)\u0026nbsp;Standard Taxi4U banner should display at top.\u0026nbsp;\u003cbr /\u003e\u0026nbsp;2) Below main banner,\u0026nbsp;a small\u0026nbsp;banner with - Home, Book\u0026nbsp;Now, View Bookings, Feedback, About menu links should be displayed on the top right side of the home page.\u003c/p\u003e\u003cp\u003e3) Selecting each menu link should navigate to respective page\u003cbr /\u003e\u0026nbsp;4) Cognizant logo should display at bottom.\u003cbr /\u003e\u0026nbsp;5) Order Details heading should display at top left of the booking table\u003cbr /\u003e\u0026nbsp;6) Home, Book Now, View Booking, Feedback, About menus should display at top.\u003cbr /\u003e\u003cbr /\u003e\u003cb\u003eDefinition of Done:\u003c/b\u003e\u003cbr /\u003e Passing all regression tests\u003cbr /\u003e Passing tests as acceptance criteria.\u003cbr /\u003e Approved by UI team\u003cbr /\u003e Able to show features in demo to product owner and other stakeholders.\u003cbr /\u003e\u003c/p\u003e","release":"R1","storyOwner":"Supriya P","SprintID":3,"storyCreationDate":{"$date":"2017-06-12T18:43:04.000Z"},"storyLastUpdateDate":{"$date":"2017-08-30T16:52:40.000Z"},"projectURL":"https://rally1.rallydev.com/slm/webservice/1.29/project/72968969712","defect":null,"testcase":null,"iteration":"Iteration 1","rallyWorkspace":"Workspace 1","hasChildren":"false","backlogStr":"false","storyStatus":"In-Progress","planEstimate":1}
{"_id":{"$oid":"5a520621319003414f4ee8ff"},"projectName":"Taxi4U","storyID":"US25","storyName":"Delete Booking","userStrdescription":"","release":"","storyOwner":"Supriya P","storyCreationDate":{"$date":"2017-06-12T18:44:40.000Z"},"storyLastUpdateDate":{"$date":"2017-07-21T17:58:32.000Z"},"projectURL":"https://rally1.rallydev.com/slm/webservice/1.29/project/72968969712","defect":null,"testcase":null,"iteration":"","rallyWorkspace":"Workspace 1","hasChildren":"true","backlogStr":"true","storyStatus":"Defined","planEstimate":0}
{"_id":{"$oid":"5a520621319003414f4ee901"},"projectName":"Taxi4U","storyID":"US26","storyName":"Mandtory fields in booking form","userStrdescription":"\u003cp\u003eAs a\u0026nbsp;customer of the website\u003cbr /\u003e I Want to fill-in all mandatory details\u003cbr /\u003e So that I can book a taxi immediately\u003cbr /\u003e\u003cbr /\u003e\u003cb\u003eAcceptance Criteria:\u003c/b\u003e\u003c/p\u003e\u003cp\u003e\u003cstrong\u003e1) \u003c/strong\u003eAll the mandatory fields should be highlighted with an asterisk after each field name\u003cbr /\u003e\u003c/p\u003e\u003cp\u003e2) Mandatory fields for 'Location information'\u0026nbsp; - Pickup City, Drop City, Pickup Date, Pickup Time\u003c/p\u003e\u003cp\u003e3) Mandatory fields for\u0026nbsp; 'Address information' - Name, Email, Street, City, Zip,\u0026nbsp;Telephone \u003c/p\u003e\u003cp\u003e4) Mandatory fields\u0026nbsp; 'Price information'\u0026nbsp; - Vehicle Type , 'Pay by Cash To driver' details\u003c/p\u003e\u003cp\u003e5) Book Now button should be displayed below the categories\u003c/p\u003e\u003cp\u003e6)\u0026nbsp;Standard Taxi4U banner should display at top.\u003c/p\u003e\u003cp\u003e7) Cognizant logo should display at bottom.\u003c/p\u003e\u003cp\u003e8) Order Details heading should display at top left of the booking table\u003cbr /\u003e 9) Home, Book Now, View Booking, Feedback, About menus should display at top.\u003c/p\u003e\u003cp\u003e10) Display error message when all mandatory details are not filled.\u003c/p\u003e\u003cp\u003e\u0026nbsp;\u003cbr /\u003e\u003cbr /\u003e\u003cb\u003eDefinition of Done:\u003c/b\u003e\u003cbr /\u003e Passing all regression tests\u003cbr /\u003e Passing tests as acceptance criteria.\u003cbr /\u003e Approved by UI team\u003cbr /\u003e Able to show features in demo to product owner and other stakeholders.\u003c/p\u003e","release":"R2","storyOwner":"Supriya P","SprintID":5,"storyCreationDate":{"$date":"2017-06-12T18:55:37.000Z"},"storyLastUpdateDate":{"$date":"2017-06-23T20:19:51.000Z"},"projectURL":"https://rally1.rallydev.com/slm/webservice/1.29/project/72968969712","defect":null,"testcase":null,"iteration":"","rallyWorkspace":"Workspace 1","hasChildren":"false","backlogStr":"true","storyStatus":"Defined","planEstimate":0}
{"_id":{"$oid":"5a520621319003414f4ee903"},"projectName":"Taxi4U","storyID":"US27","storyName":"As a user, I should be able to edit my  booking details from View Bookings page","userStrdescription":"\u003cp\u003eAs a\u0026nbsp;user of the website\u003cbr /\u003e\u003cb\u003e\u0026nbsp;\u003c/b\u003eI Want to\u0026nbsp;navigate to 'View Bookings' page\u003cbr /\u003e So that I can edit\u0026nbsp;the existing\u0026nbsp;booking details\u003cbr /\u003e\u003cbr /\u003e\u003cb\u003eAcceptance Criteria:\u003c/b\u003e\u003c/p\u003e\u003cp\u003e1) In 'View Bookings' page, select the booking which should be edited and click on 'Edit' art-clip\u003c/p\u003e\u003cp\u003e2)\u0026nbsp;Location\u0026nbsp;Information, Address Information, Price Information details should be already filled in\u003c/p\u003e\u003cp\u003e3)\u0026nbsp;After editing click 'Book Now'\u003c/p\u003e\u003cp\u003e4) According to changes, booking details in the 'View Bookings' page should be updated.\u003cbr /\u003e\u003c/p\u003e\u003cp\u003e\u003cbr /\u003e\u003c/p\u003e\u003cp\u003e\u0026nbsp;\u003cbr /\u003e\u003cbr /\u003e\u003cb\u003eDefinition of Done:\u003c/b\u003e\u003cbr /\u003e Passing all regression tests\u003cbr /\u003e Passing tests as acceptance criteria.\u003cbr /\u003e Approved by UI team\u003cbr /\u003e Able to show features in demo to product owner and other stakeholders.\u003c/p\u003e","release":"R3","storyOwner":"Supriya P","SprintID":7,"storyCreationDate":{"$date":"2017-06-12T20:16:06.000Z"},"storyLastUpdateDate":{"$date":"2017-08-30T18:23:13.000Z"},"projectURL":"https://rally1.rallydev.com/slm/webservice/1.29/project/72968969712","defect":null,"testcase":null,"iteration":"Iteration 3","rallyWorkspace":"Workspace 1","hasChildren":"false","backlogStr":"false","storyStatus":"In-Progress","planEstimate":2}
{"_id":{"$oid":"5a520621319003414f4ee905"},"projectName":"Taxi4U","storyID":"US28","storyName":"As a user, I want to delete my existing booking details","userStrdescription":"\u003cp\u003eAs a\u0026nbsp;user of the website\u003cbr /\u003e I Want to\u0026nbsp;navigate to 'View Booking's page\u003cbr /\u003e So that I can delete an order\u003cbr /\u003e\u003cbr /\u003e\u003cb\u003eAcceptance Criteria:\u003c/b\u003e\u003c/p\u003e\u003cp\u003e\u003cb\u003e1\u003c/b\u003e) In 'View Bookings' page, select a booking which should be deleted and click on 'Delete' art-clip\u003c/p\u003e\u003cp\u003e2)\u0026nbsp;From 'Oder Details' table, that booking should be deleted\u003cbr /\u003e\u003c/p\u003e\u003cp\u003e\u003cbr /\u003e\u003c/p\u003e\u003cp\u003e\u0026nbsp;\u003cbr /\u003e\u003cbr /\u003e\u003cb\u003eDefinition of Done:\u003c/b\u003e\u003cbr /\u003e Passing all regression tests\u003cbr /\u003e Passing tests as acceptance criteria.\u003cbr /\u003e Approved by UI team\u003cbr /\u003e Able to show features in demo to product owner and other stakeholders.\u003c/p\u003e","release":"R2","storyOwner":"Supriya P","SprintID":4,"storyCreationDate":{"$date":"2017-06-12T20:20:55.000Z"},"storyLastUpdateDate":{"$date":"2017-08-30T16:50:09.000Z"},"projectURL":"https://rally1.rallydev.com/slm/webservice/1.29/project/72968969712","defect":null,"testcase":null,"iteration":"Iteration 2","rallyWorkspace":"Workspace 1","hasChildren":"false","backlogStr":"false","storyStatus":"Completed","planEstimate":0}
{"_id":{"$oid":"5a520621319003414f4ee907"},"projectName":"Taxi4U","storyID":"US29","storyName":"Navigation between pages","userStrdescription":"\u003cp\u003eAs a user\u003c/p\u003e\u003cp\u003eI want to click on inner banner menu links\u003c/p\u003e\u003cp\u003eSo that I can navigate to different pages\u003c/p\u003e\u003cp\u003e\u003cbr /\u003e\u003c/p\u003e\u003cp\u003e\u003cb\u003eAcceptance Criteria:\u003c/b\u003e\u003c/p\u003e\u003cp\u003e1) User should be able to navigate to all the pages from any other page\u003c/p\u003e\u003cp\u003e2) On each navigation, corresponding page should be displayed\u003cbr /\u003e\u003c/p\u003e\u003cp\u003e\u0026nbsp;\u003cbr /\u003e\u003cbr /\u003e\u003cb\u003eDefinition of Done:\u003c/b\u003e\u003cbr /\u003e Passing all regression tests\u003cbr /\u003e Passing tests as acceptance criteria.\u003cbr /\u003e Approved by UI team\u003cbr /\u003e Able to show features in demo to product owner and other stakeholders.\u003c/p\u003e\u003cp\u003e\u003cbr /\u003e\u003c/p\u003e","release":"","storyOwner":"Supriya P","SprintID":1,"storyCreationDate":{"$date":"2017-06-12T20:28:01.000Z"},"storyLastUpdateDate":{"$date":"2017-08-11T22:05:21.000Z"},"projectURL":"https://rally1.rallydev.com/slm/webservice/1.29/project/72968969712","defect":null,"testcase":null,"iteration":"","rallyWorkspace":"Workspace 1","hasChildren":"false","backlogStr":"true","storyStatus":"In-Progress","planEstimate":0}
{"_id":{"$oid":"5a520621319003414f4ee909"},"projectName":"Taxi4U","storyID":"US31","storyName":"Edit existing booking details","userStrdescription":"\u003cp\u003eAs a\u0026nbsp;user of the website\u003cbr /\u003e\u003cb\u003e\u0026nbsp;\u003c/b\u003eI Want to\u0026nbsp;navigate to 'View Bookings' page\u003cbr /\u003e So that I can edit\u0026nbsp;the existing\u0026nbsp;booking details\u003cbr /\u003e\u003cbr /\u003e\u003cb\u003eAcceptance Criteria:\u003c/b\u003e\u003c/p\u003e\u003cp\u003e1) In 'View Bookings' page, select the booking which should be edited and click on 'Edit' art-clip\u003c/p\u003e\u003cp\u003e2)\u0026nbsp;Location\u0026nbsp;Information, Address Information, Price Information details should be already filled in\u003c/p\u003e\u003cp\u003e3)\u0026nbsp;After editing click 'Book Now'\u003c/p\u003e\u003cp\u003e4) According to changes, booking details in the 'View Bookings' page should be updated.\u003cbr /\u003e\u003c/p\u003e\u003cp\u003e\u003cbr /\u003e\u003c/p\u003e\u003cp\u003e\u0026nbsp;\u003cbr /\u003e\u003cbr /\u003e\u003cb\u003eDefinition of Done:\u003c/b\u003e\u003cbr /\u003e Passing all regression tests\u003cbr /\u003e Passing tests as acceptance criteria.\u003cbr /\u003e Approved by UI team\u003cbr /\u003e Able to show features in demo to product owner and other stakeholders.\u003c/p\u003e","release":"R1","storyOwner":"Supriya P","SprintID":2,"storyCreationDate":{"$date":"2017-06-15T08:29:31.000Z"},"storyLastUpdateDate":{"$date":"2017-08-30T16:51:39.000Z"},"projectURL":"https://rally1.rallydev.com/slm/webservice/1.29/project/72968969712","defect":null,"testcase":null,"iteration":"Iteration 2","rallyWorkspace":"Workspace 1","hasChildren":"false","backlogStr":"false","storyStatus":"Completed","planEstimate":0}
{"_id":{"$oid":"5a520621319003414f4ee90b"},"projectName":"Taxi4U","storyID":"US32","storyName":"As a user, I want  pick up city and  drop city should not be same","userStrdescription":"","release":"R2","storyOwner":"Supriya P","SprintID":5,"storyCreationDate":{"$date":"2017-06-15T08:38:43.000Z"},"storyLastUpdateDate":{"$date":"2017-08-30T18:23:02.000Z"},"projectURL":"https://rally1.rallydev.com/slm/webservice/1.29/project/72968969712","defect":null,"testcase":null,"iteration":"Iteration 3","rallyWorkspace":"Workspace 1","hasChildren":"false","backlogStr":"false","storyStatus":"Defined","planEstimate":2}
{"_id":{"$oid":"5a520621319003414f4ee90d"},"projectName":"Taxi4U","storyID":"US33","storyName":"As a user, I want to have a choice to change default Vehicle Type","userStrdescription":"","release":"R2","storyOwner":"Supriya P","SprintID":6,"storyCreationDate":{"$date":"2017-06-15T08:41:05.000Z"},"storyLastUpdateDate":{"$date":"2017-06-23T20:26:53.000Z"},"projectURL":"https://rally1.rallydev.com/slm/webservice/1.29/project/72968969712","defect":null,"testcase":null,"iteration":"","rallyWorkspace":"Workspace 1","hasChildren":"false","backlogStr":"true","storyStatus":"Defined","planEstimate":0}
{"_id":{"$oid":"5a520621319003414f4ee90f"},"projectName":"Taxi4U","storyID":"US34","storyName":"As a user, want to edit order details in views booking page","userStrdescription":"","release":"R1","storyOwner":"Supriya P","SprintID":2,"storyCreationDate":{"$date":"2017-06-15T10:12:46.000Z"},"storyLastUpdateDate":{"$date":"2017-08-30T16:52:30.000Z"},"projectURL":"https://rally1.rallydev.com/slm/webservice/1.29/project/72968969712","defect":null,"testcase":null,"iteration":"Iteration 1","rallyWorkspace":"Workspace 1","hasChildren":"false","backlogStr":"false","storyStatus":"In-Progress","planEstimate":1}
{"_id":{"$oid":"5a520621319003414f4ee911"},"projectName":"Taxi4U","storyID":"US35","storyName":"As a user, I want pick up date to allow future date","userStrdescription":"","release":"R3","storyOwner":"Supriya P","SprintID":8,"storyCreationDate":{"$date":"2017-06-15T10:18:50.000Z"},"storyLastUpdateDate":{"$date":"2017-08-30T18:26:42.000Z"},"projectURL":"https://rally1.rallydev.com/slm/webservice/1.29/project/72968969712","defect":null,"testcase":null,"iteration":"Iteration 2","rallyWorkspace":"Workspace 1","hasChildren":"false","backlogStr":"false","storyStatus":"Accepted","planEstimate":1}
{"_id":{"$oid":"5a520621319003414f4ee913"},"projectName":"Taxi4U","storyID":"US36","storyName":"As a user, I want deleted orders not to shown in View Bookings page","userStrdescription":"","release":"R3","storyOwner":"Supriya P","SprintID":9,"storyCreationDate":{"$date":"2017-06-15T10:27:29.000Z"},"storyLastUpdateDate":{"$date":"2017-08-30T18:22:49.000Z"},"projectURL":"https://rally1.rallydev.com/slm/webservice/1.29/project/72968969712","defect":null,"testcase":null,"iteration":"Iteration 3","rallyWorkspace":"Workspace 1","hasChildren":"false","backlogStr":"false","storyStatus":"Defined","planEstimate":2}
{"_id":{"$oid":"5a520621319003414f4ee915"},"projectName":"Taxi4U","storyID":"US37","storyName":"As a user, I want to see current day booking details in order details list","userStrdescription":"","release":"R2","storyOwner":"Supriya P","SprintID":6,"storyCreationDate":{"$date":"2017-06-15T10:30:33.000Z"},"storyLastUpdateDate":{"$date":"2017-08-30T16:51:02.000Z"},"projectURL":"https://rally1.rallydev.com/slm/webservice/1.29/project/72968969712","defect":null,"testcase":null,"iteration":"Iteration 2","rallyWorkspace":"Workspace 1","hasChildren":"false","backlogStr":"false","storyStatus":"In-Progress","planEstimate":1}
{"_id":{"$oid":"5a520621319003414f4ee917"},"projectName":"Taxi4U","storyID":"US38","storyName":"As a user, I want system to prompt me to save order changes for an order in order details page","userStrdescription":"","release":"R3","storyOwner":"Supriya P","SprintID":7,"storyCreationDate":{"$date":"2017-06-15T10:33:59.000Z"},"storyLastUpdateDate":{"$date":"2017-08-26T01:46:47.000Z"},"projectURL":"https://rally1.rallydev.com/slm/webservice/1.29/project/72968969712","defect":null,"testcase":null,"iteration":"Iteration 2","rallyWorkspace":"Workspace 1","hasChildren":"false","backlogStr":"false","storyStatus":"Defined","planEstimate":3}
{"_id":{"$oid":"5a520621319003414f4ee919"},"projectName":"Taxi4U","storyID":"US39","storyName":"As a user, I want price information to have default Rate/km details","userStrdescription":"","release":"R1","storyOwner":"Supriya P","SprintID":2,"storyCreationDate":{"$date":"2017-06-15T10:36:29.000Z"},"storyLastUpdateDate":{"$date":"2017-08-30T18:26:19.000Z"},"projectURL":"https://rally1.rallydev.com/slm/webservice/1.29/project/72968969712","defect":null,"testcase":null,"iteration":"Iteration 2","rallyWorkspace":"Workspace 1","hasChildren":"false","backlogStr":"false","storyStatus":"Accepted","planEstimate":4}
{"_id":{"$oid":"5a520621319003414f4ee91b"},"projectName":"Taxi4U","storyID":"US40","storyName":"As a user, I want see confirmation message after taxi booking is successful","userStrdescription":"","release":"R3","storyOwner":"Supriya P","SprintID":9,"storyCreationDate":{"$date":"2017-06-15T10:40:04.000Z"},"storyLastUpdateDate":{"$date":"2017-08-30T16:52:09.000Z"},"projectURL":"https://rally1.rallydev.com/slm/webservice/1.29/project/72968969712","defect":null,"testcase":null,"iteration":"Iteration 1","rallyWorkspace":"Workspace 1","hasChildren":"false","backlogStr":"false","storyStatus":"Defined","planEstimate":1}
{"_id":{"$oid":"5a520621319003414f4ee91d"},"projectName":"Taxi4U","storyID":"US79","storyName":"Taxi4u User Story-10042017","userStrdescription":"","release":"","storyOwner":"Durgesh T","storyCreationDate":{"$date":"2017-10-04T13:25:28.000Z"},"storyLastUpdateDate":{"$date":"2017-10-04T13:25:28.000Z"},"projectURL":"https://rally1.rallydev.com/slm/webservice/1.29/project/72968969712","defect":null,"testcase":null,"iteration":"","rallyWorkspace":"Workspace 1","hasChildren":"false","backlogStr":"true","storyStatus":"Defined","planEstimate":0}
